player,team,season_id,finishing_quality,chance_creation,ball_progression,one_v_one,off_ball_movement,defensive_contribution,cluster_profile,relative_finishing_quality,relative_chance_creation,relative_ball_progression,relative_one_v_one,relative_off_ball_movement,relative_defensive_contribution
Adrien Truffert,Rennes,108,7.0,7.0,5.71,7.0,7.0,7.0,Complete Forward,0.21499999999999986,0.21499999999999986,-1.0750000000000002,0.21499999999999986,0.21499999999999986,0.21499999999999986
Adrián Marín Gómez,Granada,90,7.0,7.0,5.68,7.0,7.0,7.0,Complete Forward,0.21999999999999975,0.21999999999999975,-1.1000000000000005,0.21999999999999975,0.21999999999999975,0.21999999999999975
Aitor Ruibal García,Real Betis,90,7.0,7.0,5.57,7.0,7.0,7.0,Complete Forward,0.23833333333333329,0.23833333333333329,-1.1916666666666664,0.23833333333333329,0.23833333333333329,0.23833333333333329
Alessandro Longhi,Sassuolo,27,7.0,7.0,8.17,7.0,7.0,7.0,Complete Forward,-0.19500000000000028,-0.19500000000000028,0.9749999999999996,-0.19500000000000028,-0.19500000000000028,-0.19500000000000028
Allan Romeo Nyom,Leganés,4,7.0,7.0,5.85,7.0,7.0,7.0,Complete Forward,0.19166666666666643,0.19166666666666643,-0.9583333333333339,0.19166666666666643,0.19166666666666643,0.19166666666666643
Arbër Hoxha,Albania,282,7.0,7.0,5.51,7.0,7.0,7.0,Complete Forward,0.24833333333333396,0.24833333333333396,-1.2416666666666663,0.24833333333333396,0.24833333333333396,0.24833333333333396
Ayoze Pérez Gutiérrez,Spain,282,7.0,7.0,5.71,7.0,7.0,7.0,Complete Forward,0.21499999999999986,0.21499999999999986,-1.0750000000000002,0.21499999999999986,0.21499999999999986,0.21499999999999986
Darko Brašanac,Deportivo Alavés,4,7.0,7.0,5.76,7.0,7.0,7.0,Complete Forward,0.206666666666667,0.206666666666667,-1.0333333333333332,0.206666666666667,0.206666666666667,0.206666666666667
Davide Brivio,Atalanta,27,7.0,7.0,7.03,7.0,7.0,7.0,Complete Forward,-0.004999999999999893,-0.004999999999999893,0.025000000000000355,-0.004999999999999893,-0.004999999999999893,-0.004999999999999893
Eden Hazard,Belgium,106,7.0,7.0,5.94,7.0,7.0,7.0,Complete Forward,0.17666666666666675,0.17666666666666675,-0.8833333333333329,0.17666666666666675,0.17666666666666675,0.17666666666666675
Federico Vico Villegas,Granada,90,7.0,7.0,10.0,7.0,7.0,7.0,Complete Forward,-0.5,-0.5,2.5,-0.5,-0.5,-0.5
Gaël Kakuta,Lens,108,7.0,7.0,5.9,7.0,7.0,7.0,Complete Forward,0.18333333333333357,0.18333333333333357,-0.9166666666666661,0.18333333333333357,0.18333333333333357,0.18333333333333357
Gaëtan Perrin,Auxerre,235,7.0,7.0,5.71,7.0,7.0,7.0,Complete Forward,0.21499999999999986,0.21499999999999986,-1.0750000000000002,0.21499999999999986,0.21499999999999986,0.21499999999999986
Gerard Gumbau Garriga,Leganés,4,7.0,7.0,6.4,7.0,7.0,7.0,Complete Forward,0.10000000000000053,0.10000000000000053,-0.4999999999999991,0.10000000000000053,0.10000000000000053,0.10000000000000053
Hattan Babhir,Saudi Arabia,106,7.0,7.0,5.7,7.0,7.0,7.0,Complete Forward,0.2166666666666659,0.2166666666666659,-1.083333333333334,0.2166666666666659,0.2166666666666659,0.2166666666666659
Hee-Chan Hwang,South Korea,106,7.0,7.0,6.3,7.0,7.0,7.0,Complete Forward,0.11666666666666714,0.11666666666666714,-0.583333333333333,0.11666666666666714,0.11666666666666714,0.11666666666666714
Irvin Cardona,Stade Brestois,235,7.0,7.0,7.43,7.0,7.0,7.0,Complete Forward,-0.07166666666666632,-0.07166666666666632,0.3583333333333334,-0.07166666666666632,-0.07166666666666632,-0.07166666666666632
Ivane Chegra,AC Ajaccio,235,7.0,7.0,6.94,7.0,7.0,7.0,Complete Forward,0.010000000000000675,0.010000000000000675,-0.049999999999998934,0.010000000000000675,0.010000000000000675,0.010000000000000675
Jeremy Leonel Sarmiento Morante,Ecuador,106,7.0,7.0,6.19,7.0,7.0,7.0,Complete Forward,0.13500000000000068,0.13500000000000068,-0.6749999999999989,0.13500000000000068,0.13500000000000068,0.13500000000000068
Jonathan de Guzmán,Carpi,27,7.0,7.0,5.57,7.0,7.0,7.0,Complete Forward,0.23833333333333329,0.23833333333333329,-1.1916666666666664,0.23833333333333329,0.23833333333333329,0.23833333333333329
Karim Laribi,Sassuolo,27,7.0,7.0,6.17,7.0,7.0,7.0,Complete Forward,0.13833333333333275,0.13833333333333275,-0.6916666666666673,0.13833333333333275,0.13833333333333275,0.13833333333333275
Lorenz Assignon,Rennes,235,7.0,7.0,7.53,7.0,7.0,7.0,Complete Forward,-0.08833333333333382,-0.08833333333333382,0.44166666666666643,-0.08833333333333382,-0.08833333333333382,-0.08833333333333382
Martin Baturina,Croatia,282,7.0,7.0,5.72,7.0,7.0,7.0,Complete Forward,0.21333333333333382,0.21333333333333382,-1.0666666666666664,0.21333333333333382,0.21333333333333382,0.21333333333333382
Matteo Mancosu,Bologna,27,7.0,7.0,5.55,7.0,7.0,7.0,Complete Forward,0.24166666666666714,0.24166666666666714,-1.208333333333333,0.24166666666666714,0.24166666666666714,0.24166666666666714
Mohamed Zeki Amdouni,Switzerland,282,7.0,7.0,6.81,7.0,7.0,7.0,Complete Forward,0.03166666666666629,0.03166666666666629,-0.1583333333333341,0.03166666666666629,0.03166666666666629,0.03166666666666629
Panagiotis Tachtsidis,Genoa,27,7.0,7.0,5.72,7.0,7.0,7.0,Complete Forward,0.21333333333333382,0.21333333333333382,-1.0666666666666664,0.21333333333333382,0.21333333333333382,0.21333333333333382
Patrick Twumasi,Deportivo Alavés,4,7.0,7.0,5.53,7.0,7.0,7.0,Complete Forward,0.2450000000000001,0.2450000000000001,-1.2249999999999996,0.2450000000000001,0.2450000000000001,0.2450000000000001
Ray Parlour,Arsenal,44,7.0,7.0,5.55,7.0,7.0,7.0,Complete Forward,0.24166666666666714,0.24166666666666714,-1.208333333333333,0.24166666666666714,0.24166666666666714,0.24166666666666714
Selim Amallah,Morocco,106,7.0,7.0,5.86,7.0,7.0,7.0,Complete Forward,0.1900000000000004,0.1900000000000004,-0.9499999999999993,0.1900000000000004,0.1900000000000004,0.1900000000000004
Silas Katompa Mvumpa,VfB Stuttgart,281,7.0,7.0,5.79,7.0,7.0,7.0,Complete Forward,0.2016666666666671,0.2016666666666671,-1.0083333333333329,0.2016666666666671,0.2016666666666671,0.2016666666666671
Silvan Widmer,Udinese,27,7.0,7.0,5.56,7.0,7.0,7.0,Complete Forward,0.23999999999999932,0.23999999999999932,-1.200000000000001,0.23999999999999932,0.23999999999999932,0.23999999999999932
Takehiro Tomiyasu,Japan,106,7.0,7.0,6.38,7.0,7.0,7.0,Complete Forward,0.10333333333333439,0.10333333333333439,-0.5166666666666657,0.10333333333333439,0.10333333333333439,0.10333333333333439
Tim Matavž,Genoa,27,7.0,7.0,5.77,7.0,7.0,7.0,Complete Forward,0.20500000000000096,0.20500000000000096,-1.0249999999999995,0.20500000000000096,0.20500000000000096,0.20500000000000096
Wallace Oliveira dos Santos,Carpi,27,7.0,7.0,5.7,7.0,7.0,7.0,Complete Forward,0.2166666666666659,0.2166666666666659,-1.083333333333334,0.2166666666666659,0.2166666666666659,0.2166666666666659
Willem Geubbels,Nantes,108,7.0,7.0,5.62,7.0,7.0,7.0,Complete Forward,0.22999999999999954,0.22999999999999954,-1.1500000000000004,0.22999999999999954,0.22999999999999954,0.22999999999999954
William Vainqueur,AS Roma,27,7.0,7.0,5.58,7.0,7.0,7.0,Complete Forward,0.23666666666666725,0.23666666666666725,-1.1833333333333327,0.23666666666666725,0.23666666666666725,0.23666666666666725
Aaron Mattia Tabacchi,Bologna,27,7.0,7.0,5.19,7.0,7.0,7.0,Inverted Winger,0.30166666666666675,0.30166666666666675,-1.5083333333333329,0.30166666666666675,0.30166666666666675,0.30166666666666675
Abdessamad Ezzalzouli,Morocco,106,7.0,7.0,5.3,7.0,7.0,8.3,Inverted Winger,0.06666666666666732,0.06666666666666732,-1.6333333333333329,0.06666666666666732,0.06666666666666732,1.366666666666668
Abdul Fatawu Issahaku,Ghana,106,7.0,7.0,4.0,7.0,7.0,7.0,Inverted Winger,0.5,0.5,-2.5,0.5,0.5,0.5
Abdulrahman Al-Obood,Saudi Arabia,106,7.0,7.0,4.58,7.0,7.0,7.0,Inverted Winger,0.4033333333333333,0.4033333333333333,-2.0166666666666666,0.4033333333333333,0.4033333333333333,0.4033333333333333
Abel Ruiz Ortega,Barcelona,4,7.0,7.0,5.05,7.0,7.0,7.0,Inverted Winger,0.3250000000000002,0.3250000000000002,-1.625,0.3250000000000002,0.3250000000000002,0.3250000000000002
Ajdin Hrustic,Australia,106,7.0,7.0,4.0,7.0,7.0,7.0,Inverted Winger,0.5,0.5,-2.5,0.5,0.5,0.5
Alan Virginius,Lille,235,7.0,7.0,5.23,7.0,7.0,7.0,Inverted Winger,0.29499999999999904,0.29499999999999904,-1.4750000000000005,0.29499999999999904,0.29499999999999904,0.29499999999999904
Alberth Josué Elis Martínez,Bordeaux,108,7.0,7.0,5.41,7.0,7.0,8.02,Inverted Winger,0.09500000000000153,0.09500000000000153,-1.4949999999999983,0.09500000000000153,0.09500000000000153,1.115000000000001
Alberto Soro Álvarez,Granada,90,7.0,7.0,4.56,7.0,7.0,7.0,Inverted Winger,0.4066666666666663,0.4066666666666663,-2.033333333333334,0.4066666666666663,0.4066666666666663,0.4066666666666663
Alejandro Baena Rodríguez,Spain,282,7.0,7.0,4.63,7.0,7.0,7.0,Inverted Winger,0.39500000000000046,0.39500000000000046,-1.9749999999999996,0.39500000000000046,0.39500000000000046,0.39500000000000046
Alessandro Matri,Lazio,27,7.0,7.0,4.94,7.0,7.0,7.0,Inverted Winger,0.3433333333333337,0.3433333333333337,-1.716666666666666,0.3433333333333337,0.3433333333333337,0.3433333333333337
Alessandro Piu,Empoli,27,7.0,7.0,4.98,7.0,7.0,7.0,Inverted Winger,0.336666666666666,0.336666666666666,-1.6833333333333336,0.336666666666666,0.336666666666666,0.336666666666666
Alireza Jahanbakhsh,Iran,106,7.0,7.0,4.96,7.0,7.0,7.0,Inverted Winger,0.33999999999999986,0.33999999999999986,-1.7000000000000002,0.33999999999999986,0.33999999999999986,0.33999999999999986
Alvaro José Zamora Mata,Costa Rica,106,7.0,7.0,4.63,7.0,7.0,7.0,Inverted Winger,0.39500000000000046,0.39500000000000046,-1.9749999999999996,0.39500000000000046,0.39500000000000046,0.39500000000000046
Amin Sarr,Wolfsburg,281,7.0,7.0,4.94,7.0,7.0,7.0,Inverted Winger,0.3433333333333337,0.3433333333333337,-1.716666666666666,0.3433333333333337,0.3433333333333337,0.3433333333333337
Anass Zaroury,Morocco,106,7.0,7.0,4.84,7.0,7.0,7.0,Inverted Winger,0.35999999999999943,0.35999999999999943,-1.8000000000000007,0.35999999999999943,0.35999999999999943,0.35999999999999943
Ander Capa Rodríguez,Athletic Club,42,7.0,7.0,4.5,7.0,7.0,7.0,Inverted Winger,0.41666666666666696,0.41666666666666696,-2.083333333333333,0.41666666666666696,0.41666666666666696,0.41666666666666696
Ander Herrera Agüera,Paris Saint-Germain,108,7.0,7.0,4.55,7.0,7.0,7.0,Inverted Winger,0.4083333333333341,0.4083333333333341,-2.041666666666666,0.4083333333333341,0.4083333333333341,0.4083333333333341
Andrea Conti,Atalanta,27,7.0,7.0,4.46,7.0,7.0,7.0,Inverted Winger,0.4233333333333329,0.4233333333333329,-2.116666666666667,0.4233333333333329,0.4233333333333329,0.4233333333333329
Andreas Weimann,Austria,282,7.0,7.0,4.0,7.0,7.0,7.0,Inverted Winger,0.5,0.5,-2.5,0.5,0.5,0.5
Anthony Daniel Contreras Enríquez,Costa Rica,106,7.0,7.0,4.44,7.0,7.0,7.0,Inverted Winger,0.42666666666666675,0.42666666666666675,-2.133333333333333,0.42666666666666675,0.42666666666666675,0.42666666666666675
Anthony Gordon,England,282,7.0,7.0,5.39,7.0,7.0,7.0,Inverted Winger,0.26833333333333353,0.26833333333333353,-1.3416666666666668,0.26833333333333353,0.26833333333333353,0.26833333333333353
Anwar El Ghazi,FSV Mainz 05,281,7.0,7.0,4.84,7.0,7.0,7.0,Inverted Winger,0.35999999999999943,0.35999999999999943,-1.8000000000000007,0.35999999999999943,0.35999999999999943,0.35999999999999943
Arnaud Nordin,Saint-Étienne,108,7.0,7.0,4.84,7.0,7.0,8.22,Inverted Winger,0.1566666666666663,0.1566666666666663,-2.003333333333334,0.1566666666666663,0.1566666666666663,1.376666666666667
Boulaye Dia,Senegal,106,7.0,5.94,4.55,7.0,7.0,7.0,Inverted Winger,0.585,-0.47499999999999964,-1.8650000000000002,0.585,0.585,0.585
Brenden Aaronson,United States,106,7.0,7.0,5.02,7.0,7.0,7.28,Inverted Winger,0.2833333333333341,0.2833333333333341,-1.6966666666666663,0.2833333333333341,0.2833333333333341,0.5633333333333344
Brennan Johnson,Wales,106,7.0,7.0,4.94,7.0,7.0,7.0,Inverted Winger,0.3433333333333337,0.3433333333333337,-1.716666666666666,0.3433333333333337,0.3433333333333337,0.3433333333333337
Brian Brobbey,Netherlands,282,7.0,7.0,4.0,7.0,7.0,7.0,Inverted Winger,0.5,0.5,-2.5,0.5,0.5,0.5
Bryan Ruiz González,Costa Rica,106,7.0,7.0,5.1,7.0,7.0,7.0,Inverted Winger,0.31666666666666643,0.31666666666666643,-1.583333333333334,0.31666666666666643,0.31666666666666643,0.31666666666666643
Carles Aleña Castillo,Barcelona,4,7.0,7.0,5.04,7.0,7.0,7.0,Inverted Winger,0.3266666666666671,0.3266666666666671,-1.6333333333333329,0.3266666666666671,0.3266666666666671,0.3266666666666671
Carlos Uriel Antuna Romero,Mexico,106,7.0,7.0,4.84,7.0,7.0,7.0,Inverted Winger,0.35999999999999943,0.35999999999999943,-1.8000000000000007,0.35999999999999943,0.35999999999999943,0.35999999999999943
Charles De Ketelaere,Belgium,106,7.0,7.0,4.85,7.0,7.0,7.0,Inverted Winger,0.3583333333333334,0.3583333333333334,-1.791666666666667,0.3583333333333334,0.3583333333333334,0.3583333333333334
Cheikh Ahmadou Bamba Mbacke Dieng,Senegal,106,7.0,7.0,4.15,7.0,7.0,7.0,Inverted Winger,0.47500000000000053,0.47500000000000053,-2.374999999999999,0.47500000000000053,0.47500000000000053,0.47500000000000053
Chris Führich,Germany,282,7.0,7.0,4.97,7.0,7.0,7.0,Inverted Winger,0.3383333333333338,0.3383333333333338,-1.6916666666666664,0.3383333333333338,0.3383333333333338,0.3383333333333338
Christian Fassnacht,Switzerland,106,7.0,7.0,5.27,7.0,7.0,7.0,Inverted Winger,0.288333333333334,0.288333333333334,-1.4416666666666664,0.288333333333334,0.288333333333334,0.288333333333334
Christian Maggio,Napoli,27,7.0,7.0,4.92,7.0,7.0,7.0,Inverted Winger,0.3466666666666667,0.3466666666666667,-1.7333333333333334,0.3466666666666667,0.3466666666666667,0.3466666666666667
Christian Mougang Bassogog,Cameroon,106,7.0,7.0,5.07,7.0,7.0,7.0,Inverted Winger,0.3216666666666663,0.3216666666666663,-1.6083333333333334,0.3216666666666663,0.3216666666666663,0.3216666666666663
Cristian Raimondi,Atalanta,27,7.0,7.0,5.09,7.0,7.0,7.0,Inverted Winger,0.31833333333333247,0.31833333333333247,-1.5916666666666677,0.31833333333333247,0.31833333333333247,0.31833333333333247
Dan Ndoye,Switzerland,282,7.0,7.0,4.51,7.0,7.0,7.8,Inverted Winger,0.2816666666666672,0.2816666666666672,-2.208333333333333,0.2816666666666672,0.2816666666666672,1.081666666666667
Daniele Verde,Frosinone,27,7.0,7.0,4.56,7.0,7.0,7.0,Inverted Winger,0.4066666666666663,0.4066666666666663,-2.033333333333334,0.4066666666666663,0.4066666666666663,0.4066666666666663
Davide Biondini,Sassuolo,27,7.0,7.0,4.49,7.0,7.0,7.0,Inverted Winger,0.418333333333333,0.418333333333333,-2.091666666666667,0.418333333333333,0.418333333333333,0.418333333333333
Denis Thomalla,FC Heidenheim,281,7.0,7.0,4.69,7.0,7.0,7.0,Inverted Winger,0.3850000000000007,0.3850000000000007,-1.924999999999999,0.3850000000000007,0.3850000000000007,0.3850000000000007
Diego Alejandro Rolan Silva,Deportivo Alavés,4,7.0,7.0,5.59,7.0,7.0,7.86,Inverted Winger,0.0916666666666659,0.0916666666666659,-1.3183333333333342,0.0916666666666659,0.0916666666666659,0.9516666666666662
Diego Falcinelli,Sassuolo,27,7.0,7.0,4.86,7.0,7.0,7.0,Inverted Winger,0.35666666666666647,0.35666666666666647,-1.7833333333333332,0.35666666666666647,0.35666666666666647,0.35666666666666647
Djeidi Gassama,Paris Saint-Germain,108,7.0,7.0,4.0,7.0,7.0,7.0,Inverted Winger,0.5,0.5,-2.5,0.5,0.5,0.5
Dávid Ďuriš,Slovakia,282,7.0,7.0,4.85,7.0,7.0,7.0,Inverted Winger,0.3583333333333334,0.3583333333333334,-1.791666666666667,0.3583333333333334,0.3583333333333334,0.3583333333333334
Eberechi Eze,England,282,7.0,7.0,5.36,7.0,7.0,7.0,Inverted Winger,0.27333333333333343,0.27333333333333343,-1.3666666666666663,0.27333333333333343,0.27333333333333343,0.27333333333333343
Edenílson Andrade dos Santos,Udinese,27,7.0,7.0,4.61,7.0,7.0,7.0,Inverted Winger,0.39833333333333343,0.39833333333333343,-1.9916666666666663,0.39833333333333343,0.39833333333333343,0.39833333333333343
Edimilson Fernandes,Switzerland,106,7.0,5.73,4.61,7.0,7.0,7.0,Inverted Winger,0.6099999999999994,-0.6600000000000001,-1.7800000000000002,0.6099999999999994,0.6099999999999994,0.6099999999999994
Enner Remberto Valencia Lastra,Ecuador,106,7.0,7.0,4.69,7.0,7.0,7.0,Inverted Winger,0.3850000000000007,0.3850000000000007,-1.924999999999999,0.3850000000000007,0.3850000000000007,0.3850000000000007
Eren Sami Dinkçi,FC Heidenheim,281,7.0,7.0,5.08,7.0,7.0,7.84,Inverted Winger,0.17999999999999972,0.17999999999999972,-1.7400000000000002,0.17999999999999972,0.17999999999999972,1.0199999999999996
Ernest Muçi,Albania,282,7.0,7.0,4.53,7.0,7.0,7.0,Inverted Winger,0.4116666666666662,0.4116666666666662,-2.0583333333333336,0.4116666666666662,0.4116666666666662,0.4116666666666662
Federico Bonazzoli,Sampdoria,27,7.0,7.0,5.16,7.0,7.0,7.0,Inverted Winger,0.30666666666666753,0.30666666666666753,-1.5333333333333323,0.30666666666666753,0.30666666666666753,0.30666666666666753
Fermin Lopez Marin,Spain,282,7.0,7.0,5.15,7.0,7.0,7.0,Inverted Winger,0.30833333333333357,0.30833333333333357,-1.541666666666666,0.30833333333333357,0.30833333333333357,0.30833333333333357
Francis Jeffers,Everton,44,7.0,7.0,4.43,7.0,7.0,7.0,Inverted Winger,0.4283333333333337,0.4283333333333337,-2.1416666666666666,0.4283333333333337,0.4283333333333337,0.4283333333333337
Gabriel Gudmundsson,Lille,235,7.0,7.0,4.91,7.0,7.0,7.0,Inverted Winger,0.3483333333333336,0.3483333333333336,-1.7416666666666663,0.3483333333333336,0.3483333333333336,0.3483333333333336
Gaëtan Charbonnier,Auxerre,235,7.0,7.0,4.98,7.0,7.0,7.0,Inverted Winger,0.336666666666666,0.336666666666666,-1.6833333333333336,0.336666666666666,0.336666666666666,0.336666666666666
Georges-Kévin Nkoudou Mbida,Cameroon,106,7.0,7.0,4.98,7.0,7.0,7.0,Inverted Winger,0.336666666666666,0.336666666666666,-1.6833333333333336,0.336666666666666,0.336666666666666,0.336666666666666
Georginio Wijnaldum,Paris Saint-Germain,108,7.0,7.0,4.28,7.0,7.0,7.0,Inverted Winger,0.45333333333333314,0.45333333333333314,-2.2666666666666666,0.45333333333333314,0.45333333333333314,0.45333333333333314
Giampaolo Pazzini,Hellas Verona,27,7.0,7.0,5.2,7.0,7.0,7.0,Inverted Winger,0.2999999999999998,0.2999999999999998,-1.5,0.2999999999999998,0.2999999999999998,0.2999999999999998
Giuseppe Pezzella,Palermo,27,7.0,7.0,4.81,7.0,7.0,7.0,Inverted Winger,0.3649999999999993,0.3649999999999993,-1.825000000000001,0.3649999999999993,0.3649999999999993,0.3649999999999993
Hannibal Mejbri,Tunisia,106,7.0,7.0,4.0,7.0,7.0,7.0,Inverted Winger,0.5,0.5,-2.5,0.5,0.5,0.5
Harry Wilson,Wales,106,7.0,7.0,4.34,7.0,7.0,7.0,Inverted Winger,0.44333333333333247,0.44333333333333247,-2.2166666666666677,0.44333333333333247,0.44333333333333247,0.44333333333333247
Houssem Aouar,Lyon,108,7.0,7.0,4.88,7.0,7.0,7.0,Inverted Winger,0.3533333333333344,0.3533333333333344,-1.7666666666666657,0.3533333333333344,0.3533333333333344,0.3533333333333344
Héctor Junior Firpo Adames,Barcelona,42,7.0,7.0,4.66,7.0,7.0,7.0,Inverted Winger,0.39000000000000057,0.39000000000000057,-1.9499999999999993,0.39000000000000057,0.39000000000000057,0.39000000000000057
Ianis Hagi,Romania,282,7.0,7.0,4.66,7.0,7.0,7.0,Inverted Winger,0.39000000000000057,0.39000000000000057,-1.9499999999999993,0.39000000000000057,0.39000000000000057,0.39000000000000057
Ibrahim Salah,Rennes,235,7.0,7.0,5.07,7.0,7.0,7.0,Inverted Winger,0.3216666666666663,0.3216666666666663,-1.6083333333333334,0.3216666666666663,0.3216666666666663,0.3216666666666663
Ibrahima Mbaye,Bologna,27,7.0,7.0,5.42,7.0,7.0,7.0,Inverted Winger,0.26333333333333275,0.26333333333333275,-1.3166666666666673,0.26333333333333275,0.26333333333333275,0.26333333333333275
Iker Muniain Goñi,Athletic Club,42,7.0,7.0,5.11,7.0,7.0,7.0,Inverted Winger,0.3150000000000004,0.3150000000000004,-1.5749999999999993,0.3150000000000004,0.3150000000000004,0.3150000000000004
Ismaël Gharbi,Paris Saint-Germain,108,7.0,7.0,4.66,7.0,7.0,7.0,Inverted Winger,0.39000000000000057,0.39000000000000057,-1.9499999999999993,0.39000000000000057,0.39000000000000057,0.39000000000000057
Iñaki Williams Arthuer,Ghana,106,7.0,7.0,4.69,7.0,7.0,7.0,Inverted Winger,0.3850000000000007,0.3850000000000007,-1.924999999999999,0.3850000000000007,0.3850000000000007,0.3850000000000007
Iñigo Córdoba Kerejeta,Athletic Club,42,7.0,7.0,5.24,7.0,7.0,7.82,Inverted Winger,0.1566666666666663,0.1566666666666663,-1.6033333333333335,0.1566666666666663,0.1566666666666663,0.9766666666666666
Jack Grealish,England,106,7.0,5.65,4.66,7.0,7.0,7.0,Inverted Winger,0.6149999999999993,-0.7350000000000003,-1.7250000000000005,0.6149999999999993,0.6149999999999993,0.6149999999999993
Jacob Bruun Larsen,Denmark,282,7.0,7.0,5.07,7.0,7.0,7.0,Inverted Winger,0.3216666666666663,0.3216666666666663,-1.6083333333333334,0.3216666666666663,0.3216666666666663,0.3216666666666663
James Beattie,Southampton,44,7.0,7.0,4.46,7.0,7.0,7.0,Inverted Winger,0.4233333333333329,0.4233333333333329,-2.116666666666667,0.4233333333333329,0.4233333333333329,0.4233333333333329
Jamie Jermaine Bynoe-Gittens,Borussia Dortmund,281,7.0,7.0,5.38,7.0,7.0,7.43,Inverted Winger,0.19833333333333414,0.19833333333333414,-1.421666666666666,0.19833333333333414,0.19833333333333414,0.6283333333333339
Jarrod Bowen,England,282,7.0,7.0,4.82,7.0,7.0,7.0,Inverted Winger,0.3633333333333333,0.3633333333333333,-1.8166666666666664,0.3633333333333333,0.3633333333333333,0.3633333333333333
Javairô Dilrosun,Bordeaux,108,7.0,7.0,5.23,7.0,7.0,7.0,Inverted Winger,0.29499999999999904,0.29499999999999904,-1.4750000000000005,0.29499999999999904,0.29499999999999904,0.29499999999999904
Javier Eraso Goñi,Leganés,42,7.0,7.0,4.8,7.0,7.0,8.05,Inverted Winger,0.19166666666666732,0.19166666666666732,-2.008333333333333,0.19166666666666732,0.19166666666666732,1.241666666666668
Jens Petter Hauge,Eintracht Frankfurt,281,7.0,7.0,5.08,7.0,7.0,7.0,Inverted Winger,0.3200000000000003,0.3200000000000003,-1.5999999999999996,0.3200000000000003,0.3200000000000003,0.3200000000000003
Jerry Uche Mbakogu,Carpi,27,7.0,7.0,5.11,7.0,7.0,7.0,Inverted Winger,0.3150000000000004,0.3150000000000004,-1.5749999999999993,0.3150000000000004,0.3150000000000004,0.3150000000000004
Jewison Bennette,Costa Rica,106,7.0,7.0,5.06,7.0,7.0,7.63,Inverted Winger,0.21833333333333282,0.21833333333333282,-1.7216666666666676,0.21833333333333282,0.21833333333333282,0.8483333333333327
Johan Alberto Venegas Ulloa,Costa Rica,106,7.0,7.0,4.69,7.0,7.0,7.4,Inverted Winger,0.31833333333333425,0.31833333333333425,-1.9916666666666654,0.31833333333333425,0.31833333333333425,0.7183333333333346
John Guidetti,Deportivo Alavés,4,7.0,7.0,4.65,7.0,7.0,7.0,Inverted Winger,0.3916666666666666,0.3916666666666666,-1.958333333333333,0.3916666666666666,0.3916666666666666,0.3916666666666666
John McGinn,Scotland,282,7.0,7.0,5.05,7.0,7.0,7.0,Inverted Winger,0.3250000000000002,0.3250000000000002,-1.625,0.3250000000000002,0.3250000000000002,0.3250000000000002
Jon Bautista Orgilles,Real Sociedad,90,7.0,7.0,4.24,7.0,7.0,7.0,Inverted Winger,0.45999999999999996,0.45999999999999996,-2.3,0.45999999999999996,0.45999999999999996,0.45999999999999996
Jordan Morris,United States,106,7.0,7.0,4.73,7.0,7.0,7.0,Inverted Winger,0.37833333333333297,0.37833333333333297,-1.8916666666666666,0.37833333333333297,0.37833333333333297,0.37833333333333297
Josef Alexander Martínez Mencia,Torino,27,7.0,7.0,4.65,7.0,7.0,7.0,Inverted Winger,0.3916666666666666,0.3916666666666666,-1.958333333333333,0.3916666666666666,0.3916666666666666,0.3916666666666666
José Antonio Morente Oliva,Elche,90,7.0,7.0,4.72,7.0,7.0,7.0,Inverted Winger,0.3799999999999999,0.3799999999999999,-1.9000000000000004,0.3799999999999999,0.3799999999999999,0.3799999999999999
Juan Francisco Martínez Modesto,Elche,90,7.0,7.0,4.15,7.0,7.0,7.0,Inverted Winger,0.47500000000000053,0.47500000000000053,-2.374999999999999,0.47500000000000053,0.47500000000000053,0.47500000000000053
Juan Manuel Iturbe Arévalo,AS Roma,27,7.0,6.4,5.3,7.0,7.0,7.0,Inverted Winger,0.38333333333333286,-0.21666666666666679,-1.3166666666666673,0.38333333333333286,0.38333333333333286,0.38333333333333286
Julien Duranville,Borussia Dortmund,281,7.0,7.0,5.03,7.0,7.0,7.0,Inverted Winger,0.32833333333333314,0.32833333333333314,-1.6416666666666666,0.32833333333333314,0.32833333333333314,0.32833333333333314
Jérémie Aliadière,Arsenal,44,7.0,7.0,4.16,7.0,7.0,7.0,Inverted Winger,0.4733333333333336,0.4733333333333336,-2.3666666666666663,0.4733333333333336,0.4733333333333336,0.4733333333333336
Kamil Grosicki,Poland,106,7.0,7.0,5.01,7.0,7.0,7.0,Inverted Winger,0.331666666666667,0.331666666666667,-1.6583333333333332,0.331666666666667,0.331666666666667,0.331666666666667
Kang-In Lee,South Korea,106,7.0,7.0,5.15,7.0,7.0,7.0,Inverted Winger,0.30833333333333357,0.30833333333333357,-1.541666666666666,0.30833333333333357,0.30833333333333357,0.30833333333333357
Karim-David Adeyemi,Borussia Dortmund,281,7.0,7.0,5.34,7.0,7.0,7.0,Inverted Winger,0.2766666666666664,0.2766666666666664,-1.3833333333333337,0.2766666666666664,0.2766666666666664,0.2766666666666664
Kasper Dolberg,Denmark,106,7.0,7.0,4.4,7.0,7.0,7.0,Inverted Winger,0.43333333333333357,0.43333333333333357,-2.166666666666666,0.43333333333333357,0.43333333333333357,0.43333333333333357
Keanu Baccus,Australia,106,7.0,7.0,5.52,7.0,7.0,7.69,Inverted Winger,0.1316666666666677,0.1316666666666677,-1.3483333333333327,0.1316666666666677,0.1316666666666677,0.8216666666666681
Kevin Campbell,Everton,44,7.0,7.0,4.95,7.0,7.0,7.0,Inverted Winger,0.3416666666666659,0.3416666666666659,-1.708333333333334,0.3416666666666659,0.3416666666666659,0.3416666666666659
Kevin Sessa,FC Heidenheim,281,7.0,7.0,4.47,7.0,7.0,7.0,Inverted Winger,0.42166666666666686,0.42166666666666686,-2.1083333333333334,0.42166666666666686,0.42166666666666686,0.42166666666666686
Kevin-Prince Boateng,AC Milan,27,7.0,7.0,4.88,7.0,7.0,7.0,Inverted Winger,0.3533333333333344,0.3533333333333344,-1.7666666666666657,0.3533333333333344,0.3533333333333344,0.3533333333333344
Kingsley Coman,France,106,7.0,5.64,4.55,7.0,7.0,7.0,Inverted Winger,0.6350000000000007,-0.7249999999999996,-1.8149999999999995,0.6350000000000007,0.6350000000000007,0.6350000000000007
Konrad De La Fuente,Marseille,108,7.0,7.0,5.09,7.0,7.0,7.0,Inverted Winger,0.31833333333333247,0.31833333333333247,-1.5916666666666677,0.31833333333333247,0.31833333333333247,0.31833333333333247
Kévin Constant,Bologna,27,7.0,7.0,5.06,7.0,7.0,7.0,Inverted Winger,0.32333333333333325,0.32333333333333325,-1.6166666666666671,0.32333333333333325,0.32333333333333325,0.32333333333333325
Lautaro Javier Martínez,Argentina,106,7.0,7.0,4.4,7.0,7.0,7.0,Inverted Winger,0.43333333333333357,0.43333333333333357,-2.166666666666666,0.43333333333333357,0.43333333333333357,0.43333333333333357
Lazar Samardžić,Serbia,282,7.0,7.0,4.89,7.0,7.0,7.0,Inverted Winger,0.35166666666666657,0.35166666666666657,-1.7583333333333337,0.35166666666666657,0.35166666666666657,0.35166666666666657
Leo Sauer,Slovakia,282,7.0,7.0,4.43,7.0,7.0,7.0,Inverted Winger,0.4283333333333337,0.4283333333333337,-2.1416666666666666,0.4283333333333337,0.4283333333333337,0.4283333333333337
Lorenzo Di Livio,AS Roma,27,7.0,7.0,4.33,7.0,7.0,7.0,Inverted Winger,0.4450000000000003,0.4450000000000003,-2.2249999999999996,0.4450000000000003,0.4450000000000003,0.4450000000000003
Lucas Da Cunha,Clermont Foot,108,7.0,7.0,4.77,7.0,7.0,7.0,Inverted Winger,0.37166666666666703,0.37166666666666703,-1.8583333333333334,0.37166666666666703,0.37166666666666703,0.37166666666666703
Luis Alberto Suárez Díaz,Barcelona,42,7.0,7.0,4.28,7.0,7.0,7.0,Inverted Winger,0.45333333333333314,0.45333333333333314,-2.2666666666666666,0.45333333333333314,0.45333333333333314,0.45333333333333314
Luis Javier Suárez Charris,Granada,90,7.0,7.0,5.7,7.0,7.0,8.06,Inverted Winger,0.03999999999999915,0.03999999999999915,-1.2600000000000007,0.03999999999999915,0.03999999999999915,1.0999999999999996
Luka Jović,Serbia,282,7.0,7.0,4.36,7.0,7.0,7.0,Inverted Winger,0.4400000000000004,0.4400000000000004,-2.1999999999999993,0.4400000000000004,0.4400000000000004,0.4400000000000004
Manolo Gabbiadini,Napoli,27,7.0,7.0,4.62,7.0,7.0,7.0,Inverted Winger,0.3966666666666656,0.3966666666666656,-1.9833333333333343,0.3966666666666656,0.3966666666666656,0.3966666666666656
Manuel Agudo Durán,Sevilla,42,7.0,7.0,5.06,7.0,7.0,7.0,Inverted Winger,0.32333333333333325,0.32333333333333325,-1.6166666666666671,0.32333333333333325,0.32333333333333325,0.32333333333333325
Manuel Pasqual,Fiorentina,27,7.0,7.0,4.0,7.0,7.0,7.0,Inverted Winger,0.5,0.5,-2.5,0.5,0.5,0.5
Marcello Gazzola,Sassuolo,27,7.0,7.0,4.0,7.0,7.0,7.0,Inverted Winger,0.5,0.5,-2.5,0.5,0.5,0.5
Marcello Trotta,Sassuolo,27,7.0,7.0,5.26,7.0,7.0,7.0,Inverted Winger,0.29000000000000004,0.29000000000000004,-1.4500000000000002,0.29000000000000004,0.29000000000000004,0.29000000000000004
Marcelo Alejandro Estigarribia Balmori,Atalanta,27,7.0,7.0,4.42,7.0,7.0,7.0,Inverted Winger,0.4299999999999997,0.4299999999999997,-2.1500000000000004,0.4299999999999997,0.4299999999999997,0.4299999999999997
Mario Barwuah Balotelli,AC Milan,27,7.0,7.0,5.34,7.0,7.0,7.0,Inverted Winger,0.2766666666666664,0.2766666666666664,-1.3833333333333337,0.2766666666666664,0.2766666666666664,0.2766666666666664
Marko Livaja,Empoli,27,7.0,7.0,4.59,7.0,7.0,7.0,Inverted Winger,0.4016666666666664,0.4016666666666664,-2.0083333333333337,0.4016666666666664,0.4016666666666664,0.4016666666666664
Martin Keown,Arsenal,44,7.0,7.0,4.61,7.0,7.0,7.0,Inverted Winger,0.39833333333333343,0.39833333333333343,-1.9916666666666663,0.39833333333333343,0.39833333333333343,0.39833333333333343
Martín Zubimendi Ibáñez,Spain,282,7.0,7.0,4.44,7.0,7.0,7.0,Inverted Winger,0.42666666666666675,0.42666666666666675,-2.133333333333333,0.42666666666666675,0.42666666666666675,0.42666666666666675
Mathias Pereira Lage,Stade Brestois,235,7.0,7.0,4.62,7.0,7.0,7.0,Inverted Winger,0.3966666666666656,0.3966666666666656,-1.9833333333333343,0.3966666666666656,0.3966666666666656,0.3966666666666656
Mathis Rayan Cherki,Lyon,108,7.0,7.0,5.17,7.0,7.0,7.0,Inverted Winger,0.3049999999999997,0.3049999999999997,-1.5250000000000004,0.3049999999999997,0.3049999999999997,0.3049999999999997
Mathys Tel,Bayern Munich,281,7.0,7.0,4.57,7.0,7.0,7.0,Inverted Winger,0.40500000000000025,0.40500000000000025,-2.0249999999999995,0.40500000000000025,0.40500000000000025,0.40500000000000025
Matuzalém Francelino da Silva,Hellas Verona,27,7.0,7.0,4.61,7.0,7.0,7.0,Inverted Winger,0.39833333333333343,0.39833333333333343,-1.9916666666666663,0.39833333333333343,0.39833333333333343,0.39833333333333343
Mauro Emanuel Icardi Rivero,Paris Saint-Germain,108,7.0,7.0,4.62,7.0,7.0,7.0,Inverted Winger,0.3966666666666656,0.3966666666666656,-1.9833333333333343,0.3966666666666656,0.3966666666666656,0.3966666666666656
Max Finkgräfe,FC Köln,281,7.0,7.0,4.85,7.0,7.0,7.0,Inverted Winger,0.3583333333333334,0.3583333333333334,-1.791666666666667,0.3583333333333334,0.3583333333333334,0.3583333333333334
Maximilian Beier,Germany,282,7.0,7.0,4.29,7.0,7.0,7.0,Inverted Winger,0.4516666666666671,0.4516666666666671,-2.258333333333333,0.4516666666666671,0.4516666666666671,0.4516666666666671
Maximilian Philipp,Freiburg,281,7.0,7.0,4.41,7.0,7.0,7.0,Inverted Winger,0.43166666666666753,0.43166666666666753,-2.1583333333333323,0.43166666666666753,0.43166666666666753,0.43166666666666753
Michael Ijemuan Folorunsho,Italy,282,7.0,7.0,5.08,7.0,7.0,7.0,Inverted Winger,0.3200000000000003,0.3200000000000003,-1.5999999999999996,0.3200000000000003,0.3200000000000003,0.3200000000000003
Michel Aebischer,Switzerland,106,7.0,7.0,4.32,7.0,7.0,7.0,Inverted Winger,0.4466666666666663,0.4466666666666663,-2.2333333333333334,0.4466666666666663,0.4466666666666663,0.4466666666666663
Miguel Baeza Pérez,Celta Vigo,90,7.0,7.0,4.56,7.0,7.0,7.0,Inverted Winger,0.4066666666666663,0.4066666666666663,-2.033333333333334,0.4066666666666663,0.4066666666666663,0.4066666666666663
Miralem Pjanić,AS Roma,27,7.0,7.0,5.09,7.0,7.0,7.0,Inverted Winger,0.31833333333333247,0.31833333333333247,-1.5916666666666677,0.31833333333333247,0.31833333333333247,0.31833333333333247
Nabil El Zhar,Leganés,4,7.0,7.0,4.93,7.0,7.0,7.94,Inverted Winger,0.18833333333333346,0.18833333333333346,-1.8816666666666668,0.18833333333333346,0.18833333333333346,1.1283333333333339
Nicola Zalewski,Poland,106,7.0,7.0,4.77,7.0,7.0,7.0,Inverted Winger,0.37166666666666703,0.37166666666666703,-1.8583333333333334,0.37166666666666703,0.37166666666666703,0.37166666666666703
Nicolas Jackson,Senegal,106,7.0,7.0,4.68,7.0,7.0,7.0,Inverted Winger,0.3866666666666667,0.3866666666666667,-1.9333333333333336,0.3866666666666667,0.3866666666666667,0.3866666666666667
Nicolas Moumi Ngamaleu,Cameroon,106,7.0,7.0,4.85,7.0,7.0,7.0,Inverted Winger,0.3583333333333334,0.3583333333333334,-1.791666666666667,0.3583333333333334,0.3583333333333334,0.3583333333333334
Nikola Kalinić,Fiorentina,27,7.0,7.0,4.28,7.0,7.0,7.0,Inverted Winger,0.45333333333333314,0.45333333333333314,-2.2666666666666666,0.45333333333333314,0.45333333333333314,0.45333333333333314
Nikola Vlašić,Croatia,106,7.0,7.0,5.06,7.0,7.0,7.0,Inverted Winger,0.32333333333333325,0.32333333333333325,-1.6166666666666671,0.32333333333333325,0.32333333333333325,0.32333333333333325
Noah Okafor,Switzerland,106,7.0,7.0,4.91,7.0,7.0,7.0,Inverted Winger,0.3483333333333336,0.3483333333333336,-1.7416666666666663,0.3483333333333336,0.3483333333333336,0.3483333333333336
Omar El Kaddouri,Napoli,27,7.0,6.38,4.98,7.0,7.0,7.0,Inverted Winger,0.4400000000000004,-0.17999999999999972,-1.5799999999999992,0.4400000000000004,0.4400000000000004,0.4400000000000004
Osman Bukari,Ghana,106,7.0,7.0,4.46,7.0,7.0,7.0,Inverted Winger,0.4233333333333329,0.4233333333333329,-2.116666666666667,0.4233333333333329,0.4233333333333329,0.4233333333333329
Pablo Ezequiel De Blasis,Eibar,4,7.0,7.0,5.34,7.0,7.0,7.0,Inverted Winger,0.2766666666666664,0.2766666666666664,-1.3833333333333337,0.2766666666666664,0.2766666666666664,0.2766666666666664
Qazim Laçi,Albania,282,7.0,7.0,5.41,7.0,7.0,7.0,Inverted Winger,0.26500000000000057,0.26500000000000057,-1.3249999999999993,0.26500000000000057,0.26500000000000057,0.26500000000000057
Rafael Alexandre Conceição Leão,Portugal,106,7.0,7.0,5.21,7.0,7.0,7.0,Inverted Winger,0.2983333333333329,0.2983333333333329,-1.4916666666666671,0.2983333333333329,0.2983333333333329,0.2983333333333329
Rafael Mir Vicente,Huesca,90,7.0,7.0,4.85,7.0,7.0,7.0,Inverted Winger,0.3583333333333334,0.3583333333333334,-1.791666666666667,0.3583333333333334,0.3583333333333334,0.3583333333333334
Remo Freuler,Atalanta,27,7.0,7.0,4.84,7.0,7.0,7.0,Inverted Winger,0.35999999999999943,0.35999999999999943,-1.8000000000000007,0.35999999999999943,0.35999999999999943,0.35999999999999943
Renato Steffen,Switzerland,106,7.0,7.0,4.68,7.0,7.0,7.0,Inverted Winger,0.3866666666666667,0.3866666666666667,-1.9333333333333336,0.3866666666666667,0.3866666666666667,0.3866666666666667
Rey Manaj,Inter Milan,27,7.0,7.0,4.57,7.0,7.0,7.0,Inverted Winger,0.40500000000000025,0.40500000000000025,-2.0249999999999995,0.40500000000000025,0.40500000000000025,0.40500000000000025
Riad Nouri,AC Ajaccio,235,7.0,7.0,4.9,7.0,7.0,7.0,Inverted Winger,0.35000000000000053,0.35000000000000053,-1.7499999999999991,0.35000000000000053,0.35000000000000053,0.35000000000000053
Robert Kenedy Nunes do Nascimento,Granada,90,7.0,7.0,4.53,7.0,7.0,7.0,Inverted Winger,0.4116666666666662,0.4116666666666662,-2.0583333333333336,0.4116666666666662,0.4116666666666662,0.4116666666666662
Roberto Carlos Alvarado Hernández,Mexico,106,7.0,7.0,5.15,7.0,7.0,7.0,Inverted Winger,0.30833333333333357,0.30833333333333357,-1.541666666666666,0.30833333333333357,0.30833333333333357,0.30833333333333357
Roberto Soriano,Sampdoria,27,7.0,7.0,4.94,7.0,7.0,7.0,Inverted Winger,0.3433333333333337,0.3433333333333337,-1.716666666666666,0.3433333333333337,0.3433333333333337,0.3433333333333337
Robin Hack,Borussia Mönchengladbach,281,7.0,7.0,4.75,7.0,7.0,7.0,Inverted Winger,0.375,0.375,-1.875,0.375,0.375,0.375
Rodrigo Sánchez Rodriguez,Real Betis,90,7.0,7.0,4.77,7.0,7.0,7.0,Inverted Winger,0.37166666666666703,0.37166666666666703,-1.8583333333333334,0.37166666666666703,0.37166666666666703,0.37166666666666703
Rodrygo Silva de Goes,Brazil,106,7.0,7.0,5.23,7.0,7.0,7.0,Inverted Winger,0.29499999999999904,0.29499999999999904,-1.4750000000000005,0.29499999999999904,0.29499999999999904,0.29499999999999904
Ryan Christie,Scotland,282,7.0,7.0,4.17,7.0,7.0,7.74,Inverted Winger,0.3483333333333327,0.3483333333333327,-2.4816666666666674,0.3483333333333327,0.3483333333333327,1.088333333333333
Rômulo Souza Orestes Caldeira,Hellas Verona,27,7.0,7.0,4.46,7.0,7.0,7.0,Inverted Winger,0.4233333333333329,0.4233333333333329,-2.116666666666667,0.4233333333333329,0.4233333333333329,0.4233333333333329
Saba Lobzhanidze,Georgia,282,7.0,7.0,5.25,7.0,7.0,7.0,Inverted Winger,0.29166666666666696,0.29166666666666696,-1.458333333333333,0.29166666666666696,0.29166666666666696,0.29166666666666696
Samuele Longo,Frosinone,27,7.0,7.0,4.9,7.0,7.0,7.0,Inverted Winger,0.35000000000000053,0.35000000000000053,-1.7499999999999991,0.35000000000000053,0.35000000000000053,0.35000000000000053
Sandro Ramírez Castillo,Real Sociedad,4,7.0,7.0,4.7,7.0,7.0,7.0,Inverted Winger,0.38333333333333286,0.38333333333333286,-1.916666666666667,0.38333333333333286,0.38333333333333286,0.38333333333333286
Segundo Víctor Ibarbo Guerrero,AS Roma,27,7.0,7.0,4.34,7.0,7.0,7.0,Inverted Winger,0.44333333333333247,0.44333333333333247,-2.2166666666666677,0.44333333333333247,0.44333333333333247,0.44333333333333247
Shinji Okazaki,Huesca,90,7.0,7.0,4.08,7.0,7.0,7.0,Inverted Winger,0.48666666666666725,0.48666666666666725,-2.4333333333333327,0.48666666666666725,0.48666666666666725,0.48666666666666725
Siriki Dembele,Auxerre,235,7.0,7.0,5.19,7.0,7.0,7.0,Inverted Winger,0.30166666666666675,0.30166666666666675,-1.5083333333333329,0.30166666666666675,0.30166666666666675,0.30166666666666675
Sékou Mara,Bordeaux,108,7.0,7.0,4.52,7.0,7.0,7.68,Inverted Winger,0.3000000000000007,0.3000000000000007,-2.1799999999999997,0.3000000000000007,0.3000000000000007,0.9800000000000004
Takefusa Kubo,Japan,106,7.0,7.0,5.23,7.0,7.0,7.61,Inverted Winger,0.19333333333333247,0.19333333333333247,-1.576666666666667,0.19333333333333247,0.19333333333333247,0.8033333333333328
Takuma Asano,Bochum,281,7.0,7.0,4.61,7.0,7.0,7.83,Inverted Winger,0.2600000000000007,0.2600000000000007,-2.129999999999999,0.2600000000000007,0.2600000000000007,1.0900000000000007
Takumi Minamino,Japan,106,7.0,7.0,5.13,7.0,7.0,7.0,Inverted Winger,0.3116666666666674,0.3116666666666674,-1.5583333333333327,0.3116666666666674,0.3116666666666674,0.3116666666666674
Thiago Ezequiel Almada,Argentina,106,7.0,7.0,4.46,7.0,7.0,7.0,Inverted Winger,0.4233333333333329,0.4233333333333329,-2.116666666666667,0.4233333333333329,0.4233333333333329,0.4233333333333329
Thomas Lemar,Atlético Madrid,90,7.0,7.0,5.17,7.0,7.0,7.0,Inverted Winger,0.3049999999999997,0.3049999999999997,-1.5250000000000004,0.3049999999999997,0.3049999999999997,0.3049999999999997
Thomas Müller,Germany,282,7.0,7.0,4.98,7.0,7.0,7.0,Inverted Winger,0.336666666666666,0.336666666666666,-1.6833333333333336,0.336666666666666,0.336666666666666,0.336666666666666
Tiago Barreiros de Melo Tomás,Wolfsburg,281,7.0,7.0,4.68,7.0,7.0,7.0,Inverted Winger,0.3866666666666667,0.3866666666666667,-1.9333333333333336,0.3866666666666667,0.3866666666666667,0.3866666666666667
Tomáš Suslov,Slovakia,282,7.0,5.83,4.9,7.0,7.0,7.51,Inverted Winger,0.45999999999999996,-0.71,-1.6399999999999997,0.45999999999999996,0.45999999999999996,0.9699999999999998
Tristan Dingomé,Troyes,108,7.0,7.0,4.0,7.0,7.0,7.0,Inverted Winger,0.5,0.5,-2.5,0.5,0.5,0.5
Umar Sadiq Mesbah,AS Roma,27,7.0,7.0,5.24,7.0,7.0,7.0,Inverted Winger,0.293333333333333,0.293333333333333,-1.4666666666666668,0.293333333333333,0.293333333333333,0.293333333333333
Valentin Mihai Mihăilă,Romania,282,7.0,7.0,5.34,7.0,7.0,7.0,Inverted Winger,0.2766666666666664,0.2766666666666664,-1.3833333333333337,0.2766666666666664,0.2766666666666664,0.2766666666666664
Victor Okoh Boniface,Bayer Leverkusen,281,7.0,7.0,4.34,7.0,7.0,7.0,Inverted Winger,0.44333333333333247,0.44333333333333247,-2.2166666666666677,0.44333333333333247,0.44333333333333247,0.44333333333333247
Wilson Isidor,AS Monaco,108,7.0,7.0,5.33,7.0,7.0,7.0,Inverted Winger,0.2783333333333333,0.2783333333333333,-1.3916666666666666,0.2783333333333333,0.2783333333333333,0.2783333333333333
Woo-Yeong Jeong,VfB Stuttgart,281,7.0,7.0,4.77,7.0,7.0,7.0,Inverted Winger,0.37166666666666703,0.37166666666666703,-1.8583333333333334,0.37166666666666703,0.37166666666666703,0.37166666666666703
Youstin Delfin Salas Gómez,Costa Rica,106,7.0,7.0,4.0,7.0,7.0,7.0,Inverted Winger,0.5,0.5,-2.5,0.5,0.5,0.5
Yvandro Borges Sanches,Borussia Mönchengladbach,281,7.0,7.0,5.07,7.0,7.0,7.0,Inverted Winger,0.3216666666666663,0.3216666666666663,-1.6083333333333334,0.3216666666666663,0.3216666666666663,0.3216666666666663
Ľubomír Tupta,Slovakia,282,7.0,7.0,4.03,7.0,7.0,7.0,Inverted Winger,0.4950000000000001,0.4950000000000001,-2.4749999999999996,0.4950000000000001,0.4950000000000001,0.4950000000000001
Adam Hložek,Bayer Leverkusen,281,7.0,5.04,4.42,7.0,7.0,6.74,Traditional Winger,0.7999999999999998,-1.1600000000000001,-1.7800000000000002,0.7999999999999998,0.7999999999999998,0.54
Adem Ljajić,Inter Milan,27,7.0,4.25,4.91,7.0,7.0,7.28,Traditional Winger,0.7600000000000007,-1.9899999999999993,-1.3299999999999992,0.7600000000000007,0.7600000000000007,1.040000000000001
Adnan Januzaj,Real Sociedad,90,7.0,5.09,5.21,7.0,7.0,7.0,Traditional Winger,0.6166666666666671,-1.293333333333333,-1.173333333333333,0.6166666666666671,0.6166666666666671,0.6166666666666671
Alassane Pléa,Borussia Mönchengladbach,281,7.0,4.05,5.09,7.0,7.0,7.0,Traditional Winger,0.8099999999999996,-2.1400000000000006,-1.1000000000000005,0.8099999999999996,0.8099999999999996,0.8099999999999996
Alejandro Darío Gómez,Atalanta,27,7.0,4.14,5.29,7.0,7.0,7.27,Traditional Winger,0.7166666666666659,-2.1433333333333344,-0.9933333333333341,0.7166666666666659,0.7166666666666659,0.9866666666666655
Alejandro Grimaldo García,Bayer Leverkusen,281,7.0,4.14,4.9,7.0,7.0,7.1,Traditional Winger,0.8099999999999996,-2.0500000000000007,-1.29,0.8099999999999996,0.8099999999999996,0.9099999999999993
Aleksandar Tonev,Frosinone,27,7.0,4.7,5.26,7.0,7.0,7.35,Traditional Winger,0.6149999999999993,-1.6850000000000005,-1.1250000000000009,0.6149999999999993,0.6149999999999993,0.964999999999999
Aleksandar Trajkovski,Palermo,27,7.0,4.33,4.9,7.0,7.0,7.56,Traditional Winger,0.7016666666666671,-1.9683333333333328,-1.3983333333333325,0.7016666666666671,0.7016666666666671,1.2616666666666667
Aleksandr Golovin,AS Monaco,108,7.0,4.32,5.14,7.0,7.0,7.91,Traditional Winger,0.6049999999999995,-2.075,-1.2550000000000008,0.6049999999999995,0.6049999999999995,1.5149999999999997
Alessandro Diamanti,Atalanta,27,7.0,4.11,5.46,7.0,7.0,7.01,Traditional Winger,0.7366666666666672,-2.1533333333333324,-0.8033333333333328,0.7366666666666672,0.7366666666666672,0.746666666666667
Alessandro Florenzi,AS Roma,27,7.0,4.27,5.63,7.0,7.0,7.33,Traditional Winger,0.6283333333333339,-2.1016666666666666,-0.7416666666666663,0.6283333333333339,0.6283333333333339,0.9583333333333339
Alessandro Frara,Frosinone,27,7.0,4.07,5.21,7.0,7.0,7.0,Traditional Winger,0.7866666666666662,-2.1433333333333335,-1.0033333333333339,0.7866666666666662,0.7866666666666662,0.7866666666666662
Alessio Cerci,AC Milan,27,7.0,4.22,5.08,7.0,7.0,7.22,Traditional Winger,0.746666666666667,-2.033333333333333,-1.173333333333333,0.746666666666667,0.746666666666667,0.9666666666666668
Alex Sandro Lobo Silva,Juventus,27,7.0,4.13,5.46,7.0,7.0,7.6,Traditional Winger,0.6350000000000007,-2.2349999999999994,-0.9049999999999994,0.6350000000000007,0.6350000000000007,1.2350000000000003
Alexander Isak,Real Sociedad,90,7.0,4.89,4.82,7.0,7.0,7.92,Traditional Winger,0.5616666666666665,-1.5483333333333338,-1.6183333333333332,0.5616666666666665,0.5616666666666665,1.4816666666666665
Alexis Mac Allister,Argentina,106,7.0,4.13,4.7,7.0,7.0,7.0,Traditional Winger,0.8616666666666672,-2.008333333333333,-1.4383333333333326,0.8616666666666672,0.8616666666666672,0.8616666666666672
Ali Gholizadeh,Iran,106,7.0,4.0,5.65,7.0,7.0,8.32,Traditional Winger,0.5049999999999999,-2.495,-0.8449999999999998,0.5049999999999999,0.5049999999999999,1.8250000000000002
Amine Adli,Bayer Leverkusen,281,7.0,4.61,4.73,7.0,7.0,6.88,Traditional Winger,0.7966666666666669,-1.5933333333333328,-1.4733333333333327,0.7966666666666669,0.7966666666666669,0.6766666666666667
Amine Gouiri,Rennes,235,7.0,4.58,4.64,7.0,7.0,7.82,Traditional Winger,0.6600000000000001,-1.7599999999999998,-1.7000000000000002,0.6600000000000001,0.6600000000000001,1.4800000000000004
Amine Harit,Marseille,108,7.0,4.0,4.84,7.0,7.0,8.01,Traditional Winger,0.6916666666666664,-2.3083333333333336,-1.4683333333333337,0.6916666666666664,0.6916666666666664,1.7016666666666662
Ander Barrenetxea Muguruza,Real Sociedad,42,7.0,4.16,5.09,7.0,7.0,7.56,Traditional Winger,0.6983333333333333,-2.1416666666666666,-1.211666666666667,0.6983333333333333,0.6983333333333333,1.2583333333333329
Andrea Belotti,Torino,27,7.0,4.91,5.01,7.0,7.0,7.54,Traditional Winger,0.5899999999999999,-1.5,-1.4000000000000004,0.5899999999999999,0.5899999999999999,1.13
Andrea Cambiaso,Italy,282,7.0,4.84,4.45,7.0,7.0,7.0,Traditional Winger,0.7850000000000001,-1.375,-1.7649999999999997,0.7850000000000001,0.7850000000000001,0.7850000000000001
Andreas Skov Olsen,Denmark,106,7.0,4.07,4.93,7.0,7.0,7.0,Traditional Winger,0.833333333333333,-2.0966666666666667,-1.2366666666666672,0.833333333333333,0.833333333333333,0.833333333333333
Andrej Kramarić,Croatia,106,7.0,4.07,4.57,7.0,7.0,7.0,Traditional Winger,0.8933333333333335,-2.036666666666666,-1.5366666666666662,0.8933333333333335,0.8933333333333335,0.8933333333333335
Anis Ben Slimane,Tunisia,106,7.0,4.2,4.8,7.0,7.0,7.0,Traditional Winger,0.833333333333333,-1.9666666666666668,-1.3666666666666671,0.833333333333333,0.833333333333333,0.833333333333333
Ansgar Knauff,Eintracht Frankfurt,281,7.0,4.0,5.18,7.0,7.0,7.93,Traditional Winger,0.6483333333333334,-2.3516666666666666,-1.1716666666666669,0.6483333333333334,0.6483333333333334,1.5783333333333331
Anssumane Fati,Barcelona,42,7.0,4.82,4.75,7.0,7.0,7.18,Traditional Winger,0.708333333333333,-1.4716666666666667,-1.541666666666667,0.708333333333333,0.708333333333333,0.8883333333333328
Ante Rebić,Hellas Verona,27,7.0,5.25,5.03,7.0,7.0,7.6,Traditional Winger,0.5199999999999996,-1.2300000000000004,-1.4500000000000002,0.5199999999999996,0.5199999999999996,1.1199999999999992
Anthony Mounier,Bologna,27,7.0,4.37,5.08,7.0,7.0,7.56,Traditional Winger,0.6649999999999991,-1.9650000000000007,-1.2550000000000008,0.6649999999999991,0.6649999999999991,1.2249999999999988
Antoine Griezmann,Barcelona,42,7.0,4.06,4.63,7.0,7.0,7.38,Traditional Winger,0.8216666666666663,-2.118333333333334,-1.5483333333333338,0.8216666666666663,0.8216666666666663,1.2016666666666662
Antonio Candreva,Lazio,27,7.0,4.08,5.09,7.0,7.0,7.09,Traditional Winger,0.7899999999999991,-2.130000000000001,-1.120000000000001,0.7899999999999991,0.7899999999999991,0.879999999999999
Antonio Cassano,Sampdoria,27,7.0,4.08,4.83,7.0,7.0,7.0,Traditional Winger,0.8483333333333336,-2.0716666666666663,-1.3216666666666663,0.8483333333333336,0.8483333333333336,0.8483333333333336
Antonio Di Gaudio,Carpi,27,7.0,5.61,5.14,7.0,7.0,7.18,Traditional Winger,0.5116666666666667,-0.878333333333333,-1.3483333333333336,0.5116666666666667,0.5116666666666667,0.6916666666666664
Antonio Floro Flores,Sassuolo,27,7.0,4.56,5.3,7.0,7.0,7.0,Traditional Winger,0.6900000000000004,-1.75,-1.0099999999999998,0.6900000000000004,0.6900000000000004,0.6900000000000004
Antony Matheus dos Santos,Brazil,106,7.0,4.07,4.69,7.0,7.0,7.0,Traditional Winger,0.8733333333333322,-2.0566666666666675,-1.4366666666666674,0.8733333333333322,0.8733333333333322,0.8733333333333322
Arda Güler,Turkey,282,7.0,4.14,4.71,7.0,7.0,7.57,Traditional Winger,0.7633333333333328,-2.0966666666666676,-1.5266666666666673,0.7633333333333328,0.7633333333333328,1.333333333333333
Arthur Augusto de Matos Soares,Bayer Leverkusen,281,7.0,4.0,4.97,7.0,7.0,7.0,Traditional Winger,0.8383333333333338,-2.161666666666666,-1.1916666666666664,0.8383333333333338,0.8383333333333338,0.8383333333333338
Arturo Erasmo Vidal Pardo,Barcelona,42,7.0,4.06,4.58,7.0,7.0,7.09,Traditional Winger,0.878333333333333,-2.0616666666666674,-1.541666666666667,0.878333333333333,0.878333333333333,0.9683333333333328
Azzedine Ounahi,Morocco,106,7.0,4.21,5.61,7.0,7.0,7.0,Traditional Winger,0.6966666666666663,-2.0933333333333337,-0.6933333333333334,0.6966666666666663,0.6966666666666663,0.6966666666666663
Barış Alper Yılmaz,Turkey,282,7.0,4.11,4.98,7.0,7.0,7.35,Traditional Winger,0.7600000000000007,-2.129999999999999,-1.259999999999999,0.7600000000000007,0.7600000000000007,1.1100000000000003
Benjamin Bourigeaud,Rennes,108,7.0,4.24,4.75,7.0,7.0,7.66,Traditional Winger,0.7249999999999988,-2.035000000000001,-1.5250000000000012,0.7249999999999988,0.7249999999999988,1.384999999999999
Bernardo Mota Veiga de Carvalho e Silva,Portugal,282,7.0,4.09,4.73,7.0,7.0,7.23,Traditional Winger,0.8250000000000002,-2.085,-1.4449999999999994,0.8250000000000002,0.8250000000000002,1.0550000000000006
Blerim Džemaili,Genoa,27,7.0,4.11,5.78,7.0,7.0,8.29,Traditional Winger,0.46999999999999975,-2.42,-0.75,0.46999999999999975,0.46999999999999975,1.759999999999999
Borja Valero Iglesias,Fiorentina,27,7.0,4.08,5.03,7.0,7.0,7.51,Traditional Winger,0.7300000000000004,-2.1899999999999995,-1.2399999999999993,0.7300000000000004,0.7300000000000004,1.2400000000000002
Boško Janković,Hellas Verona,27,7.0,5.01,5.48,7.0,7.0,7.0,Traditional Winger,0.585,-1.4050000000000002,-0.9349999999999996,0.585,0.585,0.585
Bradley Barcola,France,282,7.0,5.53,5.5,7.0,7.0,7.0,Traditional Winger,0.4950000000000001,-0.9749999999999996,-1.005,0.4950000000000001,0.4950000000000001,0.4950000000000001
Brais Méndez Portela,Celta Vigo,4,7.0,4.06,4.99,7.0,7.0,7.48,Traditional Winger,0.7450000000000001,-2.1950000000000003,-1.2649999999999997,0.7450000000000001,0.7450000000000001,1.2250000000000005
Brajan Gruda,FSV Mainz 05,281,7.0,4.08,5.6,7.0,7.0,8.03,Traditional Winger,0.5483333333333329,-2.371666666666667,-0.8516666666666675,0.5483333333333329,0.5483333333333329,1.5783333333333323
Brandon Aguilera Zamora,Costa Rica,106,7.0,5.25,5.0,7.0,7.0,7.0,Traditional Winger,0.625,-1.125,-1.375,0.625,0.625,0.625
Brett Ormerod,Southampton,44,7.0,4.24,4.98,7.0,7.0,7.0,Traditional Winger,0.7966666666666669,-1.963333333333333,-1.2233333333333327,0.7966666666666669,0.7966666666666669,0.7966666666666669
Bruno Miguel Borges Fernandes,Portugal,106,7.0,4.09,5.07,7.0,7.0,7.18,Traditional Winger,0.7766666666666664,-2.1333333333333337,-1.1533333333333333,0.7766666666666664,0.7766666666666664,0.9566666666666661
Bryan Mbeumo,Cameroon,106,7.0,4.16,5.01,7.0,7.0,7.0,Traditional Winger,0.8049999999999997,-2.035,-1.1850000000000005,0.8049999999999997,0.8049999999999997,0.8049999999999997
Bukayo Saka,England,282,7.0,4.08,4.7,7.0,7.0,7.22,Traditional Winger,0.833333333333333,-2.086666666666667,-1.4666666666666668,0.833333333333333,0.833333333333333,1.0533333333333328
Carles Pérez Sayol,Barcelona,42,7.0,4.37,4.54,7.0,7.0,7.0,Traditional Winger,0.8483333333333336,-1.7816666666666663,-1.6116666666666664,0.8483333333333336,0.8483333333333336,0.8483333333333336
Carlos Joaquín Correa,Sampdoria,27,7.0,4.46,5.19,7.0,7.0,7.28,Traditional Winger,0.6783333333333337,-1.8616666666666664,-1.131666666666666,0.6783333333333337,0.6783333333333337,0.9583333333333339
Carlos Mario Carbonero Mancilla,Sampdoria,27,7.0,4.04,4.81,7.0,7.0,7.64,Traditional Winger,0.7516666666666678,-2.208333333333332,-1.4383333333333326,0.7516666666666678,0.7516666666666678,1.3916666666666675
Carlos Soler Barragán,Paris Saint-Germain,235,7.0,4.38,4.37,7.0,7.0,7.0,Traditional Winger,0.875,-1.745,-1.755,0.875,0.875,0.875
Cengiz Ünder,Marseille,108,7.0,5.08,4.75,7.0,7.0,7.0,Traditional Winger,0.6950000000000003,-1.2249999999999996,-1.5549999999999997,0.6950000000000003,0.6950000000000003,0.6950000000000003
Chang-Hoon Kwon,South Korea,106,7.0,4.1,4.55,7.0,7.0,7.0,Traditional Winger,0.8916666666666666,-2.0083333333333337,-1.5583333333333336,0.8916666666666666,0.8916666666666666,0.8916666666666666
Christian Dannemann Eriksen,Denmark,282,7.0,4.2,4.81,7.0,7.0,7.0,Traditional Winger,0.831666666666667,-1.9683333333333328,-1.3583333333333334,0.831666666666667,0.831666666666667,0.831666666666667
Christian Pulisic,United States,106,7.0,4.19,5.27,7.0,7.0,7.0,Traditional Winger,0.7566666666666668,-2.053333333333333,-0.9733333333333336,0.7566666666666668,0.7566666666666668,0.7566666666666668
Christoph Baumgartner,Austria,282,7.0,4.14,5.22,7.0,7.0,8.01,Traditional Winger,0.6050000000000004,-2.255,-1.1749999999999998,0.6050000000000004,0.6050000000000004,1.6150000000000002
Christopher Antwi-Adjej,Bochum,281,7.0,4.25,5.25,7.0,7.0,7.0,Traditional Winger,0.75,-2.0,-1.0,0.75,0.75,0.75
Ciro Immobile,Torino,27,7.0,5.72,5.22,7.0,7.0,7.87,Traditional Winger,0.3650000000000011,-0.9149999999999991,-1.4149999999999991,0.3650000000000011,0.3650000000000011,1.2350000000000012
Cody Mathès Gakpo,Netherlands,282,7.0,4.21,4.97,7.0,7.0,7.11,Traditional Winger,0.7850000000000001,-2.005,-1.245,0.7850000000000001,0.7850000000000001,0.8950000000000005
Cole Palmer,England,282,7.0,4.0,5.01,7.0,7.0,7.0,Traditional Winger,0.831666666666667,-2.168333333333333,-1.1583333333333332,0.831666666666667,0.831666666666667,0.831666666666667
Cristian Daniel Ansaldi,Genoa,27,7.0,4.15,5.89,7.0,7.0,8.06,Traditional Winger,0.4833333333333334,-2.3666666666666663,-0.6266666666666669,0.4833333333333334,0.4833333333333334,1.543333333333334
Cristian Portugués Manzanera,Real Sociedad,90,7.0,5.45,5.14,7.0,7.0,7.9,Traditional Winger,0.418333333333333,-1.1316666666666668,-1.4416666666666673,0.418333333333333,0.418333333333333,1.3183333333333334
Cristian Tello Herrera,Fiorentina,27,7.0,4.11,4.92,7.0,7.0,7.14,Traditional Winger,0.8049999999999997,-2.085,-1.2750000000000004,0.8049999999999997,0.8049999999999997,0.9449999999999994
Cristiano Ronaldo dos Santos Aveiro,Manchester United,44,7.0,4.0,5.16,7.0,7.0,8.03,Traditional Winger,0.6350000000000007,-2.3649999999999993,-1.2049999999999992,0.6350000000000007,0.6350000000000007,1.665
Cyril Théréau,Udinese,27,7.0,4.07,4.9,7.0,7.0,7.39,Traditional Winger,0.7733333333333334,-2.1566666666666663,-1.3266666666666662,0.7733333333333334,0.7733333333333334,1.163333333333333
Daichi Kamada,Japan,106,7.0,4.66,4.91,7.0,7.0,7.82,Traditional Winger,0.6016666666666666,-1.7383333333333333,-1.4883333333333333,0.6016666666666666,0.6016666666666666,1.4216666666666669
Dango Aboubacar Faissal Ouattara,Lorient,108,7.0,4.13,6.1,7.0,7.0,7.26,Traditional Winger,0.5850000000000009,-2.2849999999999993,-0.3149999999999995,0.5850000000000009,0.5850000000000009,0.8450000000000006
Daniel James,Wales,106,7.0,4.0,4.71,7.0,7.0,7.0,Traditional Winger,0.8816666666666668,-2.118333333333333,-1.4083333333333332,0.8816666666666668,0.8816666666666668,0.8816666666666668
Daniel Olmo Carvajal,Spain,106,7.0,4.05,4.72,7.0,7.0,7.17,Traditional Winger,0.8433333333333337,-2.1066666666666665,-1.4366666666666665,0.8433333333333337,0.8433333333333337,1.0133333333333336
Danilo Soddimo,Frosinone,27,7.0,4.38,5.23,7.0,7.0,7.58,Traditional Winger,0.6350000000000007,-1.9849999999999994,-1.134999999999999,0.6350000000000007,0.6350000000000007,1.2150000000000007
Darko Lazović,Genoa,27,7.0,4.25,5.12,7.0,7.0,7.0,Traditional Winger,0.7716666666666656,-1.9783333333333344,-1.1083333333333343,0.7716666666666656,0.7716666666666656,0.7716666666666656
Darwin Daniel Machís Marcano,Granada,42,7.0,4.0,5.52,7.0,7.0,7.48,Traditional Winger,0.666666666666667,-2.333333333333333,-0.8133333333333335,0.666666666666667,0.666666666666667,1.1466666666666674
Darwin Gabriel Núñez Ribeiro,Uruguay,106,7.0,4.0,5.03,7.0,7.0,7.0,Traditional Winger,0.8283333333333331,-2.171666666666667,-1.1416666666666666,0.8283333333333331,0.8283333333333331,0.8283333333333331
David Pereira da Costa,Lens,108,7.0,4.23,4.93,7.0,7.0,7.27,Traditional Winger,0.7616666666666667,-2.008333333333333,-1.3083333333333336,0.7616666666666667,0.7616666666666667,1.0316666666666663
Denis Bouanga,Saint-Étienne,108,7.0,4.06,5.2,7.0,7.0,7.68,Traditional Winger,0.6766666666666667,-2.2633333333333336,-1.123333333333333,0.6766666666666667,0.6766666666666667,1.3566666666666665
Dennis Bergkamp,Arsenal,44,7.0,4.07,5.09,7.0,7.0,7.0,Traditional Winger,0.8066666666666675,-2.123333333333332,-1.1033333333333326,0.8066666666666675,0.8066666666666675,0.8066666666666675
Denzel Dumfries,Netherlands,282,7.0,4.0,4.67,7.0,7.0,7.0,Traditional Winger,0.8883333333333328,-2.1116666666666672,-1.4416666666666673,0.8883333333333328,0.8883333333333328,0.8883333333333328
Diego Perotti,Genoa,27,7.0,4.11,5.21,7.0,7.0,7.52,Traditional Winger,0.6933333333333325,-2.196666666666667,-1.0966666666666676,0.6933333333333325,0.6933333333333325,1.213333333333332
Diego Sebastián Laxalt Suárez,Genoa,27,7.0,4.23,5.2,7.0,7.0,7.54,Traditional Winger,0.6716666666666669,-2.0983333333333327,-1.128333333333333,0.6716666666666669,0.6716666666666669,1.211666666666667
Diego Ángel Capel Trinidad,Genoa,27,7.0,4.85,4.87,7.0,7.0,7.0,Traditional Winger,0.7133333333333338,-1.4366666666666665,-1.416666666666666,0.7133333333333338,0.7133333333333338,0.7133333333333338
Dimitri Payet,Marseille,108,7.0,4.16,5.35,7.0,7.0,7.0,Traditional Winger,0.748333333333334,-2.091666666666666,-0.9016666666666664,0.748333333333334,0.748333333333334,0.748333333333334
Diogo José Teixeira da Silva,Portugal,282,7.0,4.16,5.85,7.0,7.0,7.0,Traditional Winger,0.665,-2.175,-0.4850000000000003,0.665,0.665,0.665
Dodi Lukebakio,Belgium,282,7.0,4.23,4.7,7.0,7.0,7.0,Traditional Winger,0.8449999999999998,-1.9249999999999998,-1.455,0.8449999999999998,0.8449999999999998,0.8449999999999998
Domenico Berardi,Sassuolo,27,7.0,4.1,5.17,7.0,7.0,7.38,Traditional Winger,0.7250000000000005,-2.175,-1.1049999999999995,0.7250000000000005,0.7250000000000005,1.1050000000000004
Donyell Malen,Netherlands,282,7.0,4.82,5.19,7.0,7.0,7.0,Traditional Winger,0.6649999999999991,-1.5150000000000006,-1.1450000000000005,0.6649999999999991,0.6649999999999991,0.6649999999999991
Dries Mertens,Napoli,27,7.0,5.04,5.3,7.0,7.0,7.04,Traditional Winger,0.6033333333333326,-1.3566666666666674,-1.0966666666666676,0.6033333333333326,0.6033333333333326,0.6433333333333326
Dušan Tadić,Serbia,282,7.0,4.17,5.25,7.0,7.0,7.0,Traditional Winger,0.7633333333333328,-2.0666666666666673,-0.9866666666666672,0.7633333333333328,0.7633333333333328,0.7633333333333328
Dávid Ivan,Sampdoria,27,7.0,4.67,4.81,7.0,7.0,7.64,Traditional Winger,0.6466666666666674,-1.6833333333333327,-1.543333333333333,0.6466666666666674,0.6466666666666674,1.286666666666667
Désiré Doué,Rennes,235,7.0,5.57,5.03,7.0,7.0,7.52,Traditional Winger,0.47999999999999954,-0.9500000000000002,-1.4900000000000002,0.47999999999999954,0.47999999999999954,0.9999999999999991
Eder Citadin Martins,Sampdoria,27,7.0,4.23,5.01,7.0,7.0,7.33,Traditional Winger,0.7383333333333333,-2.0316666666666663,-1.251666666666667,0.7383333333333333,0.7383333333333333,1.0683333333333334
Ehsan Hajsafi,Iran,106,7.0,4.09,5.73,7.0,7.0,7.0,Traditional Winger,0.6966666666666663,-2.213333333333334,-0.5733333333333333,0.6966666666666663,0.6966666666666663,0.6966666666666663
Elbasan Rashani,Clermont Foot,235,7.0,4.1,4.95,7.0,7.0,7.0,Traditional Winger,0.8250000000000002,-2.075,-1.2249999999999996,0.8250000000000002,0.8250000000000002,0.8250000000000002
Emanuele Giaccherini,Bologna,27,7.0,4.09,5.03,7.0,7.0,7.29,Traditional Winger,0.7649999999999997,-2.1450000000000005,-1.205,0.7649999999999997,0.7649999999999997,1.0549999999999997
Emiliano Ariel Rigoni,Elche,90,7.0,4.1,4.98,7.0,7.0,7.0,Traditional Winger,0.8200000000000003,-2.08,-1.1999999999999993,0.8200000000000003,0.8200000000000003,0.8200000000000003
Enzo Le Fée,Lorient,108,7.0,4.14,5.4,7.0,7.0,7.71,Traditional Winger,0.625,-2.2350000000000003,-0.9749999999999996,0.625,0.625,1.335
Eric Junior Dina Ebimbe,Eintracht Frankfurt,281,7.0,4.0,4.95,7.0,7.0,7.85,Traditional Winger,0.7000000000000002,-2.3,-1.3499999999999996,0.7000000000000002,0.7000000000000002,1.5499999999999998
Erick Antonio Pulgar Farfán,Bologna,27,7.0,4.0,4.96,7.0,7.0,7.51,Traditional Winger,0.7549999999999999,-2.245,-1.2850000000000001,0.7549999999999999,0.7549999999999999,1.2649999999999997
Ernesto Alexis Vega Rojas,Mexico,106,7.0,5.1,5.06,7.0,7.0,7.0,Traditional Winger,0.6400000000000006,-1.2599999999999998,-1.2999999999999998,0.6400000000000006,0.6400000000000006,0.6400000000000006
Evann Guessand,Nantes,235,7.0,4.0,5.38,7.0,7.0,7.0,Traditional Winger,0.7700000000000005,-2.2299999999999995,-0.8499999999999996,0.7700000000000005,0.7700000000000005,0.7700000000000005
Fabian Rieder,Switzerland,106,7.0,4.62,5.04,7.0,7.0,7.63,Traditional Winger,0.6183333333333332,-1.7616666666666667,-1.3416666666666668,0.6183333333333332,0.6183333333333332,1.248333333333333
Fabio Quagliarella,Torino,27,7.0,4.0,5.21,7.0,7.0,7.78,Traditional Winger,0.668333333333333,-2.331666666666667,-1.121666666666667,0.668333333333333,0.668333333333333,1.4483333333333333
Fabián Ariel Orellana Valenzuela,Eibar,4,7.0,4.05,4.7,7.0,7.0,7.0,Traditional Winger,0.875,-2.075,-1.4249999999999998,0.875,0.875,0.875
Facundo Pellistri Rebollo,Uruguay,106,7.0,4.12,4.64,7.0,7.0,7.0,Traditional Winger,0.8733333333333322,-2.0066666666666677,-1.4866666666666681,0.8733333333333322,0.8733333333333322,0.8733333333333322
Fares Chaïbi,Toulouse,235,7.0,4.0,5.24,7.0,7.0,7.67,Traditional Winger,0.6816666666666658,-2.3183333333333342,-1.078333333333334,0.6816666666666658,0.6816666666666658,1.3516666666666657
Farid Boulaya,Metz,108,7.0,4.15,5.5,7.0,7.0,7.0,Traditional Winger,0.7250000000000005,-2.124999999999999,-0.7749999999999995,0.7250000000000005,0.7250000000000005,0.7250000000000005
Federico Bernardeschi,Fiorentina,27,7.0,4.23,5.15,7.0,7.0,7.41,Traditional Winger,0.7016666666666653,-2.0683333333333342,-1.1483333333333343,0.7016666666666653,0.7016666666666653,1.1116666666666655
Federico Chiesa,Italy,282,7.0,4.87,4.92,7.0,7.0,7.64,Traditional Winger,0.5949999999999998,-1.5350000000000001,-1.4850000000000003,0.5949999999999998,0.5949999999999998,1.2349999999999994
Federico Dionisi,Frosinone,27,7.0,4.57,5.09,7.0,7.0,7.69,Traditional Winger,0.6083333333333334,-1.8216666666666663,-1.3016666666666667,0.6083333333333334,0.6083333333333334,1.2983333333333338
Felipe Anderson Pereira Gomes,Lazio,27,7.0,4.18,5.35,7.0,7.0,7.43,Traditional Winger,0.6733333333333329,-2.1466666666666674,-0.9766666666666675,0.6733333333333329,0.6733333333333329,1.1033333333333326
Ferrán Torres García,Spain,106,7.0,4.03,4.54,7.0,7.0,7.0,Traditional Winger,0.9050000000000002,-2.0649999999999995,-1.5549999999999997,0.9050000000000002,0.9050000000000002,0.9050000000000002
Fidel Chaves de la Torre,Elche,90,7.0,4.0,4.68,7.0,7.0,7.0,Traditional Winger,0.8866666666666667,-2.1133333333333333,-1.4333333333333336,0.8866666666666667,0.8866666666666667,0.8866666666666667
Filip Đorđević,Lazio,27,7.0,4.34,4.77,7.0,7.0,7.22,Traditional Winger,0.7783333333333333,-1.8816666666666668,-1.451666666666667,0.7783333333333333,0.7783333333333333,0.9983333333333331
Filippo Falco,Bologna,27,7.0,4.81,5.03,7.0,7.0,7.0,Traditional Winger,0.6933333333333325,-1.496666666666668,-1.2766666666666673,0.6933333333333325,0.6933333333333325,0.6933333333333325
Firas Tariq Nasser Al Albirakan,Saudi Arabia,106,7.0,4.0,5.13,7.0,7.0,7.0,Traditional Winger,0.8116666666666674,-2.1883333333333326,-1.0583333333333327,0.8116666666666674,0.8116666666666674,0.8116666666666674
Florent Mollet,Montpellier,108,7.0,4.0,4.85,7.0,7.0,7.0,Traditional Winger,0.8583333333333334,-2.1416666666666666,-1.291666666666667,0.8583333333333334,0.8583333333333334,0.8583333333333334
Florent Muslija,Freiburg,281,7.0,4.24,5.05,7.0,7.0,7.0,Traditional Winger,0.7850000000000001,-1.9749999999999996,-1.165,0.7850000000000001,0.7850000000000001,0.7850000000000001
Florian Kainz,FC Köln,281,7.0,4.08,4.96,7.0,7.0,7.59,Traditional Winger,0.7283333333333344,-2.1916666666666655,-1.3116666666666656,0.7283333333333344,0.7283333333333344,1.3183333333333342
Florian Sotoca,Lens,108,7.0,4.05,4.85,7.0,7.0,7.71,Traditional Winger,0.7316666666666665,-2.2183333333333337,-1.418333333333334,0.7316666666666665,0.7316666666666665,1.4416666666666664
Florian Wirtz,Bayer Leverkusen,281,7.0,4.12,5.02,7.0,7.0,7.24,Traditional Winger,0.7699999999999996,-2.1100000000000003,-1.2100000000000009,0.7699999999999996,0.7699999999999996,1.0099999999999998
Francisco António Machado Mota de Castro Trincão,Barcelona,90,7.0,5.33,4.7,7.0,7.0,7.0,Traditional Winger,0.6616666666666662,-1.0083333333333337,-1.6383333333333336,0.6616666666666662,0.6616666666666662,0.6616666666666662
Francisco Fernandes Conceição,Portugal,282,7.0,4.09,4.64,7.0,7.0,7.0,Traditional Winger,0.878333333333333,-2.031666666666667,-1.4816666666666674,0.878333333333333,0.878333333333333,0.878333333333333
Franck Honorat,Stade Brestois,235,7.0,4.06,4.84,7.0,7.0,8.22,Traditional Winger,0.6466666666666674,-2.293333333333333,-1.5133333333333328,0.6466666666666674,0.6466666666666674,1.866666666666668
Franco Brienza,Bologna,27,7.0,4.31,5.28,7.0,7.0,7.05,Traditional Winger,0.7266666666666666,-1.9633333333333338,-0.9933333333333332,0.7266666666666666,0.7266666666666666,0.7766666666666664
Franco Damián Vázquez,Palermo,27,7.0,4.07,5.39,7.0,7.0,7.5,Traditional Winger,0.6733333333333329,-2.256666666666667,-0.9366666666666674,0.6733333333333329,0.6733333333333329,1.173333333333333
Fredrik Ljungberg,Arsenal,44,7.0,4.0,4.68,7.0,7.0,7.0,Traditional Winger,0.8866666666666667,-2.1133333333333333,-1.4333333333333336,0.8866666666666667,0.8866666666666667,0.8866666666666667
Fredy Alejandro Guarín Vásquez,Inter Milan,27,7.0,4.47,5.44,7.0,7.0,7.84,Traditional Winger,0.541666666666667,-1.9883333333333333,-1.0183333333333326,0.541666666666667,0.541666666666667,1.3816666666666668
Gabriel Teodoro Martinelli Silva,Brazil,106,7.0,4.81,5.34,7.0,7.0,7.0,Traditional Winger,0.6416666666666666,-1.5483333333333338,-1.0183333333333335,0.6416666666666666,0.6416666666666666,0.6416666666666666
Gareth Frank Bale,Real Madrid,4,7.0,4.0,4.92,7.0,7.0,7.0,Traditional Winger,0.8466666666666667,-2.1533333333333333,-1.2333333333333334,0.8466666666666667,0.8466666666666667,0.8466666666666667
Gauthier Hein,Auxerre,235,7.0,4.0,5.07,7.0,7.0,7.56,Traditional Winger,0.7283333333333326,-2.2716666666666674,-1.201666666666667,0.7283333333333326,0.7283333333333326,1.2883333333333322
Gelson Dany Batalha Martins,AS Monaco,108,7.0,4.18,4.59,7.0,7.0,7.31,Traditional Winger,0.8200000000000003,-2.0,-1.5899999999999999,0.8200000000000003,0.8200000000000003,1.13
Geoffrey Kondogbia,Inter Milan,27,7.0,4.09,4.96,7.0,7.0,8.03,Traditional Winger,0.6533333333333333,-2.256666666666667,-1.3866666666666667,0.6533333333333333,0.6533333333333333,1.6833333333333327
Gerson Santos da Silva,Marseille,108,7.0,4.0,4.63,7.0,7.0,7.0,Traditional Winger,0.8950000000000005,-2.1049999999999995,-1.4749999999999996,0.8950000000000005,0.8950000000000005,0.8950000000000005
Gerson Torres Barrantes,Costa Rica,106,7.0,4.0,4.31,7.0,7.0,7.74,Traditional Winger,0.8250000000000002,-2.175,-1.8650000000000002,0.8250000000000002,0.8250000000000002,1.5650000000000004
Gervais Lombe Yao Kouassi,AS Roma,27,7.0,4.45,4.96,7.0,7.0,7.19,Traditional Winger,0.7333333333333334,-1.8166666666666664,-1.3066666666666666,0.7333333333333334,0.7333333333333334,0.9233333333333338
Giacomo Bonaventura,AC Milan,27,7.0,4.13,5.24,7.0,7.0,7.0,Traditional Winger,0.7716666666666674,-2.0983333333333327,-0.9883333333333324,0.7716666666666674,0.7716666666666674,0.7716666666666674
Giorgi Chakvetadze,Georgia,282,7.0,4.94,5.07,7.0,7.0,7.85,Traditional Winger,0.5233333333333334,-1.5366666666666662,-1.4066666666666663,0.5233333333333334,0.5233333333333334,1.373333333333333
Giovani Lo Celso,Real Betis,4,7.0,4.23,5.36,7.0,7.0,7.0,Traditional Winger,0.7349999999999994,-2.035,-0.9050000000000002,0.7349999999999994,0.7349999999999994,0.7349999999999994
Giovanni Reyna,United States,106,7.0,4.23,4.83,7.0,7.0,7.0,Traditional Winger,0.8233333333333333,-1.9466666666666663,-1.3466666666666667,0.8233333333333333,0.8233333333333333,0.8233333333333333
Giuseppe Rossi,Fiorentina,27,7.0,4.0,4.66,7.0,7.0,7.0,Traditional Winger,0.8900000000000006,-2.1099999999999994,-1.4499999999999993,0.8900000000000006,0.8900000000000006,0.8900000000000006
Gonzalo Jordy Plata Jiménez,Ecuador,106,7.0,4.03,5.09,7.0,7.0,7.75,Traditional Winger,0.6883333333333326,-2.281666666666667,-1.2216666666666676,0.6883333333333326,0.6883333333333326,1.4383333333333326
Gregoire Defrel,Sassuolo,27,7.0,4.38,4.72,7.0,7.0,7.68,Traditional Winger,0.7033333333333331,-1.916666666666667,-1.576666666666667,0.7033333333333331,0.7033333333333331,1.3833333333333329
Guido Rodríguez,Real Betis,90,7.0,4.0,4.89,7.0,7.0,7.63,Traditional Winger,0.7466666666666661,-2.253333333333334,-1.3633333333333342,0.7466666666666661,0.7466666666666661,1.376666666666666
Hakim Ziyech,Morocco,106,7.0,4.05,5.32,7.0,7.0,7.79,Traditional Winger,0.6399999999999997,-2.3100000000000005,-1.04,0.6399999999999997,0.6399999999999997,1.4299999999999997
Henrik Pedersen,Bolton Wanderers,44,7.0,4.24,5.59,7.0,7.0,8.05,Traditional Winger,0.5200000000000005,-2.2399999999999993,-0.8899999999999997,0.5200000000000005,0.5200000000000005,1.5700000000000012
Hernán Arsenio Pérez González,Espanyol,4,7.0,4.11,5.27,7.0,7.0,7.53,Traditional Winger,0.6816666666666675,-2.208333333333332,-1.048333333333333,0.6816666666666675,0.6816666666666675,1.2116666666666678
Heung-Min Son,South Korea,106,7.0,4.14,5.23,7.0,7.0,7.0,Traditional Winger,0.7716666666666656,-2.0883333333333347,-0.998333333333334,0.7716666666666656,0.7716666666666656,0.7716666666666656
Hirving Rodrigo Lozano Bahena,Mexico,106,7.0,5.03,5.66,7.0,7.0,7.54,Traditional Winger,0.461666666666666,-1.5083333333333337,-0.8783333333333339,0.461666666666666,0.461666666666666,1.001666666666666
Hugo Ekitike,Paris Saint-Germain,235,7.0,5.07,4.64,7.0,7.0,7.0,Traditional Winger,0.7149999999999999,-1.2149999999999999,-1.6450000000000005,0.7149999999999999,0.7149999999999999,0.7149999999999999
Iago Falqué Silva,AS Roma,27,7.0,4.28,4.86,7.0,7.0,7.1,Traditional Winger,0.793333333333333,-1.9266666666666667,-1.3466666666666667,0.793333333333333,0.793333333333333,0.8933333333333326
Idrissa Gana Gueye,Senegal,106,7.0,4.0,4.78,7.0,7.0,7.94,Traditional Winger,0.7133333333333338,-2.286666666666666,-1.506666666666666,0.7133333333333338,0.7133333333333338,1.6533333333333342
Ilias Chair,Morocco,106,7.0,4.0,4.91,7.0,7.0,7.0,Traditional Winger,0.8483333333333336,-2.1516666666666664,-1.2416666666666663,0.8483333333333336,0.8483333333333336,0.8483333333333336
Iliman Ndiaye,Senegal,106,7.0,4.66,4.64,7.0,7.0,7.11,Traditional Winger,0.7649999999999997,-1.5750000000000002,-1.5950000000000006,0.7649999999999997,0.7649999999999997,0.875
Ismaïla Sarr,Senegal,106,7.0,4.18,5.16,7.0,7.0,7.22,Traditional Winger,0.7399999999999993,-2.080000000000001,-1.1000000000000005,0.7399999999999993,0.7399999999999993,0.9599999999999991
Ivan Perišić,Inter Milan,27,7.0,4.17,5.17,7.0,7.0,7.43,Traditional Winger,0.705000000000001,-2.124999999999999,-1.1249999999999991,0.705000000000001,0.705000000000001,1.1350000000000007
Ivan Schranz,Slovakia,282,7.0,4.08,4.91,7.0,7.0,7.59,Traditional Winger,0.7366666666666672,-2.1833333333333327,-1.3533333333333326,0.7366666666666672,0.7366666666666672,1.326666666666667
Jacopo Sala,Hellas Verona,27,7.0,4.0,4.86,7.0,7.0,7.98,Traditional Winger,0.6933333333333325,-2.3066666666666675,-1.4466666666666672,0.6933333333333325,0.6933333333333325,1.673333333333333
Jae-Sung Lee,FSV Mainz 05,281,7.0,4.0,4.85,7.0,7.0,7.79,Traditional Winger,0.7266666666666666,-2.2733333333333334,-1.4233333333333338,0.7266666666666666,0.7266666666666666,1.5166666666666666
Jakub Błaszczykowski,Fiorentina,27,7.0,5.33,4.7,7.0,7.0,7.0,Traditional Winger,0.6616666666666662,-1.0083333333333337,-1.6383333333333336,0.6616666666666662,0.6616666666666662,0.6616666666666662
Jakub Kamiński,Poland,106,7.0,4.0,5.28,7.0,7.0,7.0,Traditional Winger,0.7866666666666662,-2.213333333333334,-0.9333333333333336,0.7866666666666662,0.7866666666666662,0.7866666666666662
Jamal Musiala,Germany,282,7.0,4.08,5.0,7.0,7.0,7.29,Traditional Winger,0.7716666666666674,-2.1483333333333325,-1.2283333333333326,0.7716666666666674,0.7716666666666674,1.0616666666666674
Jamie Leweling,VfB Stuttgart,281,7.0,4.08,5.23,7.0,7.0,7.0,Traditional Winger,0.7816666666666663,-2.1383333333333336,-0.9883333333333333,0.7816666666666663,0.7816666666666663,0.7816666666666663
Jan-Niklas Beste,FC Heidenheim,281,7.0,4.09,5.1,7.0,7.0,7.93,Traditional Winger,0.6466666666666674,-2.2633333333333328,-1.253333333333333,0.6466666666666674,0.6466666666666674,1.576666666666667
Janik Haberer,Union Berlin,281,7.0,4.0,4.56,7.0,7.0,8.12,Traditional Winger,0.7199999999999998,-2.2800000000000002,-1.7200000000000006,0.7199999999999998,0.7199999999999998,1.839999999999999
Jasir Asani,Albania,282,7.0,5.45,4.96,7.0,7.0,7.3,Traditional Winger,0.5483333333333329,-1.001666666666667,-1.4916666666666671,0.5483333333333329,0.5483333333333329,0.8483333333333327
Jasmin Kurtič,Atalanta,27,7.0,4.14,4.82,7.0,7.0,7.35,Traditional Winger,0.7816666666666663,-2.078333333333334,-1.3983333333333334,0.7816666666666663,0.7816666666666663,1.131666666666666
Javier Ontiveros Parra,Huesca,90,7.0,4.0,5.21,7.0,7.0,7.81,Traditional Winger,0.6633333333333331,-2.336666666666667,-1.126666666666667,0.6633333333333331,0.6633333333333331,1.4733333333333327
Jeremie Frimpong,Bayer Leverkusen,281,7.0,4.4,5.08,7.0,7.0,7.42,Traditional Winger,0.6833333333333336,-1.916666666666666,-1.2366666666666664,0.6833333333333336,0.6833333333333336,1.1033333333333335
Jeremy Doku,Belgium,282,7.0,4.18,4.92,7.0,7.0,7.0,Traditional Winger,0.8166666666666664,-2.003333333333334,-1.2633333333333336,0.8166666666666664,0.8166666666666664,0.8166666666666664
Jesper Lindstrøm,Denmark,106,7.0,4.45,4.77,7.0,7.0,7.28,Traditional Winger,0.75,-1.7999999999999998,-1.4800000000000004,0.75,0.75,1.0300000000000002
Jesús Joaquín Fernández Sáez de la Torre,Genoa,27,7.0,4.27,5.1,7.0,7.0,7.08,Traditional Winger,0.7583333333333337,-1.9716666666666667,-1.1416666666666666,0.7583333333333337,0.7583333333333337,0.8383333333333338
Jim Allevinah,Clermont Foot,235,7.0,4.0,4.66,7.0,7.0,7.0,Traditional Winger,0.8900000000000006,-2.1099999999999994,-1.4499999999999993,0.8900000000000006,0.8900000000000006,0.8900000000000006
Joan Verdú Fernández,Fiorentina,27,7.0,4.16,4.58,7.0,7.0,7.0,Traditional Winger,0.876666666666666,-1.9633333333333338,-1.543333333333334,0.876666666666666,0.876666666666666,0.876666666666666
Joaquín Sánchez Rodríguez,Real Betis,90,7.0,4.0,4.5,7.0,7.0,7.0,Traditional Winger,0.916666666666667,-2.083333333333333,-1.583333333333333,0.916666666666667,0.916666666666667,0.916666666666667
Jodel Dossou,Clermont Foot,108,7.0,4.13,5.19,7.0,7.0,7.78,Traditional Winger,0.6499999999999995,-2.2200000000000006,-1.1600000000000001,0.6499999999999995,0.6499999999999995,1.4299999999999997
Joel Nathaniel Campbell Samuels,Costa Rica,106,7.0,4.01,4.86,7.0,7.0,7.34,Traditional Winger,0.7983333333333329,-2.1916666666666673,-1.3416666666666668,0.7983333333333329,0.7983333333333329,1.1383333333333328
Johan Bakayoko,Belgium,282,7.0,4.99,4.63,7.0,7.0,7.0,Traditional Winger,0.7299999999999995,-1.2800000000000002,-1.6400000000000006,0.7299999999999995,0.7299999999999995,0.7299999999999995
Jonas Hofmann,Bayer Leverkusen,281,7.0,4.21,4.67,7.0,7.0,7.09,Traditional Winger,0.8383333333333338,-1.9516666666666662,-1.4916666666666663,0.8383333333333338,0.8383333333333338,0.9283333333333337
Jonas Older Wind,Denmark,282,7.0,4.23,4.32,7.0,7.0,7.0,Traditional Winger,0.9083333333333341,-1.8616666666666655,-1.7716666666666656,0.9083333333333341,0.9083333333333341,0.9083333333333341
Jonathan Bamba,Lille,235,7.0,4.02,4.64,7.0,7.0,7.32,Traditional Winger,0.836666666666666,-2.1433333333333344,-1.5233333333333343,0.836666666666666,0.836666666666666,1.1566666666666663
Jonathan Ludovic Biabiany,Inter Milan,27,7.0,4.42,5.08,7.0,7.0,7.35,Traditional Winger,0.6916666666666664,-1.8883333333333336,-1.2283333333333335,0.6916666666666664,0.6916666666666664,1.041666666666666
Jonathan Rodríguez Menéndez,Deportivo Alavés,4,7.0,4.1,5.91,7.0,7.0,7.0,Traditional Winger,0.665,-2.2350000000000003,-0.4249999999999998,0.665,0.665,0.665
Jordan Ayew,Ghana,106,7.0,5.31,5.05,7.0,7.0,7.06,Traditional Winger,0.5966666666666667,-1.0933333333333337,-1.3533333333333335,0.5966666666666667,0.5966666666666667,0.6566666666666663
Joseph Alfred Duncan,Sassuolo,27,7.0,4.05,5.39,7.0,7.0,7.39,Traditional Winger,0.6950000000000003,-2.255,-0.915,0.6950000000000003,0.6950000000000003,1.085
José Antonio Reyes Calderón,Arsenal,44,7.0,4.0,5.45,7.0,7.0,7.0,Traditional Winger,0.7583333333333329,-2.241666666666667,-0.791666666666667,0.7583333333333329,0.7583333333333329,0.7583333333333329
José Antonio Rodríguez Díaz,Granada,42,7.0,4.75,5.15,7.0,7.0,7.72,Traditional Winger,0.5633333333333335,-1.6866666666666665,-1.2866666666666662,0.5633333333333335,0.5633333333333335,1.2833333333333332
José María Callejón Bueno,Napoli,27,7.0,4.08,4.64,7.0,7.0,7.36,Traditional Winger,0.8200000000000003,-2.0999999999999996,-1.54,0.8200000000000003,0.8200000000000003,1.1800000000000006
João Félix Sequeira,Portugal,106,7.0,4.04,4.8,7.0,7.0,7.0,Traditional Winger,0.8599999999999994,-2.1000000000000005,-1.3400000000000007,0.8599999999999994,0.8599999999999994,0.8599999999999994
João Mário Naval da Costa Eduardo,Portugal,106,7.0,4.27,4.92,7.0,7.0,7.0,Traditional Winger,0.8016666666666667,-1.9283333333333337,-1.2783333333333333,0.8016666666666667,0.8016666666666667,0.8016666666666667
Juan Antonio Iglesias Sánchez,Getafe,90,7.0,4.28,5.6,7.0,7.0,7.89,Traditional Winger,0.5383333333333331,-2.1816666666666666,-0.8616666666666672,0.5383333333333331,0.5383333333333331,1.4283333333333328
Juan Camilo Zúñiga Mosquera,Bologna,27,7.0,5.0,4.77,7.0,7.0,7.0,Traditional Winger,0.705000000000001,-1.294999999999999,-1.5249999999999995,0.705000000000001,0.705000000000001,0.705000000000001
Juan Guillermo Cuadrado Bello,Juventus,27,7.0,4.28,5.1,7.0,7.0,7.65,Traditional Winger,0.6616666666666662,-2.0583333333333336,-1.2383333333333342,0.6616666666666662,0.6616666666666662,1.3116666666666665
Juan Ignacio Gómez Taleb,Hellas Verona,27,7.0,4.29,4.74,7.0,7.0,7.34,Traditional Winger,0.7716666666666656,-1.9383333333333344,-1.4883333333333342,0.7716666666666656,0.7716666666666656,1.1116666666666655
Juan Miguel Jiménez López,Real Sociedad,4,7.0,4.0,4.62,7.0,7.0,7.82,Traditional Winger,0.7600000000000007,-2.2399999999999993,-1.6199999999999992,0.7600000000000007,0.7600000000000007,1.580000000000001
Jude Bellingham,England,282,7.0,4.12,4.97,7.0,7.0,7.96,Traditional Winger,0.6583333333333341,-2.221666666666666,-1.3716666666666661,0.6583333333333341,0.6583333333333341,1.618333333333334
Jules Olivier Ntcham,Genoa,27,7.0,4.13,5.14,7.0,7.0,7.75,Traditional Winger,0.663333333333334,-2.206666666666666,-1.1966666666666663,0.663333333333334,0.663333333333334,1.413333333333334
Julian Draxler,Paris Saint-Germain,108,7.0,4.57,4.86,7.0,7.0,7.0,Traditional Winger,0.7616666666666667,-1.668333333333333,-1.378333333333333,0.7616666666666667,0.7616666666666667,0.7616666666666667
Julián Álvarez,Argentina,106,7.0,4.0,4.42,7.0,7.0,6.96,Traditional Winger,0.9366666666666665,-2.0633333333333335,-1.6433333333333335,0.9366666666666665,0.9366666666666665,0.8966666666666665
Junichi Inamoto,Fulham,44,7.0,4.0,4.9,7.0,7.0,7.64,Traditional Winger,0.7433333333333332,-2.256666666666667,-1.3566666666666665,0.7433333333333332,0.7433333333333332,1.3833333333333329
Junya Ito,Japan,106,7.0,4.36,5.53,7.0,7.0,7.3,Traditional Winger,0.6350000000000007,-2.004999999999999,-0.8349999999999991,0.6350000000000007,0.6350000000000007,0.9350000000000005
Kai Havertz,Germany,282,7.0,4.08,4.8,7.0,7.0,7.0,Traditional Winger,0.8533333333333344,-2.0666666666666655,-1.3466666666666658,0.8533333333333344,0.8533333333333344,0.8533333333333344
Kamaldeen Sulemana,Ghana,106,7.0,4.9,4.86,7.0,7.0,7.0,Traditional Winger,0.7066666666666661,-1.3933333333333335,-1.4333333333333336,0.7066666666666661,0.7066666666666661,0.7066666666666661
Karl Brillant Toko Ekambi,Cameroon,106,7.0,5.44,5.0,7.0,7.0,7.0,Traditional Winger,0.5933333333333337,-0.9666666666666659,-1.4066666666666663,0.5933333333333337,0.5933333333333337,0.5933333333333337
Keisuke Honda,AC Milan,27,7.0,4.58,4.74,7.0,7.0,7.42,Traditional Winger,0.71,-1.71,-1.5499999999999998,0.71,0.71,1.13
Keita Baldé Diao,Lazio,27,7.0,4.52,5.09,7.0,7.0,7.08,Traditional Winger,0.7183333333333337,-1.7616666666666667,-1.1916666666666664,0.7183333333333337,0.7183333333333337,0.7983333333333338
Kenan Yildiz,Turkey,282,7.0,4.94,4.67,7.0,7.0,6.98,Traditional Winger,0.7349999999999994,-1.3250000000000002,-1.5950000000000006,0.7349999999999994,0.7349999999999994,0.7149999999999999
Kevin De Bruyne,Belgium,106,7.0,4.11,5.3,7.0,7.0,7.0,Traditional Winger,0.7650000000000006,-2.124999999999999,-0.9349999999999996,0.7650000000000006,0.7650000000000006,0.7650000000000006
Kevin Spadanuda,AC Ajaccio,235,7.0,4.0,4.52,7.0,7.0,8.0,Traditional Winger,0.746666666666667,-2.253333333333333,-1.7333333333333334,0.746666666666667,0.746666666666667,1.746666666666667
Keysher Fuller Spence,Costa Rica,106,7.0,4.05,5.39,7.0,7.0,7.43,Traditional Winger,0.6883333333333326,-2.2616666666666676,-0.9216666666666677,0.6883333333333326,0.6883333333333326,1.1183333333333323
Khouma El Hadji Babacar,Fiorentina,27,7.0,4.08,4.56,7.0,7.0,7.0,Traditional Winger,0.8933333333333335,-2.0266666666666664,-1.5466666666666669,0.8933333333333335,0.8933333333333335,0.8933333333333335
Khvicha Kvaratskhelia,Georgia,282,7.0,4.19,5.59,7.0,7.0,7.0,Traditional Winger,0.7033333333333331,-2.1066666666666665,-0.706666666666667,0.7033333333333331,0.7033333333333331,0.7033333333333331
Khéphren Thuram-Ulien,OGC Nice,235,7.0,4.12,5.16,7.0,7.0,8.04,Traditional Winger,0.6133333333333333,-2.2666666666666666,-1.2266666666666666,0.6133333333333333,0.6133333333333333,1.6533333333333324
Konrad Laimer,Austria,282,7.0,4.06,4.98,7.0,7.0,8.1,Traditional Winger,0.6433333333333335,-2.296666666666667,-1.376666666666666,0.6433333333333335,0.6433333333333335,1.7433333333333332
Krépin Diatta,Senegal,106,7.0,4.81,5.08,7.0,7.0,7.08,Traditional Winger,0.6716666666666669,-1.5183333333333335,-1.248333333333333,0.6716666666666669,0.6716666666666669,0.7516666666666669
Kylian Mbappé Lottin,Paris Saint-Germain,108,7.0,4.11,4.85,7.0,7.0,7.13,Traditional Winger,0.8183333333333325,-2.071666666666667,-1.3316666666666679,0.8183333333333325,0.8183333333333325,0.9483333333333324
Lamine Yamal Nasraoui Ebana,Spain,282,7.0,4.64,4.97,7.0,7.0,7.3,Traditional Winger,0.6816666666666675,-1.6783333333333328,-1.3483333333333327,0.6816666666666675,0.6816666666666675,0.9816666666666674
Lassine Sinayoko,Auxerre,235,7.0,4.08,4.97,7.0,7.0,7.74,Traditional Winger,0.7016666666666671,-2.218333333333333,-1.3283333333333331,0.7016666666666671,0.7016666666666671,1.4416666666666673
Lazaros Christodoulopoulos,Sampdoria,27,7.0,4.82,5.0,7.0,7.0,7.0,Traditional Winger,0.6966666666666663,-1.4833333333333334,-1.3033333333333337,0.6966666666666663,0.6966666666666663,0.6966666666666663
Leandro Greco,Hellas Verona,27,7.0,4.0,4.98,7.0,7.0,7.19,Traditional Winger,0.8049999999999997,-2.1950000000000003,-1.2149999999999999,0.8049999999999997,0.8049999999999997,0.9950000000000001
Leandro Trossard,Belgium,282,7.0,4.73,4.7,7.0,7.0,7.1,Traditional Winger,0.7450000000000001,-1.5249999999999995,-1.5549999999999997,0.7450000000000001,0.7450000000000001,0.8449999999999998
Leonardo Carrilho Baptistão,Espanyol,4,7.0,4.0,4.87,7.0,7.0,7.0,Traditional Winger,0.8549999999999995,-2.1450000000000005,-1.2750000000000004,0.8549999999999995,0.8549999999999995,0.8549999999999995
Leroy Sané,Germany,282,7.0,5.35,4.68,7.0,7.0,7.11,Traditional Winger,0.6433333333333335,-1.0066666666666668,-1.6766666666666667,0.6433333333333335,0.6433333333333335,0.7533333333333339
Lionel Andrés Messi Cuccittini,Barcelona,4,6.94,4.14,5.27,7.0,7.0,7.11,Traditional Winger,0.6966666666666672,-2.1033333333333335,-0.9733333333333336,0.7566666666666668,0.7566666666666668,0.8666666666666671
Lorenzo Insigne,Napoli,27,7.0,4.11,4.9,7.0,7.0,7.12,Traditional Winger,0.8116666666666674,-2.0783333333333323,-1.2883333333333322,0.8116666666666674,0.8116666666666674,0.9316666666666675
Lorenzo Pasciuti,Carpi,27,7.0,4.1,5.37,7.0,7.0,7.98,Traditional Winger,0.5916666666666659,-2.3083333333333345,-1.038333333333334,0.5916666666666659,0.5916666666666659,1.5716666666666663
Lorenzo Pellegrini,Italy,282,7.0,4.08,4.95,7.0,7.0,7.32,Traditional Winger,0.7749999999999995,-2.1450000000000005,-1.2750000000000004,0.7749999999999995,0.7749999999999995,1.0949999999999998
Lovro Majer,Croatia,282,7.0,4.08,4.66,7.0,7.0,7.45,Traditional Winger,0.8016666666666659,-2.118333333333334,-1.538333333333334,0.8016666666666659,0.8016666666666659,1.251666666666666
Luca Paganini,Frosinone,27,7.0,4.75,5.3,7.0,7.0,7.65,Traditional Winger,0.5499999999999998,-1.7000000000000002,-1.1500000000000004,0.5499999999999998,0.5499999999999998,1.2000000000000002
Luca Rigoni,Palermo,27,7.0,4.22,4.75,7.0,7.0,8.08,Traditional Winger,0.6583333333333341,-2.121666666666666,-1.591666666666666,0.6583333333333341,0.6583333333333341,1.7383333333333342
Luca Rizzo,Bologna,27,7.0,4.78,5.25,7.0,7.0,7.44,Traditional Winger,0.5883333333333338,-1.631666666666666,-1.1616666666666662,0.5883333333333338,0.5883333333333338,1.0283333333333342
Luca Siligardi,Hellas Verona,27,7.0,4.77,5.11,7.0,7.0,7.44,Traditional Winger,0.6133333333333333,-1.6166666666666671,-1.2766666666666664,0.6133333333333333,0.6133333333333333,1.0533333333333337
Lucas Ariel Ocampos,Sevilla,42,7.0,4.09,5.31,7.0,7.0,7.26,Traditional Winger,0.7233333333333336,-2.1866666666666665,-0.9666666666666668,0.7233333333333336,0.7233333333333336,0.9833333333333334
Lucas Höler,Freiburg,281,7.0,4.17,5.34,7.0,7.0,7.0,Traditional Winger,0.748333333333334,-2.081666666666666,-0.9116666666666662,0.748333333333334,0.748333333333334,0.748333333333334
Lucas Nahuel Castro,Chievo,27,7.0,4.05,5.34,7.0,7.0,7.98,Traditional Winger,0.6049999999999995,-2.3450000000000006,-1.0550000000000006,0.6049999999999995,0.6049999999999995,1.585
Ludovic Blas,Nantes,235,7.0,4.06,4.75,7.0,7.0,7.0,Traditional Winger,0.8649999999999993,-2.075000000000001,-1.3850000000000007,0.8649999999999993,0.8649999999999993,0.8649999999999993
Luis Fernando Muriel Fruto,Sampdoria,27,7.0,4.83,4.75,7.0,7.0,7.0,Traditional Winger,0.7366666666666672,-1.4333333333333327,-1.5133333333333328,0.7366666666666672,0.7366666666666672,0.7366666666666672
Luka Sučić,Croatia,282,7.0,4.06,4.6,7.0,7.0,7.65,Traditional Winger,0.7816666666666672,-2.158333333333333,-1.6183333333333332,0.7816666666666672,0.7816666666666672,1.4316666666666675
Lukáš Haraslín,Slovakia,282,7.0,4.86,5.03,7.0,7.0,7.0,Traditional Winger,0.6849999999999996,-1.455,-1.2850000000000001,0.6849999999999996,0.6849999999999996,0.6849999999999996
M''Baye Babacar Niang,AC Milan,27,7.0,4.06,5.23,7.0,7.0,7.14,Traditional Winger,0.7616666666666667,-2.1783333333333337,-1.0083333333333329,0.7616666666666667,0.7616666666666667,0.9016666666666664
Malcom Filipe Silva de Oliveira,Barcelona,4,7.0,4.6,4.53,7.0,7.0,6.82,Traditional Winger,0.8416666666666659,-1.5583333333333345,-1.6283333333333339,0.8416666666666659,0.8416666666666659,0.6616666666666662
Manuel Pucciarelli,Empoli,27,7.0,4.12,4.73,7.0,7.0,7.55,Traditional Winger,0.7666666666666666,-2.1133333333333333,-1.503333333333333,0.7666666666666666,0.7666666666666666,1.3166666666666664
Marc Cucurella Saseta,Eibar,4,7.0,4.0,4.71,7.0,7.0,8.29,Traditional Winger,0.666666666666667,-2.333333333333333,-1.623333333333333,0.666666666666667,0.666666666666667,1.956666666666666
Marcel Sabitzer,Austria,282,7.0,4.1,5.02,7.0,7.0,7.17,Traditional Winger,0.7850000000000001,-2.115,-1.1950000000000003,0.7850000000000001,0.7850000000000001,0.9550000000000001
Marcelo Brozović,Inter Milan,27,7.0,4.05,5.28,7.0,7.0,7.91,Traditional Winger,0.626666666666666,-2.323333333333334,-1.0933333333333337,0.626666666666666,0.626666666666666,1.5366666666666662
Marco Asensio Willemsen,Spain,106,7.0,4.03,4.75,7.0,7.0,7.0,Traditional Winger,0.8700000000000001,-2.0999999999999996,-1.38,0.8700000000000001,0.8700000000000001,0.8700000000000001
Marco Borriello,Carpi,27,7.0,4.19,4.76,7.0,7.0,7.32,Traditional Winger,0.7883333333333331,-2.0216666666666665,-1.451666666666667,0.7883333333333331,0.7883333333333331,1.1083333333333334
Marco Crimi,Carpi,27,7.0,4.0,4.99,7.0,7.0,7.87,Traditional Winger,0.6900000000000004,-2.3099999999999996,-1.3199999999999994,0.6900000000000004,0.6900000000000004,1.5600000000000005
Marco D''Alessandro,Atalanta,27,7.0,4.65,5.29,7.0,7.0,7.37,Traditional Winger,0.6149999999999993,-1.7350000000000003,-1.0950000000000006,0.6149999999999993,0.6149999999999993,0.9849999999999994
Marco Reus,Borussia Dortmund,281,7.0,4.76,5.1,7.0,7.0,7.44,Traditional Winger,0.6166666666666671,-1.623333333333333,-1.2833333333333332,0.6166666666666671,0.6166666666666671,1.0566666666666675
Marcos Javier Acuña,Argentina,106,7.0,4.17,5.15,7.0,7.0,7.0,Traditional Winger,0.7800000000000002,-2.05,-1.0699999999999994,0.7800000000000002,0.7800000000000002,0.7800000000000002
Marcos Paulo Mesquita Lopes,Troyes,235,7.0,4.24,4.74,7.0,7.0,7.0,Traditional Winger,0.836666666666666,-1.9233333333333338,-1.4233333333333338,0.836666666666666,0.836666666666666,0.836666666666666
Marcus Coco,Nantes,108,7.0,4.12,5.14,7.0,7.0,7.75,Traditional Winger,0.6649999999999991,-2.2150000000000007,-1.1950000000000012,0.6649999999999991,0.6649999999999991,1.4149999999999991
Marcus Rashford,England,106,7.0,5.11,4.62,7.0,7.0,7.0,Traditional Winger,0.711666666666666,-1.1783333333333337,-1.668333333333334,0.711666666666666,0.711666666666666,0.711666666666666
Marcus Thuram,France,106,7.0,5.2,5.34,7.0,7.0,7.53,Traditional Winger,0.4883333333333333,-1.3116666666666665,-1.1716666666666669,0.4883333333333333,0.4883333333333333,1.0183333333333335
Mario Pašalić,Croatia,106,7.0,4.88,4.89,7.0,7.0,7.0,Traditional Winger,0.705000000000001,-1.4149999999999991,-1.4049999999999994,0.705000000000001,0.705000000000001,0.705000000000001
Marius Wolf,Borussia Dortmund,281,7.0,4.0,6.1,7.0,7.0,8.24,Traditional Winger,0.44333333333333247,-2.5566666666666675,-0.4566666666666679,0.44333333333333247,0.44333333333333247,1.6833333333333327
Markel Susaeta Laskurain,Athletic Club,4,7.0,4.28,4.7,7.0,7.0,7.0,Traditional Winger,0.836666666666666,-1.8833333333333337,-1.4633333333333338,0.836666666666666,0.836666666666666,0.836666666666666
Martin Braithwaite Christensen,Barcelona,90,7.0,4.68,4.59,7.0,7.0,7.0,Traditional Winger,0.788333333333334,-1.5316666666666663,-1.6216666666666661,0.788333333333334,0.788333333333334,0.788333333333334
Martin Terrier,Rennes,108,7.0,4.0,4.71,7.0,7.0,7.71,Traditional Winger,0.7633333333333328,-2.2366666666666672,-1.5266666666666673,0.7633333333333328,0.7633333333333328,1.4733333333333327
Massimiliano Carlini,Frosinone,27,7.0,4.93,5.05,7.0,7.0,7.73,Traditional Winger,0.5483333333333329,-1.5216666666666674,-1.4016666666666673,0.5483333333333329,0.5483333333333329,1.2783333333333333
Mathew Leckie,Australia,106,7.0,4.04,5.05,7.0,7.0,7.88,Traditional Winger,0.6716666666666669,-2.288333333333333,-1.2783333333333333,0.6716666666666669,0.6716666666666669,1.5516666666666667
Mathias Autret,Auxerre,235,7.0,4.18,4.87,7.0,7.0,7.99,Traditional Winger,0.6600000000000001,-2.16,-1.4699999999999998,0.6600000000000001,0.6600000000000001,1.6500000000000004
Matteo Politano,Sassuolo,27,7.0,4.81,5.22,7.0,7.0,7.29,Traditional Winger,0.6133333333333333,-1.576666666666667,-1.166666666666667,0.6133333333333333,0.6133333333333333,0.9033333333333333
Mattia Zaccagni,Italy,282,7.0,5.29,4.78,7.0,7.0,7.0,Traditional Winger,0.6550000000000002,-1.0549999999999997,-1.5649999999999995,0.6550000000000002,0.6550000000000002,0.6550000000000002
Mattéo Guendouzi Olié,France,106,7.0,4.0,4.66,7.0,7.0,7.0,Traditional Winger,0.8900000000000006,-2.1099999999999994,-1.4499999999999993,0.8900000000000006,0.8900000000000006,0.8900000000000006
Matías Ariel Fernández Fernández,Fiorentina,27,7.0,4.15,4.98,7.0,7.0,7.08,Traditional Winger,0.7983333333333329,-2.0516666666666667,-1.2216666666666667,0.7983333333333329,0.7983333333333329,0.878333333333333
Matúš Bero,Bochum,281,7.0,4.0,4.7,7.0,7.0,7.87,Traditional Winger,0.7383333333333333,-2.2616666666666667,-1.5616666666666665,0.7383333333333333,0.7383333333333333,1.6083333333333334
Mauro Matías Zárate,Fiorentina,27,7.0,5.0,4.87,7.0,7.0,7.05,Traditional Winger,0.6799999999999997,-1.3200000000000003,-1.4500000000000002,0.6799999999999997,0.6799999999999997,0.7299999999999995
Maximilian Wittek,Bochum,281,7.0,4.0,5.51,7.0,7.0,7.0,Traditional Winger,0.748333333333334,-2.251666666666666,-0.7416666666666663,0.748333333333334,0.748333333333334,0.748333333333334
Maximiliano Nicol Moralez,Atalanta,27,7.0,4.11,4.84,7.0,7.0,7.68,Traditional Winger,0.7283333333333344,-2.1616666666666653,-1.4316666666666658,0.7283333333333344,0.7283333333333344,1.408333333333334
Memphis Depay,Netherlands,282,7.0,4.32,4.45,7.0,7.0,7.0,Traditional Winger,0.871666666666667,-1.8083333333333327,-1.6783333333333328,0.871666666666667,0.871666666666667,0.871666666666667
Mickaël Barreto,AC Ajaccio,235,7.0,4.0,4.84,7.0,7.0,8.1,Traditional Winger,0.6766666666666667,-2.3233333333333333,-1.4833333333333334,0.6766666666666667,0.6766666666666667,1.7766666666666664
Mikel Merino Zazón,Spain,282,7.0,4.16,5.0,7.0,7.0,7.0,Traditional Winger,0.8066666666666675,-2.0333333333333323,-1.1933333333333325,0.8066666666666675,0.8066666666666675,0.8066666666666675
Mikel Oyarzabal Ugarte,Real Sociedad,4,7.0,4.0,4.38,7.0,7.0,7.58,Traditional Winger,0.8399999999999999,-2.16,-1.7800000000000002,0.8399999999999999,0.8399999999999999,1.42
Mikkel Damsgaard,Denmark,106,7.0,4.08,5.0,7.0,7.0,7.16,Traditional Winger,0.7933333333333339,-2.126666666666666,-1.206666666666666,0.7933333333333339,0.7933333333333339,0.953333333333334
Mislav Oršić,Croatia,106,7.0,4.57,4.98,7.0,7.0,7.39,Traditional Winger,0.6766666666666667,-1.753333333333333,-1.3433333333333328,0.6766666666666667,0.6766666666666667,1.0666666666666664
Mohamed Salah,AS Roma,27,7.0,4.2,4.81,7.0,7.0,7.16,Traditional Winger,0.8049999999999997,-1.995,-1.3850000000000007,0.8049999999999997,0.8049999999999997,0.9649999999999999
Mohammed Kudus,Ghana,106,7.0,4.0,5.1,7.0,7.0,7.51,Traditional Winger,0.7316666666666665,-2.2683333333333335,-1.168333333333334,0.7316666666666665,0.7316666666666665,1.2416666666666663
Moisés Gómez Bordonado,Villarreal,90,7.0,4.05,5.03,7.0,7.0,7.1,Traditional Winger,0.8033333333333337,-2.1466666666666665,-1.166666666666666,0.8033333333333337,0.8033333333333337,0.9033333333333333
Muhammed Kerem Aktürkoğlu,Turkey,282,7.0,5.51,5.48,7.0,7.0,7.0,Traditional Winger,0.501666666666666,-0.9883333333333342,-1.0183333333333335,0.501666666666666,0.501666666666666,0.501666666666666
Munir El Haddadi Mohamed,Sevilla,42,7.0,4.13,5.03,7.0,7.0,7.51,Traditional Winger,0.7216666666666667,-2.1483333333333334,-1.248333333333333,0.7216666666666667,0.7216666666666667,1.2316666666666665
Mykhailo Mudryk,Ukraine,282,7.0,4.13,5.46,7.0,7.0,7.0,Traditional Winger,0.7349999999999994,-2.1350000000000007,-0.8050000000000006,0.7349999999999994,0.7349999999999994,0.7349999999999994
Nathan Ngoumou Minpole,Borussia Mönchengladbach,281,7.0,4.18,5.41,7.0,7.0,8.1,Traditional Winger,0.5516666666666667,-2.2683333333333335,-1.038333333333333,0.5516666666666667,0.5516666666666667,1.6516666666666664
Nathan Tella,Bayer Leverkusen,281,7.0,4.28,4.58,7.0,7.0,7.12,Traditional Winger,0.8366666666666669,-1.8833333333333329,-1.583333333333333,0.8366666666666669,0.8366666666666669,0.956666666666667
Naïm Sliti,Tunisia,106,7.0,4.77,5.11,7.0,7.0,7.31,Traditional Winger,0.6350000000000007,-1.5949999999999998,-1.254999999999999,0.6350000000000007,0.6350000000000007,0.9450000000000003
Nedim Bajrami,Albania,282,7.0,4.0,4.9,7.0,7.0,7.0,Traditional Winger,0.8500000000000005,-2.1499999999999995,-1.2499999999999991,0.8500000000000005,0.8500000000000005,0.8500000000000005
Neymar da Silva Santos Junior,Paris Saint-Germain,108,7.0,4.11,4.9,7.0,7.0,7.39,Traditional Winger,0.7666666666666666,-2.123333333333333,-1.333333333333333,0.7666666666666666,0.7666666666666666,1.1566666666666663
Nicholas Williams Arthuer,Spain,282,7.0,4.12,4.85,7.0,7.0,7.33,Traditional Winger,0.7833333333333341,-2.096666666666666,-1.3666666666666663,0.7833333333333341,0.7833333333333341,1.1133333333333342
Nicola Sansone,Sassuolo,27,7.0,4.28,4.92,7.0,7.0,7.33,Traditional Winger,0.7450000000000001,-1.9749999999999996,-1.335,0.7450000000000001,0.7450000000000001,1.0750000000000002
Nicolas Pépé,OGC Nice,235,7.0,4.14,4.39,7.0,7.0,7.8,Traditional Winger,0.7783333333333333,-2.081666666666667,-1.831666666666667,0.7783333333333333,0.7783333333333333,1.5783333333333331
Nicolò Barella,Italy,282,7.0,4.02,4.73,7.0,7.0,7.0,Traditional Winger,0.875,-2.1050000000000004,-1.3949999999999996,0.875,0.875,0.875
Noah Mbamba,Bayer Leverkusen,281,7.0,4.41,4.5,7.0,7.0,7.0,Traditional Winger,0.8483333333333336,-1.7416666666666663,-1.6516666666666664,0.8483333333333336,0.8483333333333336,0.8483333333333336
Oliver Kragl,Frosinone,27,7.0,4.55,5.53,7.0,7.0,7.48,Traditional Winger,0.5733333333333333,-1.876666666666667,-0.8966666666666665,0.5733333333333333,0.5733333333333333,1.0533333333333337
Oscar Hiljemark,Palermo,27,7.0,4.12,5.23,7.0,7.0,7.62,Traditional Winger,0.6716666666666669,-2.208333333333333,-1.0983333333333327,0.6716666666666669,0.6716666666666669,1.291666666666667
Ousmane Dembélé,Barcelona,4,7.0,4.18,4.86,7.0,7.0,7.08,Traditional Winger,0.8133333333333335,-2.006666666666667,-1.3266666666666662,0.8133333333333335,0.8133333333333335,0.8933333333333335
Pablo Sarabia García,Paris Saint-Germain,235,7.0,4.38,4.56,7.0,7.0,7.0,Traditional Winger,0.8433333333333337,-1.7766666666666664,-1.5966666666666667,0.8433333333333337,0.8433333333333337,0.8433333333333337
Pape Matar Sarr,Metz,108,7.0,4.0,5.41,7.0,7.0,7.55,Traditional Winger,0.6733333333333329,-2.326666666666667,-0.916666666666667,0.6733333333333329,0.6733333333333329,1.2233333333333327
Patrick Wimmer,Austria,282,7.0,5.28,5.24,7.0,7.0,7.65,Traditional Winger,0.4716666666666667,-1.248333333333333,-1.288333333333333,0.4716666666666667,0.4716666666666667,1.121666666666667
Paul Pogba,Juventus,27,7.0,4.19,5.64,7.0,7.0,8.31,Traditional Winger,0.47666666666666657,-2.333333333333333,-0.8833333333333337,0.47666666666666657,0.47666666666666657,1.786666666666667
Paul-José M''Poku Ebunge,Chievo,27,7.0,4.7,5.03,7.0,7.0,7.65,Traditional Winger,0.6033333333333326,-1.6966666666666672,-1.3666666666666671,0.6033333333333326,0.6033333333333326,1.253333333333333
Paweł Wszołek,Hellas Verona,27,7.0,4.14,5.15,7.0,7.0,7.2,Traditional Winger,0.751666666666666,-2.1083333333333343,-1.0983333333333336,0.751666666666666,0.751666666666666,0.9516666666666662
Pedro González López,Barcelona,90,7.0,4.73,4.88,7.0,7.0,7.5,Traditional Winger,0.6483333333333334,-1.6216666666666661,-1.4716666666666667,0.6483333333333334,0.6483333333333334,1.1483333333333334
Pedro Lomba Neto,Portugal,282,7.0,4.0,5.16,7.0,7.0,7.0,Traditional Winger,0.8066666666666675,-2.1933333333333325,-1.0333333333333323,0.8066666666666675,0.8066666666666675,0.8066666666666675
Pere Milla Peña,Elche,90,7.0,4.0,5.01,7.0,7.0,8.23,Traditional Winger,0.6266666666666678,-2.373333333333332,-1.3633333333333324,0.6266666666666678,0.6266666666666678,1.8566666666666682
Phil Foden,England,282,7.0,4.04,4.56,7.0,7.0,7.25,Traditional Winger,0.8583333333333343,-2.1016666666666657,-1.581666666666666,0.8583333333333343,0.8583333333333343,1.1083333333333343
Philip Foden,England,106,7.0,4.12,4.56,7.0,7.0,7.0,Traditional Winger,0.8866666666666667,-1.9933333333333332,-1.5533333333333337,0.8866666666666667,0.8866666666666667,0.8866666666666667
Philippe Coutinho Correia,Barcelona,4,7.0,4.25,4.76,7.0,7.0,7.2,Traditional Winger,0.7983333333333329,-1.951666666666667,-1.4416666666666673,0.7983333333333329,0.7983333333333329,0.9983333333333331
Pierre Lees Melou,Stade Brestois,235,7.0,4.14,5.13,7.0,7.0,7.87,Traditional Winger,0.6433333333333335,-2.216666666666667,-1.2266666666666666,0.6433333333333335,0.6433333333333335,1.5133333333333336
Pione Sisto Ifolo Emirmija,Celta Vigo,4,7.0,4.36,4.99,7.0,7.0,7.0,Traditional Winger,0.7749999999999995,-1.8650000000000002,-1.2350000000000003,0.7749999999999995,0.7749999999999995,0.7749999999999995
Pol Mikel Lirola Kosok,Marseille,108,7.0,4.1,4.71,7.0,7.0,7.88,Traditional Winger,0.7183333333333337,-2.1816666666666666,-1.5716666666666663,0.7183333333333337,0.7183333333333337,1.5983333333333336
Przemysław Frankowski,Lens,108,7.0,4.0,4.52,7.0,7.0,7.99,Traditional Winger,0.748333333333334,-2.251666666666666,-1.7316666666666665,0.748333333333334,0.748333333333334,1.7383333333333342
Radja Nainggolan,AS Roma,27,7.0,4.0,4.54,7.0,7.0,7.0,Traditional Winger,0.9100000000000001,-2.09,-1.5499999999999998,0.9100000000000001,0.9100000000000001,0.9100000000000001
Rafael Rogério da Silva,Toulouse,235,7.0,4.22,5.45,7.0,7.0,8.05,Traditional Winger,0.5466666666666669,-2.2333333333333334,-1.003333333333333,0.5466666666666669,0.5466666666666669,1.5966666666666676
Raheem Sterling,England,106,7.0,4.2,4.71,7.0,7.0,7.0,Traditional Winger,0.8483333333333336,-1.9516666666666662,-1.4416666666666664,0.8483333333333336,0.8483333333333336,0.8483333333333336
Randal Kolo Muani,France,106,7.0,4.47,4.96,7.0,7.0,7.57,Traditional Winger,0.666666666666667,-1.8633333333333333,-1.373333333333333,0.666666666666667,0.666666666666667,1.2366666666666672
Raphael Dias Belloli,Brazil,106,7.0,4.31,4.91,7.0,7.0,6.96,Traditional Winger,0.8033333333333337,-1.8866666666666667,-1.2866666666666662,0.8033333333333337,0.8033333333333337,0.7633333333333336
Raúl García Escudero,Athletic Club,4,7.0,4.0,5.37,7.0,7.0,7.0,Traditional Winger,0.7716666666666656,-2.2283333333333344,-0.8583333333333343,0.7716666666666656,0.7716666666666656,0.7716666666666656
Renaud Ripart,Troyes,108,7.0,4.0,5.05,7.0,7.0,7.76,Traditional Winger,0.6983333333333333,-2.3016666666666667,-1.251666666666667,0.6983333333333333,0.6983333333333333,1.458333333333333
Ricard Puig Martí,Barcelona,90,7.0,4.0,4.8,7.0,7.0,7.0,Traditional Winger,0.8666666666666671,-2.133333333333333,-1.333333333333333,0.8666666666666671,0.8666666666666671,0.8666666666666671
Ricardo Gabriel Álvarez,Sampdoria,27,7.0,4.1,5.04,7.0,7.0,7.33,Traditional Winger,0.7549999999999999,-2.1450000000000005,-1.205,0.7549999999999999,0.7549999999999999,1.085
Ricardo Jorge Luz Horta,Portugal,106,7.0,4.89,4.83,7.0,7.0,7.0,Traditional Winger,0.7133333333333338,-1.3966666666666665,-1.456666666666666,0.7133333333333338,0.7133333333333338,0.7133333333333338
Ricardo Kishna,Lazio,27,7.0,4.68,5.1,7.0,7.0,7.26,Traditional Winger,0.6600000000000001,-1.6600000000000001,-1.2400000000000002,0.6600000000000001,0.6600000000000001,0.9199999999999999
Riccardo Meggiorini,Chievo,27,7.0,5.68,5.55,7.0,7.0,7.38,Traditional Winger,0.39833333333333254,-0.9216666666666677,-1.0516666666666676,0.39833333333333254,0.39833333333333254,0.7783333333333324
Riccardo Saponara,Empoli,27,7.0,4.2,4.96,7.0,7.0,7.16,Traditional Winger,0.7800000000000002,-2.0199999999999996,-1.2599999999999998,0.7800000000000002,0.7800000000000002,0.9400000000000004
Riley McGree,Australia,106,7.0,4.21,4.65,7.0,7.0,7.44,Traditional Winger,0.7833333333333341,-2.006666666666666,-1.5666666666666655,0.7833333333333341,0.7833333333333341,1.2233333333333345
Ritsu Doan,Japan,106,7.0,5.01,4.98,7.0,7.0,7.16,Traditional Winger,0.6416666666666657,-1.3483333333333345,-1.3783333333333339,0.6416666666666657,0.6416666666666657,0.8016666666666659
Robert Pirès,Arsenal,44,7.0,4.0,5.34,7.0,7.0,7.56,Traditional Winger,0.6833333333333336,-2.3166666666666664,-0.9766666666666666,0.6833333333333336,0.6833333333333336,1.2433333333333332
Roberto Maximiliano Pereyra,Juventus,27,7.0,4.21,4.89,7.0,7.0,7.36,Traditional Winger,0.7566666666666668,-2.033333333333333,-1.3533333333333335,0.7566666666666668,0.7566666666666668,1.1166666666666671
Robin Quaison,Palermo,27,7.0,5.06,4.98,7.0,7.0,7.53,Traditional Winger,0.5716666666666663,-1.368333333333334,-1.4483333333333333,0.5716666666666663,0.5716666666666663,1.1016666666666666
Rodrigo Sebastián Palacio,Inter Milan,27,7.0,4.48,5.04,7.0,7.0,7.33,Traditional Winger,0.6916666666666664,-1.8283333333333331,-1.2683333333333335,0.6916666666666664,0.6916666666666664,1.0216666666666665
Romano Schmid,Austria,282,7.0,4.13,4.75,7.0,7.0,7.49,Traditional Winger,0.7716666666666674,-2.0983333333333327,-1.4783333333333326,0.7716666666666674,0.7716666666666674,1.2616666666666676
Ronald Alberto Matarrita Ulate,Costa Rica,106,7.0,4.0,5.81,7.0,7.0,7.0,Traditional Winger,0.6983333333333333,-2.3016666666666667,-0.49166666666666714,0.6983333333333333,0.6983333333333333,0.6983333333333333
Roque Mesa Quevedo,Sevilla,4,7.0,4.0,5.16,7.0,7.0,7.0,Traditional Winger,0.8066666666666675,-2.1933333333333325,-1.0333333333333323,0.8066666666666675,0.8066666666666675,0.8066666666666675
Ross Barkley,OGC Nice,235,7.0,4.0,4.71,7.0,7.0,7.0,Traditional Winger,0.8816666666666668,-2.118333333333333,-1.4083333333333332,0.8816666666666668,0.8816666666666668,0.8816666666666668
Ruben Vargas,Switzerland,106,7.0,4.19,5.13,7.0,7.0,7.27,Traditional Winger,0.7349999999999994,-2.075,-1.1350000000000007,0.7349999999999994,0.7349999999999994,1.004999999999999
Ryan Giggs,Manchester United,44,7.0,4.06,5.17,7.0,7.0,7.72,Traditional Winger,0.6750000000000007,-2.2649999999999997,-1.1549999999999994,0.6750000000000007,0.6750000000000007,1.3950000000000005
Ryder Matos Santos,Carpi,27,7.0,4.22,4.96,7.0,7.0,7.18,Traditional Winger,0.7733333333333334,-2.006666666666667,-1.2666666666666666,0.7733333333333334,0.7733333333333334,0.9533333333333331
Rémy Cabella,Lille,235,7.0,4.1,4.91,7.0,7.0,8.04,Traditional Winger,0.6583333333333341,-2.2416666666666663,-1.4316666666666658,0.6583333333333341,0.6583333333333341,1.6983333333333333
Sacha Delaye,Montpellier,108,7.0,4.0,5.0,7.0,7.0,7.74,Traditional Winger,0.71,-2.29,-1.29,0.71,0.71,1.4500000000000002
Salem Mohammed Al Dawsari,Saudi Arabia,106,7.0,4.17,5.04,7.0,7.0,7.35,Traditional Winger,0.7399999999999993,-2.0900000000000007,-1.2200000000000006,0.7399999999999993,0.7399999999999993,1.089999999999999
Saman Ghoddos,Iran,106,7.0,4.11,4.84,7.0,7.0,7.0,Traditional Winger,0.8416666666666659,-2.048333333333334,-1.3183333333333342,0.8416666666666659,0.8416666666666659,0.8416666666666659
Samuel Chimerenka Chukwueze,Villarreal,42,7.0,4.04,5.33,7.0,7.0,7.37,Traditional Winger,0.7100000000000009,-2.249999999999999,-0.9599999999999991,0.7100000000000009,0.7100000000000009,1.080000000000001
Sang-Ho Na,South Korea,106,7.0,4.19,4.86,7.0,7.0,7.59,Traditional Winger,0.7266666666666666,-2.083333333333333,-1.413333333333333,0.7266666666666666,0.7266666666666666,1.3166666666666664
Santiago Cazorla González,Villarreal,42,7.0,4.1,4.98,7.0,7.0,7.0,Traditional Winger,0.8200000000000003,-2.08,-1.1999999999999993,0.8200000000000003,0.8200000000000003,0.8200000000000003
Saphir Sliti Taïder,Bologna,27,7.0,4.07,4.69,7.0,7.0,7.86,Traditional Winger,0.7299999999999995,-2.2,-1.58,0.7299999999999995,0.7299999999999995,1.5899999999999999
Saîf-Eddine Khaoui,Clermont Foot,108,7.0,4.0,4.78,7.0,7.0,8.02,Traditional Winger,0.7000000000000002,-2.3,-1.5199999999999996,0.7000000000000002,0.7000000000000002,1.7199999999999998
Saúl Ñíguez Esclapez,Atlético Madrid,90,7.0,4.0,4.65,7.0,7.0,7.0,Traditional Winger,0.8916666666666666,-2.1083333333333334,-1.458333333333333,0.8916666666666666,0.8916666666666666,0.8916666666666666
Saša Lukić,Serbia,282,7.0,4.0,5.01,7.0,7.0,7.16,Traditional Winger,0.8049999999999997,-2.1950000000000003,-1.1850000000000005,0.8049999999999997,0.8049999999999997,0.9649999999999999
Seko Fofana,Lens,108,7.0,4.17,5.04,7.0,7.0,7.0,Traditional Winger,0.7983333333333329,-2.031666666666667,-1.161666666666667,0.7983333333333329,0.7983333333333329,0.7983333333333329
Senad Lulić,Lazio,27,7.0,4.55,5.5,7.0,7.0,7.62,Traditional Winger,0.5549999999999997,-1.8950000000000005,-0.9450000000000003,0.5549999999999997,0.5549999999999997,1.1749999999999998
Serge Gakpé,Genoa,27,7.0,5.3,5.12,7.0,7.0,7.39,Traditional Winger,0.5316666666666663,-1.168333333333334,-1.3483333333333336,0.5316666666666663,0.5316666666666663,0.921666666666666
Serge Gnabry,Germany,106,7.0,4.1,4.56,7.0,7.0,7.22,Traditional Winger,0.8533333333333326,-2.0466666666666677,-1.5866666666666678,0.8533333333333326,0.8533333333333326,1.0733333333333324
Sergi Roberto Carnicer,Barcelona,4,7.0,4.27,4.57,7.0,7.0,7.0,Traditional Winger,0.8599999999999994,-1.870000000000001,-1.5700000000000003,0.8599999999999994,0.8599999999999994,0.8599999999999994
Sergio Busquets i Burgos,Barcelona,90,7.0,4.0,4.48,7.0,7.0,7.0,Traditional Winger,0.919999999999999,-2.080000000000001,-1.6000000000000005,0.919999999999999,0.919999999999999,0.919999999999999
Sergio Canales Madrazo,Real Betis,90,7.0,4.17,5.45,7.0,7.0,7.0,Traditional Winger,0.7299999999999995,-2.1000000000000005,-0.8200000000000003,0.7299999999999995,0.7299999999999995,0.7299999999999995
Sergio Floccari,Bologna,27,7.0,4.8,4.71,7.0,7.0,7.31,Traditional Winger,0.6966666666666663,-1.5033333333333339,-1.5933333333333337,0.6966666666666663,0.6966666666666663,1.006666666666666
Sergio Gómez Martín,Huesca,90,7.0,4.0,5.58,7.0,7.0,7.99,Traditional Winger,0.5716666666666663,-2.4283333333333337,-0.8483333333333336,0.5716666666666663,0.5716666666666663,1.5616666666666665
Sheraldo Becker,Union Berlin,281,7.0,4.07,4.8,7.0,7.0,7.0,Traditional Winger,0.8549999999999995,-2.075,-1.3450000000000006,0.8549999999999995,0.8549999999999995,0.8549999999999995
Simone Pepe,Chievo,27,7.0,4.51,5.0,7.0,7.0,7.0,Traditional Winger,0.748333333333334,-1.7416666666666663,-1.251666666666666,0.748333333333334,0.748333333333334,0.748333333333334
Sofiane Boufal,Morocco,106,7.0,4.09,5.44,7.0,7.0,7.19,Traditional Winger,0.7133333333333338,-2.1966666666666663,-0.8466666666666658,0.7133333333333338,0.7133333333333338,0.9033333333333342
Sofiane Diop,OGC Nice,235,7.0,4.04,4.85,7.0,7.0,7.96,Traditional Winger,0.6916666666666664,-2.2683333333333335,-1.458333333333334,0.6916666666666664,0.6916666666666664,1.6516666666666664
Stan Lazaridis,Birmingham City,44,7.0,4.15,5.27,7.0,7.0,7.87,Traditional Winger,0.6183333333333332,-2.2316666666666665,-1.1116666666666672,0.6183333333333332,0.6183333333333332,1.4883333333333333
Steed Malbranque,Fulham,44,7.0,4.11,6.0,7.0,7.0,8.14,Traditional Winger,0.45833333333333304,-2.4316666666666666,-0.541666666666667,0.45833333333333304,0.45833333333333304,1.5983333333333336
Stefano Mauri,Lazio,27,7.0,4.53,4.97,7.0,7.0,7.28,Traditional Winger,0.7033333333333331,-1.7666666666666666,-1.326666666666667,0.7033333333333331,0.7033333333333331,0.9833333333333334
Stephan El Shaarawy,AS Roma,27,7.0,4.18,4.93,7.0,7.0,7.32,Traditional Winger,0.7616666666666667,-2.0583333333333336,-1.3083333333333336,0.7616666666666667,0.7616666666666667,1.081666666666667
Stephen Clemence,Birmingham City,44,7.0,4.13,4.95,7.0,7.0,7.96,Traditional Winger,0.6600000000000001,-2.21,-1.3899999999999997,0.6600000000000001,0.6600000000000001,1.62
Stevan Jovetić,Inter Milan,27,7.0,4.07,4.84,7.0,7.0,7.28,Traditional Winger,0.8016666666666667,-2.128333333333333,-1.3583333333333334,0.8016666666666667,0.8016666666666667,1.081666666666667
Steven Berghuis,Netherlands,106,7.0,4.12,5.3,7.0,7.0,7.0,Traditional Winger,0.7633333333333328,-2.116666666666667,-0.9366666666666674,0.7633333333333328,0.7633333333333328,0.7633333333333328
Steven Bergwijn,Netherlands,282,7.0,4.0,5.01,7.0,7.0,7.0,Traditional Winger,0.831666666666667,-2.168333333333333,-1.1583333333333332,0.831666666666667,0.831666666666667,0.831666666666667
Stylianos Giannakopoulos,Bolton Wanderers,44,7.0,4.07,4.99,7.0,7.0,7.86,Traditional Winger,0.6799999999999997,-2.25,-1.33,0.6799999999999997,0.6799999999999997,1.54
Takashi Inui,Eibar,42,7.0,4.0,4.71,7.0,7.0,7.0,Traditional Winger,0.8816666666666668,-2.118333333333333,-1.4083333333333332,0.8816666666666668,0.8816666666666668,0.8816666666666668
Taulant Sulejmanov,Albania,282,7.0,4.0,4.65,7.0,7.0,7.0,Traditional Winger,0.8916666666666666,-2.1083333333333334,-1.458333333333333,0.8916666666666666,0.8916666666666666,0.8916666666666666
Thierry Henry,Arsenal,44,7.0,4.12,5.06,7.0,7.0,7.0,Traditional Winger,0.8033333333333337,-2.076666666666666,-1.1366666666666667,0.8033333333333337,0.8033333333333337,0.8033333333333337
Thorgan Hazard,Belgium,106,7.0,5.05,4.9,7.0,7.0,7.02,Traditional Winger,0.6716666666666669,-1.2783333333333333,-1.4283333333333328,0.6716666666666669,0.6716666666666669,0.6916666666666664
Tiago Manuel Dias Correia,Rayo Vallecano,4,7.0,4.08,6.06,7.0,7.0,7.76,Traditional Winger,0.5166666666666666,-2.4033333333333333,-0.4233333333333338,0.5166666666666666,0.5166666666666666,1.2766666666666664
Timothy Weah,United States,106,7.0,4.11,4.62,7.0,7.0,7.0,Traditional Winger,0.878333333333333,-2.0116666666666667,-1.501666666666667,0.878333333333333,0.878333333333333,0.878333333333333
Tomasz Radziński,Everton,44,7.0,4.09,4.87,7.0,7.0,7.65,Traditional Winger,0.7316666666666665,-2.1783333333333337,-1.3983333333333334,0.7316666666666665,0.7316666666666665,1.3816666666666668
Tomás Eduardo Rincón Hernández,Genoa,27,7.0,4.04,5.42,7.0,7.0,7.0,Traditional Winger,0.7566666666666668,-2.203333333333333,-0.8233333333333333,0.7566666666666668,0.7566666666666668,0.7566666666666668
Urby Emanuelson,Hellas Verona,27,7.0,4.1,5.42,7.0,7.0,7.71,Traditional Winger,0.6283333333333339,-2.2716666666666665,-0.9516666666666662,0.6283333333333339,0.6283333333333339,1.3383333333333338
Valter Birsa,Chievo,27,7.0,4.24,5.08,7.0,7.0,7.62,Traditional Winger,0.6766666666666667,-2.083333333333333,-1.2433333333333332,0.6766666666666667,0.6766666666666667,1.2966666666666669
Vicente Iborra De La Fuente,Villarreal,4,7.0,4.0,4.45,7.0,7.0,7.89,Traditional Winger,0.7766666666666673,-2.2233333333333327,-1.7733333333333325,0.7766666666666673,0.7766666666666673,1.666666666666667
Viktor Tsygankov,Ukraine,282,7.0,4.0,4.51,7.0,7.0,7.0,Traditional Winger,0.915,-2.085,-1.5750000000000002,0.915,0.915,0.915
Vincenzo Grifo,Freiburg,281,7.0,4.24,5.11,7.0,7.0,7.0,Traditional Winger,0.7749999999999995,-1.9850000000000003,-1.1150000000000002,0.7749999999999995,0.7749999999999995,0.7749999999999995
Vinícius José Paixão de Oliveira Júnior,Brazil,106,7.0,4.23,4.83,7.0,7.0,7.0,Traditional Winger,0.8233333333333333,-1.9466666666666663,-1.3466666666666667,0.8233333333333333,0.8233333333333333,0.8233333333333333
Víctor Sánchez Mata,Espanyol,4,7.0,4.17,5.27,7.0,7.0,7.96,Traditional Winger,0.6000000000000005,-2.2299999999999995,-1.13,0.6000000000000005,0.6000000000000005,1.5600000000000005
Wayne Mark Rooney,Everton,44,7.0,4.81,5.24,7.0,7.0,7.7,Traditional Winger,0.541666666666667,-1.6483333333333334,-1.2183333333333328,0.541666666666667,0.541666666666667,1.2416666666666671
Wilson Odobert,Troyes,235,7.0,4.11,5.41,7.0,7.0,8.11,Traditional Winger,0.5616666666666674,-2.3283333333333323,-1.0283333333333324,0.5616666666666674,0.5616666666666674,1.6716666666666669
Xavi Simons,Netherlands,282,7.0,4.14,5.0,7.0,7.0,7.14,Traditional Winger,0.7866666666666662,-2.073333333333334,-1.2133333333333338,0.7866666666666662,0.7866666666666662,0.9266666666666659
Xavier Chavalerin,Troyes,108,7.0,4.06,4.79,7.0,7.0,7.96,Traditional Winger,0.6983333333333341,-2.2416666666666663,-1.5116666666666658,0.6983333333333341,0.6983333333333341,1.658333333333334
Xherdan Shaqiri,Switzerland,106,7.0,4.09,4.99,7.0,7.0,7.0,Traditional Winger,0.8200000000000003,-2.09,-1.1899999999999995,0.8200000000000003,0.8200000000000003,0.8200000000000003
Yacine Adli,Bordeaux,108,7.0,4.14,5.24,7.0,7.0,7.58,Traditional Winger,0.6733333333333329,-2.1866666666666674,-1.086666666666667,0.6733333333333329,0.6733333333333329,1.253333333333333
Yannick Ferreira Carrasco,Belgium,106,7.0,4.0,4.86,7.0,7.0,7.0,Traditional Winger,0.8566666666666665,-2.1433333333333335,-1.2833333333333332,0.8566666666666665,0.8566666666666665,0.8566666666666665
Youssef En-Nesyri,Morocco,106,7.0,4.0,4.78,7.0,7.0,7.48,Traditional Winger,0.7899999999999991,-2.210000000000001,-1.4300000000000006,0.7899999999999991,0.7899999999999991,1.2699999999999996
Youssef Msakni,Tunisia,106,7.0,4.15,5.2,7.0,7.0,7.0,Traditional Winger,0.7749999999999995,-2.075,-1.0250000000000004,0.7749999999999995,0.7749999999999995,0.7749999999999995
Yunus Akgün,Turkey,282,7.0,4.28,4.99,7.0,7.0,8.22,Traditional Winger,0.585,-2.135,-1.4249999999999998,0.585,0.585,1.8050000000000006
Yunus Dimoara Musah,United States,106,7.0,4.05,5.04,7.0,7.0,7.4,Traditional Winger,0.751666666666666,-2.198333333333334,-1.208333333333334,0.751666666666666,0.751666666666666,1.1516666666666664
Yuri Berchiche Izeta,Athletic Club,4,7.0,4.08,5.03,7.0,7.0,7.52,Traditional Winger,0.7283333333333344,-2.1916666666666655,-1.2416666666666654,0.7283333333333344,0.7283333333333344,1.248333333333334
Yvann Macon,Saint-Étienne,108,7.0,4.0,4.89,7.0,7.0,7.56,Traditional Winger,0.7583333333333329,-2.241666666666667,-1.3516666666666675,0.7583333333333329,0.7583333333333329,1.3183333333333325
Zakaria Aboukhlal,Toulouse,235,7.0,5.32,5.28,7.0,7.0,7.69,Traditional Winger,0.4516666666666671,-1.2283333333333326,-1.2683333333333326,0.4516666666666671,0.4516666666666671,1.1416666666666675
Zuriko Davitashvili,Georgia,282,7.0,4.82,4.87,7.0,7.0,7.0,Traditional Winger,0.7183333333333337,-1.461666666666666,-1.4116666666666662,0.7183333333333337,0.7183333333333337,0.7183333333333337
Álvaro Borja Morata Martín,Juventus,27,7.0,4.74,4.7,7.0,7.0,7.52,Traditional Winger,0.6733333333333329,-1.586666666666667,-1.626666666666667,0.6733333333333329,0.6733333333333329,1.1933333333333325
Álvaro García Rivera,Rayo Vallecano,4,7.0,4.12,5.08,7.0,7.0,7.7,Traditional Winger,0.6833333333333327,-2.196666666666667,-1.2366666666666672,0.6833333333333327,0.6833333333333327,1.3833333333333329
Álvaro Vadillo Cifuentes,Granada,42,7.0,4.95,4.88,7.0,7.0,7.0,Traditional Winger,0.6950000000000003,-1.3549999999999995,-1.4249999999999998,0.6950000000000003,0.6950000000000003,0.6950000000000003
Ángel Fabián Di María Hernández,Paris Saint-Germain,108,7.0,4.22,4.94,7.0,7.0,7.27,Traditional Winger,0.7616666666666667,-2.0183333333333335,-1.298333333333333,0.7616666666666667,0.7616666666666667,1.0316666666666663
Ángel Martín Correa,Atlético Madrid,90,7.0,4.21,5.11,7.0,7.0,7.6,Traditional Winger,0.6799999999999997,-2.1100000000000003,-1.21,0.6799999999999997,0.6799999999999997,1.2799999999999994
Édgar Osvaldo Barreto Cáceres,Sampdoria,27,7.0,4.0,5.04,7.0,7.0,7.93,Traditional Winger,0.6716666666666669,-2.328333333333333,-1.288333333333333,0.6716666666666669,0.6716666666666669,1.6016666666666666
Íñigo Lekue Martínez,Athletic Club,42,7.0,4.27,4.97,7.0,7.0,7.0,Traditional Winger,0.7933333333333339,-1.9366666666666665,-1.2366666666666664,0.7933333333333339,0.7933333333333339,0.7933333333333339
Óscar Rodríguez Arnaiz,Leganés,4,7.0,4.05,4.99,7.0,7.0,7.97,Traditional Winger,0.665,-2.285,-1.3449999999999998,0.665,0.665,1.6349999999999998
