midfielder,team,season_id,pass_control,ball_progression,defensive_contribution,creative_output,cluster_profile,relative_pass_control,relative_ball_progression,relative_defensive_contribution,relative_creative_output
Aaron Mooy,Australia,106,8.99,5.07,8.44,4.24,Advanced Playmaker,2.3049999999999997,-1.6150000000000002,1.754999999999999,-2.4450000000000003
Aaron Ramsey,Wales,106,9.43,3.0,7.14,5.12,Advanced Playmaker,3.2574999999999994,-3.1725000000000003,0.9674999999999994,-1.0525000000000002
Abdulelah Saad Hameed Al-Malki,Saudi Arabia,106,6.2,1.78,3.85,2.07,Advanced Playmaker,2.725,-1.695,0.375,-1.4050000000000002
Adam Gnezda Čerin,Slovenia,282,8.78,5.45,6.33,5.35,Advanced Playmaker,2.3024999999999984,-1.0275000000000007,-0.14750000000000085,-1.1275000000000013
Adrien Hunou,Angers,235,5.07,5.26,1.63,2.07,Advanced Playmaker,1.5625,1.7524999999999995,-1.8775000000000004,-1.4375000000000004
Adrien Rabiot,France,106,9.71,5.41,5.5,4.22,Advanced Playmaker,3.500000000000001,-0.7999999999999998,-0.71,-1.9900000000000002
Ahmad Nourollahi,Iran,106,7.89,7.01,5.84,2.07,Advanced Playmaker,2.1875,1.3075,0.13750000000000018,-3.6325
Alan Steven Franco Palma,Ecuador,106,1.83,0.85,1.7,2.07,Advanced Playmaker,0.21750000000000025,-0.7624999999999998,0.08750000000000013,0.4575
Alberto Facundo Costa,Genoa,27,9.04,3.91,6.48,6.08,Advanced Playmaker,2.6624999999999996,-2.4674999999999994,0.10250000000000092,-0.29749999999999943
Alberto Grassi,Atalanta,27,8.88,5.99,4.87,6.83,Advanced Playmaker,2.2375000000000007,-0.6524999999999999,-1.7725,0.1875
Alberto Soro Álvarez,Granada,90,5.9,0.85,5.26,2.07,Advanced Playmaker,2.3800000000000003,-2.67,1.7399999999999998,-1.4500000000000002
Aleix Febas Pérez,Mallorca,42,6.39,3.04,3.87,6.24,Advanced Playmaker,1.505,-1.8449999999999998,-1.0149999999999997,1.3550000000000004
Aleix García Serrano,Girona,4,7.19,3.19,3.65,2.07,Advanced Playmaker,3.165,-0.8350000000000004,-0.37500000000000044,-1.9550000000000005
Alejandro Grimaldo García,Bayer Leverkusen,281,8.59,4.65,8.35,8.68,Advanced Playmaker,1.0225,-2.9174999999999995,0.7824999999999998,1.1124999999999998
Alessandro Florenzi,AS Roma,27,8.92,7.39,7.28,6.64,Advanced Playmaker,1.3624999999999998,-0.16750000000000043,-0.27749999999999986,-0.9175000000000004
Alessandro Gazzi,Torino,27,9.58,5.07,6.18,8.69,Advanced Playmaker,2.200000000000001,-2.3099999999999987,-1.1999999999999993,1.3100000000000005
Alexis Beka Beka,OGC Nice,235,6.66,0.85,0.52,2.07,Advanced Playmaker,4.135,-1.6749999999999998,-2.005,-0.45500000000000007
Alexis Mac Allister,Argentina,106,9.75,6.89,7.11,7.57,Advanced Playmaker,1.92,-0.9400000000000004,-0.7199999999999998,-0.2599999999999998
Alfa Semedo Esteves,Espanyol,4,5.25,0.85,3.92,2.07,Advanced Playmaker,2.2275,-2.1725,0.8975,-0.9525000000000001
Ali Karimi,Iran,106,4.04,1.76,0.52,2.07,Advanced Playmaker,1.9425,-0.33750000000000013,-1.5775000000000001,-0.027500000000000302
Ali Maâloul,Tunisia,106,3.32,0.85,1.45,2.07,Advanced Playmaker,1.3975,-1.0724999999999998,-0.4724999999999999,0.14749999999999996
Aliou Cissé,Birmingham City,44,5.43,0.85,4.11,2.07,Advanced Playmaker,2.3149999999999995,-2.265,0.9950000000000001,-1.0450000000000004
Allan Marques Loureiro,Napoli,27,9.14,6.2,9.18,6.61,Advanced Playmaker,1.3575000000000008,-1.5824999999999996,1.3975,-1.1724999999999994
Amadou Diawara,Bologna,27,9.27,4.45,8.12,5.33,Advanced Playmaker,2.477500000000001,-2.3424999999999985,1.3275000000000006,-1.4624999999999986
Amadou Onana,Belgium,282,9.84,4.85,6.27,4.2,Advanced Playmaker,3.55,-1.4400000000000004,-0.020000000000000462,-2.09
Amin Sarr,Wolfsburg,281,8.43,7.94,0.52,2.07,Advanced Playmaker,3.6899999999999995,3.2,-4.220000000000001,-2.6700000000000004
Amine Salama,Angers,235,2.81,0.85,2.75,2.07,Advanced Playmaker,0.69,-1.27,0.6299999999999999,-0.050000000000000266
Ander Guevara Lajo,Real Sociedad,42,6.86,5.6,2.42,5.13,Advanced Playmaker,1.8575,0.5974999999999993,-2.5825000000000005,0.1274999999999995
Ander Herrera Agüera,Paris Saint-Germain,108,9.82,2.43,5.96,5.69,Advanced Playmaker,3.8449999999999998,-3.5450000000000004,-0.015000000000000568,-0.28500000000000014
Ander Iturraspe Derteano,Espanyol,42,7.69,5.73,0.52,2.07,Advanced Playmaker,3.6875,1.7275,-3.4825000000000004,-1.9325000000000006
Anderson Hernanes de Carvalho Andrade,Inter Milan,27,9.51,7.52,8.12,9.39,Advanced Playmaker,0.875,-1.1150000000000002,-0.5150000000000006,0.7550000000000008
Andrea Bertolacci,AC Milan,27,9.25,6.33,8.36,8.21,Advanced Playmaker,1.2125000000000004,-1.7074999999999996,0.3224999999999998,0.1725000000000012
Andrea Poli,AC Milan,27,7.59,3.02,6.03,9.22,Advanced Playmaker,1.125,-3.445,-0.4349999999999996,2.755000000000001
Andreas Müller,Darmstadt 98,281,5.9,0.85,0.52,2.07,Advanced Playmaker,3.5650000000000004,-1.4849999999999999,-1.815,-0.2650000000000001
Andrei Girotto,Nantes,108,8.13,5.01,6.13,2.07,Advanced Playmaker,2.795000000000001,-0.3250000000000002,0.7949999999999999,-3.265
András Schäfer,Hungary,282,9.01,6.29,5.5,2.07,Advanced Playmaker,3.2924999999999995,0.5724999999999998,-0.21750000000000025,-3.6475000000000004
André-Frank Zambo Anguissa,Cameroon,106,9.47,6.32,3.47,2.07,Advanced Playmaker,4.1375,0.9874999999999998,-1.8625000000000003,-3.2625000000000006
Angelo Palombo,Sampdoria,27,9.17,3.48,4.02,2.07,Advanced Playmaker,4.484999999999999,-1.2050000000000005,-0.6650000000000009,-2.6150000000000007
Antoine Griezmann,Barcelona,90,9.13,2.76,6.26,7.48,Advanced Playmaker,2.722500000000001,-3.6475,-0.14749999999999996,1.0725000000000007
Antonio Candreva,Lazio,27,8.83,9.5,7.2,7.37,Advanced Playmaker,0.6050000000000004,1.2750000000000004,-1.0249999999999995,-0.8549999999999995
Anzor Mekvabishvili,Georgia,282,5.38,2.93,1.34,2.07,Advanced Playmaker,2.4499999999999997,0.0,-1.59,-0.8600000000000003
Ao Tanaka,Japan,106,5.11,1.86,1.04,4.57,Advanced Playmaker,1.9649999999999999,-1.2850000000000004,-2.1050000000000004,1.4249999999999998
Ardon Jashari,Switzerland,106,2.81,0.85,0.52,2.07,Advanced Playmaker,1.2475,-0.7125,-1.0425,0.5074999999999998
Arthur Henrique Ramos de Oliveira Melo,Barcelona,4,9.97,4.89,8.13,5.61,Advanced Playmaker,2.8200000000000003,-2.2600000000000007,0.9800000000000004,-1.54
Artur Ioniţă,Hellas Verona,27,8.89,8.7,7.98,7.35,Advanced Playmaker,0.6600000000000001,0.46999999999999886,-0.25,-0.8800000000000008
Arturo Erasmo Vidal Pardo,Barcelona,4,9.62,2.38,6.57,5.89,Advanced Playmaker,3.504999999999999,-3.7350000000000003,0.45500000000000007,-0.22500000000000053
Assane Demoya Gnoukouri,Inter Milan,27,6.13,1.75,2.95,4.62,Advanced Playmaker,2.2675,-2.1125,-0.9124999999999996,0.7575000000000003
Assane Dioussé El Hadji,Empoli,27,9.33,3.28,6.49,4.17,Advanced Playmaker,3.5124999999999993,-2.537500000000001,0.6724999999999994,-1.6475000000000009
Aster Vranckx,Wolfsburg,281,5.9,0.85,0.52,2.07,Advanced Playmaker,3.5650000000000004,-1.4849999999999999,-1.815,-0.2650000000000001
Atiba Hutchinson,Canada,106,7.07,4.33,1.95,2.07,Advanced Playmaker,3.2150000000000003,0.4750000000000001,-1.905,-1.7850000000000001
Aurélien Djani Tchouaméni,France,106,9.85,4.1,5.42,5.59,Advanced Playmaker,3.6100000000000003,-2.1399999999999997,-0.8199999999999994,-0.6499999999999995
Aurélio Gabriel Ulineia Buta,Eintracht Frankfurt,281,6.92,0.85,4.41,2.07,Advanced Playmaker,3.3575,-2.7125,0.8475000000000001,-1.4925000000000002
Axel Witsel,Belgium,106,9.99,5.39,6.9,4.45,Advanced Playmaker,3.3075,-1.2925000000000004,0.21750000000000025,-2.2325
Ayman Kari,Lorient,235,8.13,2.71,4.0,7.05,Advanced Playmaker,2.6575000000000006,-2.7625,-1.4725000000000001,1.5774999999999997
Azor Matusiwa,Stade de Reims,235,7.92,1.79,2.38,6.38,Advanced Playmaker,3.3025,-2.8274999999999997,-2.2375,1.7625000000000002
Azzedine Ounahi,Morocco,106,9.62,7.27,5.46,7.85,Advanced Playmaker,2.0699999999999985,-0.28000000000000114,-2.0900000000000007,0.29999999999999893
Badredine Bouanani,OGC Nice,235,6.66,3.35,2.2,2.07,Advanced Playmaker,3.09,-0.2200000000000002,-1.37,-1.5000000000000004
Bartol Franjić,Darmstadt 98,281,6.83,1.87,2.28,2.07,Advanced Playmaker,3.5675000000000003,-1.3924999999999996,-0.9824999999999999,-1.1925
Batista Mendy,Angers,235,6.53,2.5,1.89,4.85,Advanced Playmaker,2.5875,-1.4425000000000003,-2.0525,0.9074999999999993
Bernardo Mota Veiga de Carvalho e Silva,Portugal,106,9.38,9.36,7.45,5.57,Advanced Playmaker,1.4400000000000004,1.419999999999999,-0.4900000000000002,-2.37
Beñat Etxebarria Urkiaga,Athletic Club,4,4.07,1.99,2.69,2.07,Advanced Playmaker,1.3650000000000002,-0.7150000000000001,-0.015000000000000124,-0.6350000000000002
Bilal El Khannous,Morocco,106,6.19,0.85,1.25,2.07,Advanced Playmaker,3.6000000000000005,-1.7399999999999998,-1.3399999999999999,-0.52
Blerim Džemaili,Genoa,27,8.95,8.54,7.31,8.05,Advanced Playmaker,0.7375000000000007,0.32750000000000057,-0.902499999999999,-0.16249999999999787
Bonke Innocent,Lorient,235,7.69,2.27,1.78,2.07,Advanced Playmaker,4.237500000000001,-1.1825,-1.6725,-1.3825000000000003
Borja Fernández Fernández,Real Valladolid,4,3.87,0.85,3.1,2.07,Advanced Playmaker,1.3975,-1.6225,0.6275,-0.4025000000000003
Borja Valero Iglesias,Fiorentina,27,9.58,7.43,8.03,7.88,Advanced Playmaker,1.3499999999999996,-0.8000000000000007,-0.20000000000000107,-0.35000000000000053
Boubacar Kamara,Marseille,108,7.06,1.9,6.72,4.54,Advanced Playmaker,2.005,-3.155,1.665,-0.5149999999999997
Brandon Baiye,Clermont Foot,235,2.81,0.85,0.52,2.07,Advanced Playmaker,1.2475,-0.7125,-1.0425,0.5074999999999998
Bruno Guimarães Rodriguez Moura,Lyon,108,7.7,6.59,6.87,6.68,Advanced Playmaker,0.7400000000000002,-0.3700000000000001,-0.08999999999999986,-0.28000000000000025
Bruno Miguel Borges Fernandes,Udinese,27,8.27,7.5,6.95,8.31,Advanced Playmaker,0.5124999999999993,-0.2575000000000003,-0.8075000000000001,0.5525000000000002
Bryan Cristante,Italy,282,6.57,3.95,1.8,4.46,Advanced Playmaker,2.375,-0.2450000000000001,-2.3950000000000005,0.2649999999999997
Callum McGregor,Scotland,282,9.88,0.85,3.94,5.61,Advanced Playmaker,4.8100000000000005,-4.220000000000001,-1.1300000000000003,0.54
Carles Aleña Castillo,Barcelona,4,9.51,5.38,5.59,5.29,Advanced Playmaker,3.0675,-1.0625,-0.8525,-1.1524999999999999
Carlos Baleba,Lille,235,8.43,7.94,0.52,2.07,Advanced Playmaker,3.6899999999999995,3.2,-4.220000000000001,-2.6700000000000004
Carlos Emilio Carmona Tello,Atalanta,27,9.5,3.45,5.59,5.54,Advanced Playmaker,3.4800000000000004,-2.5699999999999994,-0.4299999999999997,-0.47999999999999954
Carlos Henrique Casimiro,Brazil,106,9.35,2.67,7.34,5.72,Advanced Playmaker,3.08,-3.5999999999999996,1.0700000000000003,-0.5499999999999998
Carlos Joaquín Correa,Sampdoria,27,9.54,9.16,6.37,7.88,Advanced Playmaker,1.3024999999999984,0.9224999999999994,-1.8675000000000006,-0.3575000000000008
Carlos Soler Barragán,Paris Saint-Germain,235,8.0,3.3,5.77,6.07,Advanced Playmaker,2.215,-2.4850000000000003,-0.015000000000000568,0.28500000000000014
Celso Borges Mora,Costa Rica,106,8.71,2.57,6.79,4.72,Advanced Playmaker,3.012500000000001,-3.1275,1.0925000000000002,-0.9775
Christian Dannemann Eriksen,Denmark,106,9.39,5.85,3.53,8.57,Advanced Playmaker,2.5550000000000006,-0.9850000000000003,-3.305,1.7350000000000003
Claud Adjapong,Sassuolo,27,2.81,0.85,0.52,2.07,Advanced Playmaker,1.2475,-0.7125,-1.0425,0.5074999999999998
Claudio Marchisio,Juventus,27,9.69,3.76,7.77,5.37,Advanced Playmaker,3.0424999999999995,-2.8875,1.1224999999999996,-1.2774999999999999
Colin Cooper,Middlesbrough,44,4.24,2.04,3.64,2.07,Advanced Playmaker,1.2425000000000002,-0.9575,0.6425000000000001,-0.9275000000000002
Corentin Tolisso,Lyon,235,7.61,1.84,1.9,7.6,Advanced Playmaker,2.8724999999999996,-2.897500000000001,-2.837500000000001,2.862499999999999
Cristian Portugués Manzanera,Real Sociedad,42,5.53,3.35,2.01,2.07,Advanced Playmaker,2.29,0.10999999999999988,-1.2300000000000004,-1.1700000000000004
Damian Szymański,Poland,106,8.43,7.13,0.52,2.07,Advanced Playmaker,3.8925,2.5925000000000002,-4.0175,-2.4675
Damián Marcelo Musto,Huesca,4,6.55,0.85,2.62,2.07,Advanced Playmaker,3.5275,-2.1725,-0.40249999999999986,-0.9525000000000001
Daniel Alonso Chacón Salas,Costa Rica,106,2.81,0.85,0.52,2.07,Advanced Playmaker,1.2475,-0.7125,-1.0425,0.5074999999999998
Daniel García Carrillo,Athletic Club,4,5.3,0.85,4.86,4.89,Advanced Playmaker,1.3250000000000002,-3.1249999999999996,0.8850000000000007,0.915
Daniel Olmo Carvajal,Spain,282,8.99,7.5,8.88,9.58,Advanced Playmaker,0.2524999999999995,-1.2375000000000007,0.14250000000000007,0.8424999999999994
Daniel Raba Antolín,Villarreal,4,2.81,0.85,0.52,2.07,Advanced Playmaker,1.2475,-0.7125,-1.0425,0.5074999999999998
Daniel Wass,Valencia,90,6.06,3.19,2.87,2.07,Advanced Playmaker,2.5124999999999993,-0.3575000000000004,-0.6775000000000002,-1.4775000000000005
Daniele Croce,Empoli,27,8.73,8.91,8.62,6.81,Advanced Playmaker,0.46250000000000036,0.6425000000000001,0.35249999999999915,-1.4575000000000005
Daniele De Rossi,AS Roma,27,9.76,6.72,7.56,5.01,Advanced Playmaker,2.4975000000000005,-0.5424999999999995,0.2975000000000003,-2.2524999999999995
Danilo Cataldi,Lazio,27,9.03,5.83,6.52,6.96,Advanced Playmaker,1.9449999999999994,-1.255,-0.5650000000000004,-0.125
Danilo Luís Hélio Pereira,Paris Saint-Germain,108,9.86,4.43,5.94,4.15,Advanced Playmaker,3.764999999999999,-1.665000000000001,-0.15500000000000025,-1.9450000000000003
Darius Dumitru Olaru,Romania,282,5.31,0.85,1.29,2.07,Advanced Playmaker,2.9299999999999997,-1.5299999999999998,-1.0899999999999999,-0.31000000000000005
David Bentley,Arsenal,44,7.36,7.77,7.19,5.78,Advanced Playmaker,0.33499999999999996,0.7449999999999992,0.16500000000000004,-1.245
David López Silva,Napoli,27,8.66,4.75,6.79,5.35,Advanced Playmaker,2.272500000000001,-1.6374999999999993,0.40250000000000075,-1.0374999999999996
David Wotherspoon,Canada,106,5.9,0.85,0.52,2.07,Advanced Playmaker,3.5650000000000004,-1.4849999999999999,-1.815,-0.2650000000000001
Davide Biondini,Sassuolo,27,7.16,4.48,5.49,5.36,Advanced Playmaker,1.5374999999999996,-1.1425,-0.13250000000000028,-0.2625000000000002
Davide Frattesi,Italy,282,2.15,2.42,2.36,2.07,Advanced Playmaker,-0.10000000000000009,0.16999999999999993,0.10999999999999988,-0.18000000000000016
Dean Richards,Tottenham Hotspur,44,5.07,0.85,4.07,2.07,Advanced Playmaker,2.055,-2.165,1.0550000000000002,-0.9450000000000003
Dean Sturridge,Wolverhampton Wanderers,44,2.81,0.85,0.52,2.07,Advanced Playmaker,1.2475,-0.7125,-1.0425,0.5074999999999998
Declan Rice,England,282,9.79,4.29,7.11,4.52,Advanced Playmaker,3.3625,-2.1374999999999993,0.682500000000001,-1.9074999999999998
Dejan Ljubicic,FC Köln,281,5.03,4.01,2.66,4.73,Advanced Playmaker,0.9225000000000003,-0.09750000000000014,-1.4474999999999998,0.6225000000000005
Denis Alibec,Romania,282,2.81,0.85,0.52,2.07,Advanced Playmaker,1.2475,-0.7125,-1.0425,0.5074999999999998
Denis Lemi Zakaria Lako Lado,Switzerland,106,6.2,3.53,4.61,2.07,Advanced Playmaker,2.0975,-0.5725000000000002,0.5075000000000003,-2.0325
Deniz Undav,VfB Stuttgart,281,7.76,4.39,2.55,2.07,Advanced Playmaker,3.5675,0.1974999999999998,-1.6425,-2.1225
Diego Forlán Corazo,Manchester United,44,2.81,0.85,0.52,2.07,Advanced Playmaker,1.2475,-0.7125,-1.0425,0.5074999999999998
Diego Nicolás De La Cruz Arcosa,Uruguay,106,4.67,2.48,2.67,2.07,Advanced Playmaker,1.6974999999999998,-0.49250000000000016,-0.3025000000000002,-0.9025000000000003
Diego Sebastián Laxalt Suárez,Genoa,27,8.22,7.74,7.98,4.6,Advanced Playmaker,1.0850000000000009,0.6050000000000004,0.8450000000000006,-2.535
Dion Lopy,Stade de Reims,108,7.99,2.87,7.03,2.07,Advanced Playmaker,3.0,-2.12,2.04,-2.9200000000000004
Djibril Sow,Switzerland,106,9.78,9.03,3.95,7.16,Advanced Playmaker,2.3,1.5499999999999998,-3.5299999999999994,-0.3199999999999994
Dominic Matteo,Leeds United,44,4.91,2.19,3.78,2.07,Advanced Playmaker,1.6725000000000003,-1.0474999999999999,0.5425,-1.1675
Dominik Furman,Hellas Verona,27,6.92,3.53,0.52,2.07,Advanced Playmaker,3.66,0.27,-2.7399999999999998,-1.19
Dominik Szoboszlai,Hungary,282,8.81,4.32,4.16,8.07,Advanced Playmaker,2.4700000000000006,-2.0199999999999996,-2.1799999999999997,1.7300000000000004
Dušan Vlahović,Serbia,282,4.18,2.79,4.35,2.07,Advanced Playmaker,0.8324999999999996,-0.5575000000000001,1.0024999999999995,-1.2775000000000003
Dávid Ivan,Sampdoria,27,8.57,8.03,7.4,5.82,Advanced Playmaker,1.1150000000000002,0.5749999999999993,-0.054999999999999716,-1.6349999999999998
Edenílson Andrade dos Santos,Udinese,27,8.18,7.04,7.09,5.63,Advanced Playmaker,1.1950000000000003,0.055000000000000604,0.10500000000000043,-1.3549999999999995
Eduardo César Daude Gaspar,Arsenal,44,8.88,6.18,5.63,7.44,Advanced Playmaker,1.8475000000000001,-0.8525000000000009,-1.4025000000000007,0.40749999999999975
El Chadaille Bitshiabu,Paris Saint-Germain,235,8.05,1.83,2.54,2.07,Advanced Playmaker,4.4275,-1.7925000000000004,-1.0825000000000005,-1.5525000000000007
Eljif Elmas,RB Leipzig,281,8.43,6.42,0.52,2.07,Advanced Playmaker,4.07,2.0600000000000005,-3.8399999999999994,-2.2899999999999996
Ellyes Joris Skhiri,Tunisia,106,9.47,5.35,6.42,5.83,Advanced Playmaker,2.7025000000000006,-1.4175000000000004,-0.34750000000000014,-0.9375
Emerson Palmieri dos Santos,AS Roma,27,3.39,3.19,2.3,2.07,Advanced Playmaker,0.6525000000000003,0.4525000000000001,-0.4375,-0.6675
Emil Hallfreðsson,Hellas Verona,27,7.3,7.75,7.7,7.03,Advanced Playmaker,-0.14500000000000046,0.3049999999999997,0.2549999999999999,-0.41500000000000004
Emmanuel Agyemang-Badu,Udinese,27,8.75,8.66,8.05,6.74,Advanced Playmaker,0.6999999999999993,0.6099999999999994,0.0,-1.3100000000000005
Emre Can,Borussia Dortmund,281,6.66,3.76,2.96,6.33,Advanced Playmaker,1.7325,-1.1675000000000004,-1.9675000000000002,1.4024999999999999
Enric Gallego Puigsech,Osasuna,90,2.81,0.85,0.52,2.07,Advanced Playmaker,1.2475,-0.7125,-1.0425,0.5074999999999998
Enrique Pérez Muñoz,Real Valladolid,42,7.82,3.83,4.27,5.98,Advanced Playmaker,2.3450000000000006,-1.6449999999999996,-1.205,0.5050000000000008
Enzo Fernandez,Argentina,106,9.73,5.57,6.38,5.14,Advanced Playmaker,3.0250000000000004,-1.1349999999999998,-0.3250000000000002,-1.5650000000000004
Enzo Maresca,Palermo,27,9.32,6.52,7.94,5.37,Advanced Playmaker,2.0324999999999998,-0.767500000000001,0.6524999999999999,-1.9175000000000004
Eric Daniel Djemba-Djemba,Manchester United,44,7.87,4.01,4.5,8.26,Advanced Playmaker,1.71,-2.1500000000000004,-1.6600000000000001,2.0999999999999996
Eric Martel,FC Köln,281,6.66,0.85,2.13,2.07,Advanced Playmaker,3.7325,-2.0775,-0.7975000000000003,-0.8575000000000004
Erick Antonio Pulgar Farfán,Bologna,27,9.53,8.33,6.35,4.59,Advanced Playmaker,2.329999999999999,1.13,-0.8500000000000005,-2.6100000000000003
Ethan Ampadu,Wales,106,8.28,8.24,6.15,6.29,Advanced Playmaker,1.0399999999999991,1.0,-1.0899999999999999,-0.9500000000000002
Etienne Capoue,Villarreal,90,6.11,2.12,1.54,2.07,Advanced Playmaker,3.1500000000000004,-0.8399999999999999,-1.42,-0.8900000000000001
Exequiel Alejandro Palacios,Bayer Leverkusen,281,9.87,2.82,9.15,5.44,Advanced Playmaker,3.049999999999999,-4.0,2.33,-1.38
Fabien Lemoine,Lorient,108,1.75,0.85,0.52,2.07,Advanced Playmaker,0.4525000000000001,-0.4474999999999999,-0.7774999999999999,0.7725
Fabio Carvalho,RB Leipzig,281,8.43,0.85,5.18,2.07,Advanced Playmaker,4.2975,-3.2824999999999993,1.0475000000000003,-2.0624999999999996
Fabián Ruiz Peña,Paris Saint-Germain,235,9.74,3.78,8.38,4.77,Advanced Playmaker,3.0725000000000007,-2.8874999999999997,1.7125000000000012,-1.8975
Fabrizio Cacciatore,Chievo,27,5.76,2.5,5.51,4.15,Advanced Playmaker,1.2799999999999994,-1.9800000000000004,1.0299999999999994,-0.33000000000000007
Federico Bernardeschi,Fiorentina,27,9.05,7.05,6.24,7.56,Advanced Playmaker,1.5750000000000002,-0.4250000000000007,-1.2350000000000003,0.08499999999999908
Federico San Emeterio Díaz,Real Valladolid,42,5.59,0.85,3.74,2.07,Advanced Playmaker,2.5275,-2.2125,0.6775000000000002,-0.9925000000000002
Federico Santiago Valverde Dipetta,Uruguay,106,9.3,9.36,8.9,6.85,Advanced Playmaker,0.6974999999999998,0.7574999999999985,0.29749999999999943,-1.7525000000000013
Federico Viviani,Hellas Verona,27,9.1,4.98,6.3,8.06,Advanced Playmaker,1.9900000000000002,-2.129999999999999,-0.8099999999999996,0.9500000000000011
Felipe Melo de Carvalho,Inter Milan,27,9.23,4.3,6.57,4.36,Advanced Playmaker,3.115,-1.8150000000000004,0.45500000000000007,-1.755
Fernando Francisco Reges,Sevilla,42,7.83,6.0,6.44,2.07,Advanced Playmaker,2.245,0.41500000000000004,0.8550000000000004,-3.515
Fernando Lucas Martins,Sampdoria,27,9.42,4.93,8.25,7.29,Advanced Playmaker,1.9474999999999998,-2.5425000000000004,0.7774999999999999,-0.1825000000000001
Filip Bradarić,Celta Vigo,42,7.31,0.85,1.52,2.07,Advanced Playmaker,4.3725,-2.0875,-1.4175,-0.8675000000000002
Florent Mollet,Montpellier,108,7.8,6.76,1.87,2.07,Advanced Playmaker,3.175,2.135,-2.755,-2.555
Florian Grillitsch,Austria,282,6.85,6.9,2.73,4.7,Advanced Playmaker,1.5549999999999997,1.6050000000000004,-2.565,-0.5949999999999998
Florian Wirtz,Bayer Leverkusen,281,9.36,7.67,8.61,8.12,Advanced Playmaker,0.9199999999999999,-0.7699999999999996,0.16999999999999993,-0.3200000000000003
Francesco Lodi,Udinese,27,8.77,5.05,7.0,6.72,Advanced Playmaker,1.8849999999999998,-1.835,0.11500000000000021,-0.16500000000000004
Francesco Magnanelli,Sassuolo,27,9.42,3.14,8.47,5.3,Advanced Playmaker,2.8374999999999995,-3.4425000000000003,1.8875000000000002,-1.2825000000000006
Francis Joseph Coquelin,Valencia,42,5.07,2.54,5.09,2.07,Advanced Playmaker,1.3775000000000004,-1.1524999999999999,1.3975,-1.6225
Francisco José Beltrán Peinado,Celta Vigo,90,7.81,5.26,1.43,2.07,Advanced Playmaker,3.6674999999999995,1.1174999999999997,-2.7125000000000004,-2.0725000000000002
Franco Brienza,Bologna,27,8.6,7.44,6.59,8.82,Advanced Playmaker,0.7374999999999998,-0.42249999999999943,-1.2725,0.9575000000000005
Franco Damián Vázquez,Palermo,27,8.84,9.25,8.71,8.36,Advanced Playmaker,0.05000000000000071,0.46000000000000085,-0.0799999999999983,-0.4299999999999997
Franco Signorelli,Empoli,27,7.58,0.85,1.83,2.07,Advanced Playmaker,4.4975000000000005,-2.2325,-1.2525,-1.0125000000000002
Frank Lampard,Chelsea,44,3.97,4.52,2.38,2.07,Advanced Playmaker,0.7349999999999999,1.2849999999999993,-0.8550000000000004,-1.1650000000000005
Frederico Rodrigues Santos,Brazil,106,6.73,1.86,3.63,7.22,Advanced Playmaker,1.870000000000001,-2.999999999999999,-1.2299999999999995,2.3600000000000003
Fredrik Ljungberg,Arsenal,44,9.06,9.15,8.7,6.0,Advanced Playmaker,0.8325000000000014,0.9225000000000012,0.47250000000000014,-2.227499999999999
Fredy Alejandro Guarín Vásquez,Inter Milan,27,8.31,6.85,7.01,7.63,Advanced Playmaker,0.8600000000000003,-0.6000000000000005,-0.4400000000000004,0.17999999999999972
Frenkie de Jong,Barcelona,90,9.88,7.77,6.33,6.74,Advanced Playmaker,2.200000000000001,0.08999999999999986,-1.3499999999999996,-0.9399999999999995
Gabriel Veiga Novas,Celta Vigo,90,7.11,4.01,0.52,2.07,Advanced Playmaker,3.6825,0.5824999999999996,-2.9075,-1.3575000000000004
Gary Alexis Medel Soto,Inter Milan,27,9.6,3.03,7.5,4.63,Advanced Playmaker,3.41,-3.1599999999999997,1.3100000000000005,-1.5599999999999996
Gastón Brugman,Palermo,27,9.23,7.79,6.59,7.02,Advanced Playmaker,1.5725000000000007,0.13250000000000028,-1.0675,-0.6375000000000002
Gaël Ondoua,Cameroon,106,7.11,0.85,5.31,2.07,Advanced Playmaker,3.2750000000000004,-2.985,1.4749999999999996,-1.7650000000000001
Gaëtan Charbonnier,Auxerre,235,8.43,0.85,0.52,2.07,Advanced Playmaker,5.4625,-2.1174999999999997,-2.4475,-0.8975
Geoffrey Kondogbia,Inter Milan,27,9.65,7.53,7.01,5.22,Advanced Playmaker,2.297500000000001,0.1775000000000011,-0.34249999999999936,-2.1324999999999994
George Boateng,Middlesbrough,44,6.18,4.73,5.45,4.74,Advanced Playmaker,0.9049999999999994,-0.5449999999999999,0.17499999999999982,-0.5350000000000001
Georginio Wijnaldum,Paris Saint-Germain,108,8.92,2.94,6.69,5.74,Advanced Playmaker,2.8475,-3.1325,0.6175000000000006,-0.3324999999999996
Georgiy Sudakov,Ukraine,282,9.56,7.3,8.53,8.15,Advanced Playmaker,1.1750000000000007,-1.085,0.14499999999999957,-0.23499999999999943
Giacomo Bonaventura,AC Milan,27,8.68,8.98,8.09,8.56,Advanced Playmaker,0.10249999999999915,0.40249999999999986,-0.4875000000000007,-0.01750000000000007
Giampiero Pinzi,Chievo,27,8.65,5.39,7.9,4.28,Advanced Playmaker,2.0950000000000006,-1.165,1.3450000000000006,-2.2749999999999995
Gilberto Aparecido da Silva,Arsenal,44,8.81,4.12,6.46,4.78,Advanced Playmaker,2.7675,-1.9225000000000003,0.41749999999999954,-1.2625000000000002
Giuseppe Vives,Torino,27,9.27,6.7,6.66,5.18,Advanced Playmaker,2.3175,-0.2524999999999995,-0.29249999999999954,-1.7725
Godfred Donsah,Bologna,27,6.97,7.81,5.63,5.02,Advanced Playmaker,0.6124999999999998,1.4524999999999997,-0.7275,-1.3375000000000004
Gonzalo Escalante,Eibar,4,6.29,0.85,2.23,2.07,Advanced Playmaker,3.43,-2.01,-0.6299999999999999,-0.79
Goran Pandev,Genoa,27,2.81,0.85,0.52,2.07,Advanced Playmaker,1.2475,-0.7125,-1.0425,0.5074999999999998
Granit Xhaka,Bayer Leverkusen,281,9.95,4.63,6.56,5.3,Advanced Playmaker,3.34,-1.9799999999999995,-0.04999999999999982,-1.3099999999999996
Grejohn Kyei,Clermont Foot,108,2.81,0.85,0.52,2.07,Advanced Playmaker,1.2475,-0.7125,-1.0425,0.5074999999999998
Grzegorz Krychowiak,Poland,106,8.26,4.89,8.25,6.55,Advanced Playmaker,1.2725,-2.0975,1.2625000000000002,-0.4375
Guido Rodríguez,Real Betis,90,3.73,1.76,3.02,2.07,Advanced Playmaker,1.085,-0.885,0.375,-0.5750000000000002
Habib Keita,Lyon,108,2.81,0.85,0.52,2.07,Advanced Playmaker,1.2475,-0.7125,-1.0425,0.5074999999999998
Hakan Çalhanoğlu,Turkey,282,9.68,4.33,7.2,5.46,Advanced Playmaker,3.0124999999999993,-2.3375000000000004,0.5324999999999998,-1.2075000000000005
Han-Noah Massengo,Auxerre,235,8.08,2.97,7.72,5.27,Advanced Playmaker,2.0700000000000003,-3.0399999999999996,1.71,-0.7400000000000002
Hidemasa Morita,Japan,106,8.84,5.85,4.6,5.88,Advanced Playmaker,2.5475000000000003,-0.4424999999999999,-1.6925,-0.41249999999999964
Himad Abdelli,Angers,235,7.48,7.35,7.41,5.85,Advanced Playmaker,0.4574999999999996,0.3274999999999988,0.3874999999999993,-1.1725000000000012
Iago Falqué Silva,AS Roma,27,9.0,5.98,8.41,6.63,Advanced Playmaker,1.495,-1.5249999999999995,0.9050000000000002,-0.875
Idrissa Gana Gueye,Paris Saint-Germain,108,9.98,4.15,8.08,4.48,Advanced Playmaker,3.3075,-2.5225,1.4074999999999998,-2.1925
Igor Silva de Almeida,Lorient,108,2.81,0.85,0.52,2.07,Advanced Playmaker,1.2475,-0.7125,-1.0425,0.5074999999999998
Igor Zubeldia Elorza,Real Sociedad,4,4.26,4.5,3.96,2.07,Advanced Playmaker,0.5625,0.8025000000000002,0.2625000000000002,-1.6275
Ilias Chair,Morocco,106,5.9,6.03,0.52,2.07,Advanced Playmaker,2.2700000000000005,2.4000000000000004,-3.11,-1.56
In-Beom Hwang,South Korea,106,9.29,3.12,6.4,5.06,Advanced Playmaker,3.322499999999999,-2.8475,0.4325000000000001,-0.9075000000000006
Ismael Koné,Canada,106,7.9,4.46,2.32,4.3,Advanced Playmaker,3.1550000000000002,-0.28500000000000014,-2.4250000000000003,-0.4450000000000003
Ivan Ilić,Serbia,282,8.86,5.92,1.99,4.84,Advanced Playmaker,3.4574999999999996,0.5175000000000001,-3.4124999999999996,-0.5625
Ivan Perišić,Inter Milan,27,8.18,8.64,6.5,6.48,Advanced Playmaker,0.7299999999999995,1.1900000000000004,-0.9500000000000002,-0.9699999999999998
Ivan Radovanović,Chievo,27,9.37,3.92,7.18,4.31,Advanced Playmaker,3.175,-2.2749999999999995,0.9850000000000003,-1.8849999999999998
Ivan Rakitić,Barcelona,4,9.77,4.71,7.29,4.43,Advanced Playmaker,3.2199999999999998,-1.8399999999999999,0.7400000000000002,-2.12
Ivaylo Chochev,Palermo,27,7.25,6.34,7.48,4.79,Advanced Playmaker,0.7850000000000001,-0.125,1.0150000000000006,-1.6749999999999998
Jackson Irvine,Australia,106,8.27,5.97,5.82,4.91,Advanced Playmaker,2.0275,-0.27249999999999996,-0.42249999999999943,-1.3324999999999996
Jadon Sancho,Borussia Dortmund,281,7.58,5.94,2.93,2.07,Advanced Playmaker,2.95,1.3100000000000005,-1.6999999999999997,-2.56
Jae-Sung Lee,South Korea,106,7.18,5.67,1.56,5.67,Advanced Playmaker,2.16,0.6500000000000004,-3.4599999999999995,0.6500000000000004
Jakub Moder,Poland,282,4.66,4.7,4.42,2.07,Advanced Playmaker,0.6975000000000002,0.7375000000000003,0.4575,-1.8925
Jasmin Kurtič,Atalanta,27,8.21,6.85,7.26,5.81,Advanced Playmaker,1.177500000000001,-0.1825000000000001,0.22750000000000004,-1.2225000000000001
Jason Berthomier,Clermont Foot,108,3.98,0.85,1.42,2.07,Advanced Playmaker,1.9,-1.23,-0.6600000000000001,-0.010000000000000231
Javier Muñoz Jiménez,Deportivo Alavés,42,3.44,0.85,1.7,2.07,Advanced Playmaker,1.4249999999999998,-1.165,-0.31500000000000017,0.054999999999999716
Jean Emile Junior Onana Onana,Bordeaux,108,7.27,4.09,3.48,2.07,Advanced Playmaker,3.0424999999999995,-0.13750000000000018,-0.7475,-2.1575
Jens Stage,Werder Bremen,281,5.15,3.73,3.07,2.07,Advanced Playmaker,1.645,0.22499999999999964,-0.4350000000000005,-1.4350000000000005
Jens-Lys Michel Cajuste,Stade de Reims,235,7.35,3.83,1.56,5.23,Advanced Playmaker,2.8575,-0.6624999999999996,-2.9324999999999997,0.7375000000000007
Jerdy Schouten,Netherlands,282,9.9,2.76,8.17,4.71,Advanced Playmaker,3.5150000000000006,-3.625,1.7850000000000001,-1.6749999999999998
Joaquín Fernández Moreno,Real Valladolid,42,6.99,2.04,3.76,5.78,Advanced Playmaker,2.3475,-2.6025,-0.8825000000000003,1.1375000000000002
Joe Allen,Wales,106,7.75,2.09,5.33,5.27,Advanced Playmaker,2.6400000000000006,-3.0199999999999996,0.22000000000000064,0.16000000000000014
Joey Veerman,Netherlands,282,6.38,2.06,2.28,6.56,Advanced Playmaker,2.0600000000000005,-2.2599999999999993,-2.0399999999999996,2.24
Johann Lepenant,Lyon,235,7.72,0.85,6.08,2.07,Advanced Playmaker,3.54,-3.3299999999999996,1.9000000000000004,-2.11
John Welsh,Liverpool,44,2.81,0.85,0.52,2.07,Advanced Playmaker,1.2475,-0.7125,-1.0425,0.5074999999999998
Jon Gorenc Stankovič,Slovenia,282,2.09,0.85,2.32,2.07,Advanced Playmaker,0.25749999999999984,-0.9825,0.4874999999999998,0.23749999999999982
Jon Moncayola Tollar,Osasuna,90,7.07,6.26,1.93,4.43,Advanced Playmaker,2.147500000000001,1.3375000000000004,-2.9924999999999997,-0.4924999999999997
Jonas Hofmann,Bayer Leverkusen,281,9.18,5.18,5.47,8.72,Advanced Playmaker,2.0425000000000004,-1.9574999999999996,-1.6674999999999995,1.5825000000000014
Jonas Martin,Rennes,108,7.51,2.0,1.95,4.29,Advanced Playmaker,3.5725,-1.9375,-1.9875,0.35250000000000004
Jonas Older Wind,Denmark,282,1.73,0.85,1.25,2.07,Advanced Playmaker,0.2549999999999999,-0.6250000000000001,-0.2250000000000001,0.5949999999999998
Jonathan Osorio,Canada,106,6.11,5.67,2.26,2.07,Advanced Playmaker,2.0825000000000005,1.6425,-1.7675,-1.9575
Jordi Alba Ramos,Barcelona,42,6.78,4.57,2.67,4.72,Advanced Playmaker,2.0949999999999998,-0.11500000000000021,-2.0150000000000006,0.034999999999999254
Jorge Luiz Frello Filho,Napoli,27,9.4,3.06,7.9,6.13,Advanced Playmaker,2.7775000000000007,-3.5624999999999996,1.2775000000000007,-0.4924999999999997
Joris Chotard,Montpellier,235,6.42,2.38,3.49,6.29,Advanced Playmaker,1.7749999999999995,-2.2650000000000006,-1.1550000000000002,1.6449999999999996
Josep Señé Escudero,Mallorca,42,6.92,6.42,0.52,2.07,Advanced Playmaker,2.9375,2.4375,-3.4625,-1.9125
Joseph Alfred Duncan,Sassuolo,27,7.59,6.83,7.58,8.4,Advanced Playmaker,-0.009999999999999787,-0.7699999999999996,-0.019999999999999574,0.8000000000000007
Joshua Kimmich,Germany,106,9.34,4.18,3.54,7.61,Advanced Playmaker,3.1725000000000003,-1.9874999999999998,-2.6274999999999995,1.4425000000000008
Joshua Zirkzee,Netherlands,282,2.81,0.85,0.52,2.07,Advanced Playmaker,1.2475,-0.7125,-1.0425,0.5074999999999998
Josip Iličić,Fiorentina,27,8.66,7.46,6.64,8.66,Advanced Playmaker,0.8049999999999997,-0.39500000000000046,-1.2150000000000007,0.8049999999999997
Josuha Guilavogui,Bordeaux,108,7.55,2.36,1.16,4.97,Advanced Playmaker,3.54,-1.65,-2.8499999999999996,0.96
José Adoni Cifuentes Charcopa,Ecuador,106,2.34,2.44,1.18,2.07,Advanced Playmaker,0.3325,0.4325000000000001,-0.8274999999999999,0.0625
José Andrés Guardado Hernández,Real Betis,4,6.01,6.59,6.11,5.02,Advanced Playmaker,0.07749999999999968,0.6574999999999998,0.1775000000000002,-0.9125000000000005
José Luis Sanmartín Mato,Deportivo Alavés,42,5.9,0.85,2.85,2.07,Advanced Playmaker,2.9825000000000004,-2.0675,-0.0674999999999999,-0.8475000000000001
José María Martín-Bejarano Serrano,Cádiz,90,8.43,0.85,3.61,2.07,Advanced Playmaker,4.6899999999999995,-2.8899999999999997,-0.1299999999999999,-1.67
José Mauri,AC Milan,27,9.67,4.45,8.03,7.0,Advanced Playmaker,2.3825000000000003,-2.8374999999999995,0.7424999999999997,-0.28749999999999964
José Raúl Gutiérrez Parejo,Elche,90,7.0,3.73,5.11,2.07,Advanced Playmaker,2.5225,-0.7475,0.6325000000000003,-2.4075
João Félix Sequeira,Portugal,282,5.9,2.37,2.12,6.48,Advanced Playmaker,1.6825,-1.8475000000000001,-2.0975,2.2625
João Maria Lobo Alves Palhinha Gonçalves,Portugal,282,9.92,1.73,6.31,4.63,Advanced Playmaker,4.2725,-3.9175,0.6624999999999996,-1.0175
João Mário Naval da Costa Eduardo,Portugal,106,7.03,3.11,3.6,2.07,Advanced Playmaker,3.0775,-0.8425000000000002,-0.35250000000000004,-1.8825000000000003
João Neves,Portugal,282,5.5,2.02,1.87,2.07,Advanced Playmaker,2.635,-0.8450000000000002,-0.9950000000000001,-0.7950000000000004
Juan Camilo Hernández Suárez,Mallorca,42,4.47,2.97,2.44,2.07,Advanced Playmaker,1.4825,-0.017499999999999627,-0.5474999999999999,-0.9175
Juan Camilo Zúñiga Mosquera,Bologna,27,8.79,7.36,7.07,4.7,Advanced Playmaker,1.8099999999999996,0.3800000000000008,0.09000000000000075,-2.2799999999999994
Juan Francisco Torres Belén,Atlético Madrid,4,2.81,0.85,0.52,2.07,Advanced Playmaker,1.2475,-0.7125,-1.0425,0.5074999999999998
Jude Bellingham,England,282,9.66,7.4,8.4,6.35,Advanced Playmaker,1.7074999999999996,-0.5525000000000002,0.4474999999999998,-1.602500000000001
Jules Olivier Ntcham,Genoa,27,9.34,7.68,7.91,7.19,Advanced Playmaker,1.3100000000000005,-0.34999999999999964,-0.11999999999999922,-0.839999999999999
Julian Jeanvier,Auxerre,235,8.43,5.73,1.16,2.07,Advanced Playmaker,4.0825,1.3825000000000003,-3.1875,-2.2775000000000003
Julian Weigl,Borussia Mönchengladbach,281,7.5,0.85,6.02,2.07,Advanced Playmaker,3.3900000000000006,-3.2599999999999993,1.9100000000000001,-2.0399999999999996
Jun-Ho Son,South Korea,106,6.06,0.85,5.54,2.07,Advanced Playmaker,2.4299999999999997,-2.78,1.9100000000000001,-1.56
Juraj Kucka,Genoa,27,8.3,8.48,8.16,7.5,Advanced Playmaker,0.19000000000000128,0.370000000000001,0.05000000000000071,-0.6099999999999994
Júnior Wakalibille Lago,Mallorca,42,7.44,7.94,3.32,2.07,Advanced Playmaker,2.2475000000000005,2.7475000000000005,-1.8725,-3.1225
Karim Boudiaf,Qatar,106,7.55,4.22,2.43,2.07,Advanced Playmaker,3.4825,0.15249999999999986,-1.6374999999999997,-1.9975
Karl Brillant Toko Ekambi,Lyon,235,8.14,7.58,1.49,6.24,Advanced Playmaker,2.2775,1.7174999999999994,-4.3725000000000005,0.3774999999999995
Keisuke Honda,AC Milan,27,8.31,6.88,8.38,8.65,Advanced Playmaker,0.2550000000000008,-1.1749999999999998,0.32500000000000107,0.5950000000000006
Kenneth McLean,Scotland,282,6.66,6.03,4.83,2.07,Advanced Playmaker,1.7624999999999993,1.1324999999999994,-0.06750000000000078,-2.827500000000001
Kenneth Taylor,Netherlands,106,8.43,0.85,0.52,2.07,Advanced Playmaker,5.4625,-2.1174999999999997,-2.4475,-0.8975
Kevin Sessa,FC Heidenheim,281,3.66,3.53,1.67,2.07,Advanced Playmaker,0.9275000000000002,0.7974999999999999,-1.0625,-0.6625000000000001
Kobbie Mainoo,England,282,9.8,3.81,8.83,5.7,Advanced Playmaker,2.7650000000000006,-3.225,1.795,-1.335
Kolo Habib Touré,Arsenal,44,6.66,6.42,0.52,2.07,Advanced Playmaker,2.7425,2.5025,-3.3975,-1.8475000000000001
Konrad Laimer,Austria,282,9.38,8.05,4.36,5.31,Advanced Playmaker,2.6050000000000013,1.2750000000000012,-2.414999999999999,-1.4649999999999999
Kouadio Emmanuel Koné,Borussia Mönchengladbach,281,4.7,4.39,3.52,2.07,Advanced Playmaker,1.0300000000000002,0.7199999999999998,-0.1499999999999999,-1.6
Kristjan Asllani,Albania,282,9.22,4.32,8.84,8.57,Advanced Playmaker,1.4825,-3.4175000000000004,1.1024999999999991,0.8324999999999996
Krystian Bielik,Poland,106,9.31,5.34,2.33,2.07,Advanced Playmaker,4.5475,0.5774999999999997,-2.4325,-2.6925000000000003
Kwadwo Asamoah,Juventus,27,9.16,5.46,6.63,8.83,Advanced Playmaker,1.6400000000000006,-2.0599999999999996,-0.8899999999999997,1.3100000000000005
Leander Dendoncker,Belgium,106,7.92,2.97,2.04,5.67,Advanced Playmaker,3.2699999999999996,-1.6800000000000002,-2.6100000000000003,1.0199999999999996
Leandro Barreiro Martins,FSV Mainz 05,281,4.41,2.47,2.69,2.07,Advanced Playmaker,1.5,-0.43999999999999995,-0.2200000000000002,-0.8400000000000003
Leandro Daniel Paredes,Empoli,27,8.96,4.5,7.88,6.86,Advanced Playmaker,1.910000000000001,-2.55,0.8300000000000001,-0.1899999999999995
Leandro Greco,Hellas Verona,27,9.12,6.57,8.21,6.7,Advanced Playmaker,1.4699999999999998,-1.0799999999999992,0.5600000000000014,-0.9499999999999993
Lenny Joseph,Metz,108,2.81,0.85,0.52,2.07,Advanced Playmaker,1.2475,-0.7125,-1.0425,0.5074999999999998
Leonardo Bittencourt,Werder Bremen,281,6.16,4.53,2.52,4.42,Advanced Playmaker,1.7524999999999995,0.12249999999999961,-1.8875000000000006,0.01249999999999929
Lisandro Martínez,Argentina,106,8.43,6.76,0.52,2.07,Advanced Playmaker,3.9850000000000003,2.3150000000000004,-3.9249999999999994,-2.3749999999999996
Ljubomir Fejsa,Deportivo Alavés,42,8.43,0.85,0.52,2.07,Advanced Playmaker,5.4625,-2.1174999999999997,-2.4475,-0.8975
Lohann Doucet,Nantes,235,6.66,0.85,4.85,2.07,Advanced Playmaker,3.0525,-2.7575,1.2424999999999997,-1.5375
Lorenzo Crisetig,Bologna,27,9.21,7.28,5.73,4.47,Advanced Playmaker,2.5375000000000005,0.6074999999999999,-0.9424999999999999,-2.2025000000000006
Lorenzo Insigne,Napoli,27,8.25,5.59,5.72,8.58,Advanced Playmaker,1.2149999999999999,-1.4450000000000003,-1.3150000000000004,1.545
Lorenzo Jesús Morón García,Real Betis,4,8.43,0.85,4.19,2.07,Advanced Playmaker,4.545,-3.0349999999999997,0.3050000000000006,-1.815
Lorenzo Lollo,Carpi,27,7.86,6.31,7.76,5.54,Advanced Playmaker,0.9925000000000006,-0.5575000000000001,0.8925000000000001,-1.3274999999999997
Lorenzo Pellegrini,Sassuolo,27,8.74,6.79,6.53,7.87,Advanced Playmaker,1.2574999999999994,-0.6925000000000008,-0.9525000000000006,0.3874999999999993
Luca Checchin,Hellas Verona,27,5.04,5.13,4.83,2.07,Advanced Playmaker,0.7725,0.8624999999999998,0.5625,-2.1975000000000002
Luca Cigarini,Atalanta,27,8.86,4.76,8.26,7.2,Advanced Playmaker,1.5899999999999999,-2.51,0.9900000000000002,-0.0699999999999994
Luca Marrone,Carpi,27,9.21,4.27,8.27,7.37,Advanced Playmaker,1.9300000000000006,-3.0100000000000007,0.9899999999999993,0.08999999999999986
Luca Rigoni,Palermo,27,8.64,3.79,8.09,6.95,Advanced Playmaker,1.7725000000000009,-3.0774999999999997,1.2225000000000001,0.08250000000000046
Luca Rizzo,Bologna,27,8.57,9.29,6.61,7.72,Advanced Playmaker,0.5225000000000009,1.2424999999999997,-1.4374999999999991,-0.3274999999999997
Lucas Nahuel Castro,Chievo,27,8.04,6.66,7.96,6.93,Advanced Playmaker,0.6424999999999992,-0.7374999999999998,0.5625,-0.46750000000000025
Lucas Radebe,Leeds United,44,8.43,2.54,6.8,2.07,Advanced Playmaker,3.4699999999999998,-2.42,1.8399999999999999,-2.89
Lucas Rodrigo Biglia,Lazio,27,9.45,5.61,7.99,7.21,Advanced Playmaker,1.8849999999999998,-1.9549999999999992,0.4250000000000007,-0.35499999999999954
Lucas Torró Marset,Osasuna,90,7.97,2.31,1.77,2.07,Advanced Playmaker,4.4399999999999995,-1.2199999999999998,-1.7599999999999998,-1.46
Luigi Giorgi,Atalanta,27,7.97,3.35,4.54,8.46,Advanced Playmaker,1.8899999999999997,-2.73,-1.54,2.380000000000001
Luka Modrić,Croatia,106,9.55,6.96,7.03,5.34,Advanced Playmaker,2.33,-0.2600000000000007,-0.1900000000000004,-1.8800000000000008
Lukáš Provod,Czech Republic,282,8.9,8.99,5.92,7.59,Advanced Playmaker,1.0499999999999998,1.1399999999999997,-1.9300000000000006,-0.2600000000000007
Mahdi Camara,Saint-Étienne,108,6.72,3.31,3.08,2.07,Advanced Playmaker,2.925,-0.4849999999999999,-0.7149999999999999,-1.725
Mahmoud Dahoud,VfB Stuttgart,281,4.35,0.85,2.15,2.07,Advanced Playmaker,1.9949999999999997,-1.505,-0.20500000000000007,-0.28500000000000014
Mahmut Kücüksahin,Augsburg,281,2.81,0.85,0.52,2.07,Advanced Playmaker,1.2475,-0.7125,-1.0425,0.5074999999999998
Maksym Talovierov,Ukraine,282,2.81,0.85,0.52,2.07,Advanced Playmaker,1.2475,-0.7125,-1.0425,0.5074999999999998
Manuel Alejandro García Sánchez,Deportivo Alavés,42,6.76,1.81,5.74,5.78,Advanced Playmaker,1.7374999999999998,-3.2125,0.7175000000000002,0.7575000000000003
Manuel Locatelli,AC Milan,27,6.29,4.58,2.2,2.07,Advanced Playmaker,2.505,0.7949999999999999,-1.585,-1.7150000000000003
Manuel Trigueros Muñoz,Villarreal,90,5.44,1.78,2.22,2.07,Advanced Playmaker,2.5625,-1.0975000000000004,-0.6575000000000002,-0.8075000000000006
Marc Pedraza Sarto,Mallorca,42,2.05,0.85,1.7,2.07,Advanced Playmaker,0.38249999999999984,-0.8175,0.03249999999999997,0.40249999999999986
Marcel Büchel,Empoli,27,8.58,5.47,8.01,6.61,Advanced Playmaker,1.4124999999999996,-1.6975000000000007,0.8424999999999994,-0.5575000000000001
Marcelo Brozović,Inter Milan,27,9.2,5.68,8.11,7.15,Advanced Playmaker,1.6649999999999991,-1.8550000000000004,0.5749999999999993,-0.3849999999999998
Marco Antônio De Mattos Filho,Udinese,27,8.77,8.29,7.33,7.68,Advanced Playmaker,0.7524999999999995,0.2724999999999991,-0.6875,-0.33750000000000036
Marco Asensio Willemsen,Real Madrid,90,8.43,0.85,2.75,9.93,Advanced Playmaker,2.9399999999999995,-4.640000000000001,-2.74,4.4399999999999995
Marco Benassi,Torino,27,8.61,8.12,6.71,8.0,Advanced Playmaker,0.75,0.2599999999999998,-1.1499999999999995,0.14000000000000057
Marco Parolo,Lazio,27,8.82,3.91,6.22,7.18,Advanced Playmaker,2.2875000000000005,-2.6224999999999996,-0.3125,0.6475
Marco Verratti,Paris Saint-Germain,235,9.89,4.65,8.32,5.21,Advanced Playmaker,2.8725000000000005,-2.3674999999999997,1.3025000000000002,-1.8075
Marcos Aoás Corrêa,Paris Saint-Germain,235,8.43,0.85,0.52,2.07,Advanced Playmaker,5.4625,-2.1174999999999997,-2.4475,-0.8975
Marek Hamšík,Napoli,27,9.55,7.48,7.57,7.55,Advanced Playmaker,1.512500000000001,-0.5574999999999992,-0.46749999999999936,-0.4874999999999998
Mario Lemina,Juventus,27,9.57,5.92,7.39,4.52,Advanced Playmaker,2.7200000000000006,-0.9299999999999997,0.54,-2.33
Mario Pašalić,Croatia,106,8.43,2.97,6.13,2.07,Advanced Playmaker,3.5299999999999994,-1.9300000000000002,1.2299999999999995,-2.8300000000000005
Mario Suárez Mata,Fiorentina,27,9.94,5.13,6.67,4.14,Advanced Playmaker,3.469999999999999,-1.3400000000000007,0.1999999999999993,-2.330000000000001
Marius Mihai Marin,Romania,282,9.24,5.48,5.85,4.67,Advanced Playmaker,2.9299999999999997,-0.8300000000000001,-0.46000000000000085,-1.6400000000000006
Mark Anthony Kaye,Canada,106,5.17,2.58,2.12,2.07,Advanced Playmaker,2.1849999999999996,-0.40500000000000025,-0.8650000000000002,-0.9150000000000005
Mark Kinsella,Aston Villa,44,5.69,0.85,4.14,2.07,Advanced Playmaker,2.5025000000000004,-2.3375,0.9524999999999997,-1.1175000000000002
Mason Mount,England,106,7.2,2.81,1.41,4.26,Advanced Playmaker,3.2800000000000002,-1.1099999999999999,-2.51,0.33999999999999986
Mateo Kovačić,Croatia,106,9.82,7.41,7.43,6.81,Advanced Playmaker,1.9525000000000006,-0.4574999999999996,-0.4375,-1.0575
Mathias Pereira Lage,Stade Brestois,235,2.81,0.85,2.25,2.07,Advanced Playmaker,0.815,-1.145,0.2549999999999999,0.07499999999999973
Mathieu Coutadeur,AC Ajaccio,235,6.96,1.99,3.39,4.35,Advanced Playmaker,2.7875000000000005,-2.182499999999999,-0.7824999999999993,0.1775000000000002
Mato Jajalo,Palermo,27,8.98,4.96,5.7,5.91,Advanced Playmaker,2.5925000000000002,-1.4275000000000002,-0.6875,-0.47750000000000004
Matteo Brighi,Bologna,27,8.03,3.59,6.02,7.99,Advanced Playmaker,1.6224999999999987,-2.817500000000001,-0.38750000000000107,1.5824999999999996
Matthijs de Ligt,Bayern Munich,281,2.81,0.85,0.52,2.07,Advanced Playmaker,1.2475,-0.7125,-1.0425,0.5074999999999998
Mattéo Guendouzi Olié,Marseille,108,7.74,5.4,7.75,2.07,Advanced Playmaker,2.0,-0.33999999999999986,2.01,-3.6700000000000004
Matuzalém Francelino da Silva,Hellas Verona,27,6.47,4.51,6.47,4.27,Advanced Playmaker,1.04,-0.9199999999999999,1.04,-1.1600000000000001
Matías Ariel Fernández Fernández,Fiorentina,27,9.03,8.16,6.61,7.33,Advanced Playmaker,1.2475000000000005,0.3775000000000013,-1.1724999999999985,-0.4524999999999988
Matías Vecino Falero,Fiorentina,27,9.64,5.84,8.01,6.07,Advanced Playmaker,2.25,-1.5500000000000007,0.6199999999999992,-1.3200000000000003
Maximilian Arnold,Wolfsburg,281,6.49,2.26,4.82,5.95,Advanced Playmaker,1.6100000000000003,-2.62,-0.05999999999999961,1.0700000000000003
Maximilian Wittek,Bochum,281,4.57,3.35,4.12,2.07,Advanced Playmaker,1.0425000000000004,-0.17749999999999977,0.5925000000000002,-1.4575
Maximiliano Nicol Moralez,Atalanta,27,8.7,5.59,8.11,8.59,Advanced Playmaker,0.9524999999999997,-2.1574999999999998,0.3624999999999998,0.8425000000000002
Michał Skóraś,Poland,106,2.81,0.85,0.52,2.07,Advanced Playmaker,1.2475,-0.7125,-1.0425,0.5074999999999998
Mikel Rico Moreno,Huesca,90,6.76,5.09,3.35,2.07,Advanced Playmaker,2.4425,0.7725,-0.9674999999999998,-2.2475
Mikel Vesga Arruti,Leganés,4,6.09,1.94,2.02,2.07,Advanced Playmaker,3.06,-1.0899999999999999,-1.0099999999999998,-0.96
Milan Badelj,Fiorentina,27,9.52,4.13,6.32,6.37,Advanced Playmaker,2.9349999999999996,-2.455,-0.2649999999999997,-0.21499999999999986
Miralem Pjanić,AS Roma,27,9.1,5.91,5.89,8.02,Advanced Playmaker,1.87,-1.3199999999999994,-1.3399999999999999,0.79
Mirko Gori,Frosinone,27,8.12,7.03,8.04,5.18,Advanced Playmaker,1.0274999999999999,-0.06249999999999911,0.9474999999999998,-1.9124999999999996
Mirko Valdifiori,Napoli,27,9.44,2.51,7.7,7.72,Advanced Playmaker,2.5975,-4.3325,0.8575000000000008,0.8775000000000004
Mohamed Salah,AS Roma,27,8.76,6.82,5.86,8.28,Advanced Playmaker,1.33,-0.6099999999999994,-1.5699999999999994,0.8499999999999996
Mohammed Al Burayk,Saudi Arabia,106,2.81,0.85,0.52,2.07,Advanced Playmaker,1.2475,-0.7125,-1.0425,0.5074999999999998
Mohammed Kanoo,Saudi Arabia,106,9.28,6.5,4.95,2.07,Advanced Playmaker,3.579999999999999,0.7999999999999998,-0.75,-3.6300000000000003
Moisés Isaac Caicedo Corozo,Ecuador,106,8.64,4.94,8.14,2.07,Advanced Playmaker,2.6925,-1.0075000000000003,2.1925,-3.877500000000001
Moreto Moro Cassamã,Stade de Reims,108,5.49,2.21,2.24,6.16,Advanced Playmaker,1.4649999999999999,-1.8150000000000004,-1.7850000000000001,2.135
Morgan Schneiderlin,OGC Nice,108,8.25,1.75,1.6,7.81,Advanced Playmaker,3.3975,-3.1025,-3.2525,2.9574999999999996
Moriba Kourouma Kourouma,Barcelona,90,9.63,6.81,6.77,5.87,Advanced Playmaker,2.3600000000000003,-0.46000000000000085,-0.5000000000000009,-1.4000000000000004
Morten Hjulmand,Denmark,282,9.14,2.49,3.01,6.06,Advanced Playmaker,3.9650000000000007,-2.6849999999999996,-2.165,0.8849999999999998
Mubarak Wakaso,Deportivo Alavés,4,3.47,3.85,3.26,2.07,Advanced Playmaker,0.3075000000000001,0.6875,0.0974999999999997,-1.0925000000000002
Mykola Shaparenko,Ukraine,282,7.88,5.89,1.36,5.44,Advanced Playmaker,2.7375,0.7474999999999996,-3.7824999999999998,0.2975000000000003
N'Golo Kanté,France,282,9.79,6.7,6.19,7.77,Advanced Playmaker,2.1774999999999993,-0.9124999999999996,-1.4224999999999994,0.15749999999999975
Nampalys Mendy,Senegal,106,9.86,6.56,5.11,4.26,Advanced Playmaker,3.4124999999999996,0.11249999999999982,-1.3374999999999995,-2.1875
Nawaf Shaker Al Abid,Saudi Arabia,106,5.4,2.79,2.79,4.98,Advanced Playmaker,1.4100000000000001,-1.2000000000000002,-1.2000000000000002,0.9900000000000002
Neill McCann,Southampton,44,5.07,4.39,4.45,2.07,Advanced Playmaker,1.0750000000000002,0.3949999999999996,0.45500000000000007,-1.9250000000000003
Nemanja Gudelj,Serbia,282,7.2,7.22,1.07,2.07,Advanced Playmaker,2.8100000000000005,2.83,-3.3199999999999994,-2.32
Nenad Tomović,Fiorentina,27,2.81,0.85,0.52,2.07,Advanced Playmaker,1.2475,-0.7125,-1.0425,0.5074999999999998
Neymar da Silva Santos Junior,Paris Saint-Germain,235,9.02,7.42,8.79,8.72,Advanced Playmaker,0.5325000000000006,-1.067499999999999,0.3025000000000002,0.2325000000000017
Nicola Rigoni,Chievo,27,8.68,6.28,7.96,4.51,Advanced Playmaker,1.8224999999999998,-0.5774999999999997,1.1025,-2.3475
Nicolae Claudiu Stanciu,Romania,282,7.9,2.9,3.84,8.64,Advanced Playmaker,2.08,-2.9200000000000004,-1.9800000000000004,2.8200000000000003
Nicolas Höfler,Freiburg,281,5.45,3.57,3.96,2.07,Advanced Playmaker,1.6875,-0.19250000000000034,0.1974999999999998,-1.6925000000000003
Nicolas Seiwald,Austria,282,9.7,4.13,8.42,7.18,Advanced Playmaker,2.3424999999999994,-3.2275,1.0625,-0.1775000000000002
Nicolò Barella,Italy,282,9.4,3.26,5.52,5.51,Advanced Playmaker,3.477500000000001,-2.6624999999999996,-0.40249999999999986,-0.41249999999999964
Nicolò Fagioli,Italy,282,4.02,2.69,1.53,4.17,Advanced Playmaker,0.9175,-0.41249999999999964,-1.5724999999999996,1.0675000000000003
Nigel de Jong,AC Milan,27,9.2,1.71,4.56,4.68,Advanced Playmaker,4.1625,-3.3274999999999997,-0.47750000000000004,-0.35749999999999993
Nika Kvekveskiri,Georgia,282,7.76,3.53,0.52,2.07,Advanced Playmaker,4.29,0.06000000000000005,-2.9499999999999997,-1.4
Niklas Dorsch,Augsburg,281,7.37,2.67,4.32,4.49,Advanced Playmaker,2.6574999999999998,-2.0425000000000004,-0.39250000000000007,-0.22250000000000014
Nikola Ninković,Chievo,27,8.43,0.85,0.52,2.07,Advanced Playmaker,5.4625,-2.1174999999999997,-2.4475,-0.8975
Norbert Gyömbér,AS Roma,27,1.92,0.85,1.17,2.07,Advanced Playmaker,0.4175,-0.6525,-0.3325,0.5674999999999999
Norman Theuerkauf,FC Heidenheim,281,7.44,0.85,0.52,2.07,Advanced Playmaker,4.720000000000001,-1.87,-2.2,-0.6500000000000004
Ogenyi Eddy Onazi,Lazio,27,9.12,3.7,8.46,5.81,Advanced Playmaker,2.3474999999999993,-3.0725,1.6875000000000009,-0.9625000000000004
Okay Yokuşlu,Turkey,282,6.24,5.56,3.97,2.07,Advanced Playmaker,1.7800000000000002,1.0999999999999996,-0.48999999999999977,-2.39
Ondrej Duda,Slovakia,282,9.16,3.78,5.76,6.44,Advanced Playmaker,2.875,-2.5050000000000003,-0.5250000000000004,0.15500000000000025
Oriol Busquets Mas,Clermont Foot,108,8.43,0.85,0.52,2.07,Advanced Playmaker,5.4625,-2.1174999999999997,-2.4475,-0.8975
Oscar Hiljemark,Palermo,27,8.55,6.08,6.26,7.76,Advanced Playmaker,1.387500000000001,-1.0824999999999996,-0.9024999999999999,0.5975000000000001
Otar Kiteishvili,Georgia,282,7.64,0.85,5.6,4.81,Advanced Playmaker,2.915,-3.8749999999999996,0.875,0.08499999999999996
Pablo Martín Páez Gavira,Spain,106,9.75,6.81,6.35,7.09,Advanced Playmaker,2.250000000000001,-0.6899999999999995,-1.1499999999999995,-0.40999999999999925
Pablo Paulino Rosario,OGC Nice,108,7.44,1.94,3.38,7.66,Advanced Playmaker,2.335,-3.1650000000000005,-1.7250000000000005,2.5549999999999997
Panagiotis Giorgios Kone,Udinese,27,8.59,8.71,5.98,7.87,Advanced Playmaker,0.8024999999999993,0.9225000000000003,-1.8075,0.08249999999999957
Paolo Sammarco,Frosinone,27,8.29,5.19,8.22,6.5,Advanced Playmaker,1.2399999999999984,-1.8600000000000003,1.17,-0.5500000000000007
Papa Kouly Diop,Eibar,42,5.39,1.81,3.06,2.07,Advanced Playmaker,2.3074999999999997,-1.2725,-0.022499999999999964,-1.0125000000000002
Pape Cheikh Diop Gueye,Celta Vigo,42,8.43,5.26,4.63,7.66,Advanced Playmaker,1.9349999999999996,-1.2350000000000003,-1.8650000000000002,1.165
Pape Gueye,Senegal,106,5.42,2.28,3.9,6.02,Advanced Playmaker,1.0150000000000006,-2.1249999999999996,-0.5049999999999994,1.6150000000000002
Pape Matar Sarr,Metz,108,6.52,5.26,1.14,2.07,Advanced Playmaker,2.7724999999999995,1.5124999999999997,-2.6075,-1.6775000000000002
Pascal Groß,Germany,282,6.36,2.79,1.05,2.07,Advanced Playmaker,3.2925,-0.2775000000000003,-2.0175,-0.9975000000000005
Patrice Evra,Juventus,27,7.11,6.42,0.52,2.07,Advanced Playmaker,3.08,2.3899999999999997,-3.5100000000000002,-1.9600000000000004
Patricio Gabarrón Gil,Lazio,27,3.72,2.12,1.73,2.07,Advanced Playmaker,1.31,-0.29000000000000004,-0.6800000000000002,-0.3400000000000003
Patrick Twumasi,Deportivo Alavés,4,4.09,0.85,0.52,2.07,Advanced Playmaker,2.2075,-1.0324999999999998,-1.3624999999999998,0.1875
Patrick Vieira,Arsenal,44,9.36,4.06,7.74,5.9,Advanced Playmaker,2.5950000000000006,-2.704999999999999,0.9750000000000014,-0.8649999999999984
Paul Pogba,Juventus,27,9.26,7.82,8.35,7.46,Advanced Playmaker,1.0374999999999996,-0.40249999999999986,0.1274999999999995,-0.7625000000000002
Pedro Chirivella Burgos,Nantes,108,6.87,2.23,2.02,5.19,Advanced Playmaker,2.7925000000000004,-1.8474999999999997,-2.0574999999999997,1.1125000000000007
Pedro González López,Barcelona,90,9.68,4.74,7.99,6.5,Advanced Playmaker,2.4524999999999997,-2.4875,0.7625000000000002,-0.7275
Pedro Mosquera Parada,Huesca,90,7.29,3.88,3.02,2.07,Advanced Playmaker,3.2250000000000005,-0.1849999999999996,-1.0449999999999995,-1.9949999999999997
Per Frandsen,Bolton Wanderers,44,1.62,0.85,1.21,2.07,Advanced Playmaker,0.1825000000000001,-0.5875,-0.22750000000000004,0.6324999999999998
Petr Ševčík,Czech Republic,282,3.39,2.97,2.58,2.07,Advanced Playmaker,0.6374999999999997,0.2174999999999998,-0.17250000000000032,-0.6825000000000006
Phil Foden,England,282,8.94,4.67,7.42,5.41,Advanced Playmaker,2.329999999999999,-1.9400000000000004,0.8099999999999996,-1.2000000000000002
Philipp Förster,Bochum,281,2.81,0.85,0.52,2.07,Advanced Playmaker,1.2475,-0.7125,-1.0425,0.5074999999999998
Philippe Coutinho Correia,Barcelona,4,9.6,6.71,6.55,7.3,Advanced Playmaker,2.0599999999999996,-0.8300000000000001,-0.9900000000000002,-0.2400000000000002
Pierre-Emile Højbjerg,Denmark,282,9.73,4.61,7.88,5.04,Advanced Playmaker,2.915000000000001,-2.204999999999999,1.0650000000000004,-1.7749999999999995
Pierrick Capelle,Angers,235,6.92,3.73,2.83,2.07,Advanced Playmaker,3.0324999999999998,-0.1575000000000002,-1.0575,-1.8175000000000003
Piotr Zieliński,Empoli,27,9.05,7.73,7.22,7.7,Advanced Playmaker,1.1250000000000009,-0.1949999999999994,-0.7050000000000001,-0.22499999999999964
Presnel Kimpembe,Paris Saint-Germain,235,6.52,4.92,1.62,2.07,Advanced Playmaker,2.7375,1.1375000000000002,-2.1624999999999996,-1.7125
Radja Nainggolan,AS Roma,27,9.48,6.19,8.3,7.01,Advanced Playmaker,1.7349999999999994,-1.5550000000000006,0.5549999999999997,-0.7350000000000012
Raffaele Bianco,Carpi,27,8.72,3.93,6.6,5.83,Advanced Playmaker,2.450000000000001,-2.3399999999999994,0.33000000000000007,-0.4399999999999995
Raffaele Maiello,Empoli,27,9.25,5.78,5.61,6.59,Advanced Playmaker,2.4425,-1.0274999999999999,-1.1974999999999998,-0.21750000000000025
Ravel Morrison,Lazio,27,4.64,3.64,2.09,4.32,Advanced Playmaker,0.9674999999999998,-0.03249999999999975,-1.5825,0.6475000000000004
Ray Parlour,Arsenal,44,8.83,5.63,6.01,6.27,Advanced Playmaker,2.1450000000000005,-1.0549999999999997,-0.6749999999999998,-0.41500000000000004
Remo Freuler,Switzerland,282,9.72,4.07,9.31,5.0,Advanced Playmaker,2.6950000000000003,-2.955,2.285,-2.0250000000000004
Renato Júnior Luz Sanches,Paris Saint-Germain,235,9.44,6.16,5.67,4.39,Advanced Playmaker,3.0249999999999995,-0.2549999999999999,-0.7450000000000001,-2.0250000000000004
Ricard Puig Martí,Barcelona,42,9.81,4.46,7.44,6.22,Advanced Playmaker,2.8275000000000006,-2.5225,0.45750000000000046,-0.7625000000000002
Ricardo Gabriel Álvarez,Sampdoria,27,8.9,8.35,5.55,7.44,Advanced Playmaker,1.3399999999999999,0.7899999999999991,-2.0100000000000007,-0.1200000000000001
Riccardo Montolivo,AC Milan,27,9.31,5.04,7.24,4.83,Advanced Playmaker,2.705,-1.5650000000000004,0.6349999999999998,-1.7750000000000004
Robert Andrich,Bayer Leverkusen,281,8.87,5.12,6.29,4.87,Advanced Playmaker,2.5824999999999996,-1.1674999999999995,0.002500000000000391,-1.4174999999999995
Robert Gucher,Frosinone,27,8.14,6.24,8.23,8.37,Advanced Playmaker,0.39500000000000135,-1.504999999999999,0.4850000000000012,0.625
Robert Ibáñez Castro,Getafe,4,2.81,0.85,0.52,2.07,Advanced Playmaker,1.2475,-0.7125,-1.0425,0.5074999999999998
Robert Pirès,Arsenal,44,9.09,9.01,8.28,8.7,Advanced Playmaker,0.3200000000000003,0.2400000000000002,-0.4900000000000002,-0.07000000000000028
Roberto Maximiliano Pereyra,Juventus,27,9.93,8.31,8.22,9.4,Advanced Playmaker,0.9649999999999999,-0.6549999999999994,-0.7449999999999992,0.4350000000000005
Roberto Soriano,Sampdoria,27,9.19,8.22,7.57,6.02,Advanced Playmaker,1.4399999999999995,0.47000000000000064,-0.17999999999999972,-1.7300000000000004
Roberto Suárez Pier,Levante UD,90,6.72,4.66,3.89,2.07,Advanced Playmaker,2.385,0.3250000000000002,-0.44499999999999984,-2.265
Rodrigo Hernández Cascante,Spain,282,9.99,4.72,5.8,5.64,Advanced Playmaker,3.4524999999999997,-1.8175000000000008,-0.7375000000000007,-0.8975000000000009
Rodrigo Javier De Paul,Argentina,106,9.15,6.69,7.37,5.55,Advanced Playmaker,1.96,-0.5,0.17999999999999972,-1.6400000000000006
Roland Sallai,Hungary,282,9.33,9.1,7.18,9.13,Advanced Playmaker,0.6449999999999996,0.41499999999999915,-1.5050000000000008,0.4450000000000003
Romain Faivre,Lorient,235,8.16,9.33,1.06,4.87,Advanced Playmaker,2.3049999999999997,3.4749999999999996,-4.795,-0.9850000000000003
Ronaldo Pompeu da Silva,Empoli,27,5.13,3.6,4.22,4.23,Advanced Playmaker,0.835,-0.6949999999999998,-0.07500000000000018,-0.0649999999999995
Roque Mesa Quevedo,Real Valladolid,90,6.33,4.77,4.09,2.07,Advanced Playmaker,2.0150000000000006,0.45500000000000007,-0.22499999999999964,-2.2449999999999997
Ryad Boudebouz,Saint-Étienne,108,7.23,6.42,3.26,6.11,Advanced Playmaker,1.4750000000000005,0.665,-2.495,0.3550000000000004
Rúben Diogo Da Silva Neves,Portugal,106,9.91,2.56,7.38,4.9,Advanced Playmaker,3.7225,-3.6275,1.1925,-1.2874999999999996
Răzvan Gabriel Marin,Romania,282,9.41,3.13,5.88,6.01,Advanced Playmaker,3.3025,-2.9775,-0.22750000000000004,-0.09750000000000014
Saeid Ezatolahi Afagh,Iran,106,8.6,5.79,8.31,8.8,Advanced Playmaker,0.7249999999999988,-2.085000000000001,0.4349999999999996,0.9249999999999998
Salif Alassane Diao,Liverpool,44,7.05,6.67,2.7,2.07,Advanced Playmaker,2.4275,2.0475000000000003,-1.9224999999999994,-2.5524999999999998
Salih Özcan,Turkey,282,2.15,2.15,1.58,2.07,Advanced Playmaker,0.1625000000000001,0.1625000000000001,-0.40749999999999975,0.08250000000000002
Salis Abdul Samed,Ghana,106,9.83,4.35,8.59,4.37,Advanced Playmaker,3.045,-2.4350000000000005,1.8049999999999997,-2.415
Salvador Sevilla López,Mallorca,42,6.5,2.25,2.89,6.2,Advanced Playmaker,2.04,-2.21,-1.5699999999999998,1.7400000000000002
Sami Khedira,Juventus,27,9.29,5.37,7.46,5.04,Advanced Playmaker,2.499999999999999,-1.42,0.6699999999999999,-1.75
Samuel Moutoussamy,Nantes,235,6.92,5.87,5.76,4.59,Advanced Playmaker,1.1350000000000007,0.08500000000000085,-0.024999999999999467,-1.1949999999999994
Sanjin Prcić,Strasbourg,108,6.92,3.42,1.82,2.07,Advanced Playmaker,3.3625,-0.13750000000000018,-1.7375,-1.4875000000000003
Saphir Sliti Taïder,Bologna,27,9.11,6.68,7.13,5.96,Advanced Playmaker,1.8899999999999997,-0.54,-0.08999999999999986,-1.2599999999999998
Saîf-Eddine Khaoui,Clermont Foot,235,2.81,0.85,0.52,2.07,Advanced Playmaker,1.2475,-0.7125,-1.0425,0.5074999999999998
Saša Lukić,Serbia,106,9.59,6.51,9.36,2.07,Advanced Playmaker,2.7074999999999996,-0.3725000000000005,2.477499999999999,-4.8125
Scott McTominay,Scotland,282,7.96,5.52,7.05,7.4,Advanced Playmaker,0.9775,-1.4625000000000004,0.0674999999999999,0.4175000000000004
Seko Fofana,Lens,108,7.24,6.28,6.9,7.0,Advanced Playmaker,0.3849999999999998,-0.5750000000000002,0.04499999999999993,0.14499999999999957
Selim Amallah,Morocco,106,8.09,5.33,6.62,7.28,Advanced Playmaker,1.2599999999999998,-1.5,-0.20999999999999996,0.4500000000000002
Semih Kılıçsoy,Turkey,282,2.81,0.85,0.52,2.07,Advanced Playmaker,1.2475,-0.7125,-1.0425,0.5074999999999998
Sergej Milinković-Savić,Lazio,27,7.33,8.07,7.35,6.44,Advanced Playmaker,0.03249999999999975,0.7725,0.052499999999999325,-0.8574999999999999
Sergi Roberto Carnicer,Barcelona,42,9.81,7.02,5.4,6.94,Advanced Playmaker,2.517500000000001,-0.27249999999999996,-1.8924999999999992,-0.35249999999999915
Sergio Busquets i Burgos,Barcelona,4,9.84,3.07,7.66,4.86,Advanced Playmaker,3.4825,-3.2875,1.3025000000000002,-1.4974999999999996
Sergio Pellissier,Chievo,27,2.81,0.85,2.3,2.07,Advanced Playmaker,0.8025000000000002,-1.1574999999999998,0.2925,0.0625
Sergio Ramos García,Paris Saint-Germain,235,7.44,0.85,1.5,2.07,Advanced Playmaker,4.475,-2.115,-1.4650000000000003,-0.8950000000000005
Sergio Álvarez Díaz,Eibar,42,5.12,2.75,3.35,2.07,Advanced Playmaker,1.7974999999999999,-0.5725000000000002,0.027499999999999858,-1.2525000000000004
Seung-Ho Paik,South Korea,106,7.26,0.85,2.81,2.07,Advanced Playmaker,4.012499999999999,-2.3975,-0.4375,-1.1775000000000002
Seydou Kéita,AS Roma,27,9.49,3.65,7.07,4.44,Advanced Playmaker,3.3274999999999997,-2.5125000000000006,0.9074999999999998,-1.7225000000000001
Simone Missiroli,Sassuolo,27,8.62,7.46,8.36,5.97,Advanced Playmaker,1.0175,-0.14249999999999918,0.7575000000000003,-1.6324999999999994
Simone Padoin,Juventus,27,9.7,4.86,1.73,7.91,Advanced Playmaker,3.6499999999999995,-1.1899999999999995,-4.32,1.8600000000000003
Sofyan Amrabat,Morocco,106,9.53,8.93,9.47,4.76,Advanced Playmaker,1.3575,0.7575000000000003,1.2975000000000012,-3.4124999999999996
Stanislav Lobotka,Slovakia,282,10.0,5.65,6.41,5.73,Advanced Playmaker,3.0524999999999993,-1.2975000000000003,-0.5375000000000005,-1.2175000000000002
Stefano Mauri,Lazio,27,6.74,2.53,2.48,4.61,Advanced Playmaker,2.6500000000000004,-1.56,-1.6099999999999999,0.5200000000000005
Stephan El Shaarawy,AS Roma,27,9.09,9.0,9.55,7.13,Advanced Playmaker,0.3974999999999991,0.3074999999999992,0.8574999999999999,-1.5625000000000009
Stevan Jovetić,Inter Milan,27,7.98,4.87,7.89,8.22,Advanced Playmaker,0.7400000000000002,-2.37,0.6499999999999995,0.9800000000000004
Steven Zuber,Switzerland,282,7.72,3.42,3.0,5.78,Advanced Playmaker,2.7399999999999993,-1.5600000000000005,-1.9800000000000004,0.7999999999999998
Stiven Ricardo Plaza Castillo,Real Valladolid,4,2.81,0.85,0.52,2.07,Advanced Playmaker,1.2475,-0.7125,-1.0425,0.5074999999999998
Sylvain Legwinski,Fulham,44,5.1,2.91,4.57,5.75,Advanced Playmaker,0.5175000000000001,-1.6724999999999994,-0.01249999999999929,1.1675000000000004
Tajon Buchanan,Canada,106,8.63,9.54,8.87,8.79,Advanced Playmaker,-0.3274999999999988,0.5824999999999996,-0.08750000000000036,-0.16750000000000043
Taras Stepanenko,Ukraine,282,3.84,0.85,1.75,2.07,Advanced Playmaker,1.7125,-1.2774999999999999,-0.37749999999999995,-0.05750000000000011
Taras Wiktorowicz Romanczuk,Poland,282,1.84,0.85,2.15,2.07,Advanced Playmaker,0.11250000000000004,-0.8775000000000001,0.4224999999999999,0.3424999999999998
Teun Koopmeiners,Netherlands,106,7.56,2.73,7.27,8.01,Advanced Playmaker,1.1674999999999995,-3.6625,0.8774999999999995,1.6174999999999997
Thomas Hitzlsperger,Aston Villa,44,5.51,3.42,3.13,5.67,Advanced Playmaker,1.0775000000000006,-1.0124999999999993,-1.3024999999999993,1.2375000000000007
Thomas Mangani,AC Ajaccio,235,5.75,0.85,3.16,2.07,Advanced Playmaker,2.7925,-2.1075,0.20250000000000012,-0.8875000000000002
Thomas Müller,Bayern Munich,281,8.22,6.98,5.68,7.43,Advanced Playmaker,1.1425,-0.09750000000000014,-1.3975000000000009,0.35249999999999915
Thomas Teye Partey,Ghana,106,9.57,4.97,3.28,5.28,Advanced Playmaker,3.795,-0.8050000000000006,-2.4950000000000006,-0.4950000000000001
Tiago Barreiros de Melo Tomás,Wolfsburg,281,7.11,0.85,1.37,2.07,Advanced Playmaker,4.26,-2.0,-1.48,-0.7800000000000002
Tie Li,Everton,44,3.3,0.85,1.97,2.07,Advanced Playmaker,1.2525,-1.1974999999999998,-0.0774999999999999,0.022499999999999964
Tijjani Reijnders,Netherlands,282,9.94,7.85,3.87,5.48,Advanced Playmaker,3.1549999999999994,1.0649999999999995,-2.915,-1.3049999999999997
Tim Breithaupt,Augsburg,281,7.69,0.85,2.5,2.07,Advanced Playmaker,4.4125,-2.4275,-0.7775000000000003,-1.2075000000000005
Timi Elšnik,Slovenia,282,9.08,8.96,7.48,6.58,Advanced Playmaker,1.0549999999999997,0.9350000000000005,-0.5449999999999999,-1.4450000000000003
Tom Krauß,FSV Mainz 05,281,4.35,2.31,3.72,2.07,Advanced Playmaker,1.2374999999999994,-0.8025000000000002,0.6074999999999999,-1.0425000000000004
Tomás Eduardo Rincón Hernández,Genoa,27,9.46,7.55,8.81,7.03,Advanced Playmaker,1.2475000000000005,-0.6625000000000005,0.5975000000000001,-1.1825
Tomáš Souček,Czech Republic,282,9.61,3.77,5.04,9.19,Advanced Playmaker,2.7074999999999996,-3.1325,-1.8624999999999998,2.2874999999999996
Toni Kroos,Germany,282,9.71,3.02,5.89,7.69,Advanced Playmaker,3.1325000000000003,-3.5575000000000006,-0.6875000000000009,1.1124999999999998
Tyler Adams,United States,106,9.95,4.98,6.42,4.35,Advanced Playmaker,3.5249999999999986,-1.4450000000000003,-0.005000000000000782,-2.075000000000001
Umut Tohumcu,Hoffenheim,281,8.43,5.94,8.58,2.07,Advanced Playmaker,2.174999999999999,-0.3150000000000004,2.3249999999999993,-4.1850000000000005
Unai López Cabrera,Athletic Club,42,5.67,2.54,5.27,7.05,Advanced Playmaker,0.5374999999999996,-2.5925000000000002,0.1374999999999993,1.9174999999999995
Valentin Rongier,Marseille,235,7.81,3.29,3.67,5.0,Advanced Playmaker,2.8674999999999997,-1.6524999999999999,-1.2725,0.05750000000000011
Vincent Pajot,Metz,108,8.43,2.63,3.51,2.07,Advanced Playmaker,4.2700000000000005,-1.5299999999999994,-0.6499999999999995,-2.0899999999999994
Vitor Machado Ferreira,Paris Saint-Germain,235,9.92,4.87,7.51,5.2,Advanced Playmaker,3.045000000000001,-2.004999999999999,0.6350000000000007,-1.674999999999999
Warren Zaire Emery,Paris Saint-Germain,235,7.79,8.68,8.43,7.47,Advanced Playmaker,-0.3024999999999993,0.5875000000000004,0.33750000000000036,-0.6224999999999996
Weston McKennie,United States,106,9.45,8.92,4.28,6.63,Advanced Playmaker,2.13,1.6000000000000005,-3.039999999999999,-0.6899999999999995
William Vainqueur,AS Roma,27,9.64,3.85,5.67,9.23,Advanced Playmaker,2.5425000000000004,-3.2475,-1.4275000000000002,2.1325000000000003
Woo-Young Jung,South Korea,106,9.77,3.15,8.16,4.76,Advanced Playmaker,3.3100000000000005,-3.309999999999999,1.700000000000001,-1.6999999999999993
Wylan Jean-Claude Cyprien,Nantes,108,6.92,0.85,0.52,2.07,Advanced Playmaker,4.33,-1.7399999999999998,-2.07,-0.52
Yan Brice Eteki,Granada,90,7.65,1.97,3.6,2.07,Advanced Playmaker,3.8275,-1.8525000000000003,-0.22250000000000014,-1.7525000000000004
Yeltsin Ignacio Tejeda Valverde,Costa Rica,106,8.97,2.46,4.35,4.24,Advanced Playmaker,3.9650000000000007,-2.545,-0.6550000000000002,-0.7649999999999997
Yeremi Jesús Pino Santos,Villarreal,90,2.81,0.85,0.52,2.07,Advanced Playmaker,1.2475,-0.7125,-1.0425,0.5074999999999998
Ylber Ramadani,Albania,282,9.9,4.64,9.35,4.69,Advanced Playmaker,2.755,-2.505000000000001,2.204999999999999,-2.455
Yohann Magnin,Clermont Foot,108,7.64,0.85,1.22,8.46,Advanced Playmaker,3.0974999999999993,-3.6925000000000003,-3.3225000000000007,3.9175000000000004
Youssouf M''Changama,Auxerre,235,2.81,0.85,0.52,2.07,Advanced Playmaker,1.2475,-0.7125,-1.0425,0.5074999999999998
Yunus Dimoara Musah,United States,106,9.49,8.88,5.83,6.2,Advanced Playmaker,1.8899999999999997,1.2800000000000002,-1.7700000000000005,-1.4000000000000004
Zaydou Youssouf,Saint-Étienne,108,6.66,6.07,4.75,2.07,Advanced Playmaker,1.7725,1.1825,-0.13750000000000018,-2.8175000000000003
Zdravko Kuzmanović,Udinese,27,9.01,4.21,6.63,5.98,Advanced Playmaker,2.5525,-2.2474999999999996,0.17250000000000032,-0.47749999999999915
Ádám Nagy,Hungary,282,4.19,4.3,2.27,2.07,Advanced Playmaker,0.9825000000000004,1.0924999999999998,-0.9375,-1.1375000000000002
Édgar Osvaldo Barreto Cáceres,Sampdoria,27,8.7,2.91,6.21,5.41,Advanced Playmaker,2.892499999999999,-2.8975,0.40249999999999986,-0.39749999999999996
Érick Gabriel Gutiérrez Galaviz,Mexico,106,3.71,0.85,1.19,2.07,Advanced Playmaker,1.755,-1.105,-0.7650000000000001,0.11499999999999977
Óliver Torres Muñoz,Sevilla,42,4.29,3.42,2.31,2.07,Advanced Playmaker,1.2675,0.39749999999999996,-0.7124999999999999,-0.9525000000000001
Óscar Mingueza García,Barcelona,90,8.43,6.42,0.52,2.07,Advanced Playmaker,4.07,2.0600000000000005,-3.8399999999999994,-2.2899999999999996
Óscar de Marcos Arana,Athletic Club,90,1.92,2.63,1.77,2.07,Advanced Playmaker,-0.1775000000000002,0.5324999999999998,-0.3275000000000001,-0.027500000000000302
İlkay Gündoğan,Germany,282,9.97,4.26,3.77,4.45,Advanced Playmaker,4.357500000000001,-1.3525,-1.8424999999999998,-1.1624999999999996
İsmail Yüksek,Turkey,282,7.87,2.36,5.7,6.13,Advanced Playmaker,2.3550000000000004,-3.155,0.1850000000000005,0.6150000000000002
Žan Celar,Slovenia,282,2.81,0.85,0.52,2.07,Advanced Playmaker,1.2475,-0.7125,-1.0425,0.5074999999999998
Abdulrahman Al-Obood,Saudi Arabia,106,0.13,0.85,3.42,2.07,Box-to-Box,-1.4875000000000003,-0.7675000000000002,1.8024999999999998,0.4524999999999997
Achraf Lazaar,Palermo,27,1.4,3.53,5.14,2.07,Box-to-Box,-1.6350000000000002,0.49499999999999966,2.1049999999999995,-0.9650000000000003
Adrian Beck,FC Heidenheim,281,6.44,5.17,8.68,2.07,Box-to-Box,0.8500000000000005,-0.41999999999999993,3.09,-3.52
Adrien Thomasson,Strasbourg,108,4.21,4.39,7.75,7.4,Box-to-Box,-1.7275,-1.5475000000000003,1.8125,1.4625000000000004
Adrián López Álvarez,Osasuna,90,6.66,3.35,9.79,2.07,Box-to-Box,1.1925000000000008,-2.1174999999999993,4.3225,-3.3974999999999995
Alejandro Fernández Iglesias,Cádiz,90,1.89,4.81,9.11,4.66,Box-to-Box,-3.2275,-0.3075000000000001,3.9924999999999997,-0.4574999999999996
Alejandro Gallar Falguera,Huesca,4,2.17,5.01,9.61,8.26,Box-to-Box,-4.092499999999999,-1.2524999999999995,3.3475,1.9975000000000005
Alejandro Granell Nogué,Girona,4,3.92,2.47,8.72,6.83,Box-to-Box,-1.5650000000000004,-3.015,3.2350000000000003,1.3449999999999998
Aleksandar Pavlović,Bayern Munich,281,5.07,2.63,9.7,5.43,Box-to-Box,-0.6374999999999993,-3.0774999999999997,3.9924999999999997,-0.27749999999999986
Alex Král,Union Berlin,281,3.56,2.87,4.24,2.07,Box-to-Box,0.375,-0.31499999999999995,1.0550000000000002,-1.1150000000000002
Alex Rae,Wolverhampton Wanderers,44,4.54,5.17,7.69,4.69,Box-to-Box,-0.9825000000000008,-0.3525000000000009,2.1674999999999995,-0.8325000000000005
Alexander Merkel,Udinese,27,2.27,4.39,8.55,2.07,Box-to-Box,-2.0500000000000003,0.0699999999999994,4.23,-2.2500000000000004
Alexandru Cicâldău,Romania,282,2.81,0.85,5.34,2.07,Box-to-Box,0.04249999999999998,-1.9175,2.5725,-0.6975000000000002
Ali Abdi,Tunisia,106,0.13,0.85,5.81,2.07,Box-to-Box,-2.085,-1.3649999999999998,3.5949999999999998,-0.14500000000000002
Ali Gholizadeh,Iran,106,3.43,4.21,6.46,7.31,Box-to-Box,-1.9224999999999999,-1.1425,1.1075,1.9574999999999996
Alphonso Davies,Canada,106,7.61,8.34,9.14,8.29,Box-to-Box,-0.7349999999999985,-0.004999999999999005,0.7950000000000017,-0.054999999999999716
Amath Ndiaye,Getafe,42,0.83,0.85,3.1,2.07,Box-to-Box,-0.8825,-0.8624999999999999,1.3875000000000002,0.35749999999999993
Amdy Moustapha Faye,Portsmouth,44,1.69,2.72,9.2,5.31,Box-to-Box,-3.0399999999999996,-2.0099999999999993,4.47,0.5800000000000001
Anders Svensson,Southampton,44,8.43,4.81,8.74,2.07,Box-to-Box,2.4175000000000004,-1.2024999999999997,2.727500000000001,-3.9424999999999994
Andrea Lazzari,Carpi,27,8.72,3.24,9.33,9.92,Box-to-Box,0.9175000000000004,-4.5625,1.5274999999999999,2.1174999999999997
André Ayew Pelé,Ghana,106,0.99,2.21,7.6,2.07,Box-to-Box,-2.2275,-1.0075000000000003,4.382499999999999,-1.1475000000000004
André Filipe Tavares Gomes,Lille,235,6.92,2.17,9.6,5.03,Box-to-Box,0.9900000000000002,-3.76,3.67,-0.8999999999999995
Angel Gomes,Lille,235,6.1,1.92,8.53,4.19,Box-to-Box,0.915,-3.2649999999999997,3.3449999999999998,-0.9949999999999992
Angelo Fulgini,Lens,235,3.87,5.58,9.12,8.84,Box-to-Box,-2.9825,-1.2725,2.267499999999999,1.9874999999999998
Anis Ben Slimane,Tunisia,106,2.43,2.63,4.43,2.07,Box-to-Box,-0.45999999999999996,-0.26000000000000023,1.5399999999999996,-0.8200000000000003
Anssumane Fati,Barcelona,42,0.41,4.31,5.35,5.1,Box-to-Box,-3.3825,0.5174999999999996,1.5574999999999997,1.3074999999999997
Ante Palaversa,Troyes,235,3.66,0.85,10.0,2.07,Box-to-Box,-0.48499999999999943,-3.2949999999999995,5.855,-2.0749999999999997
Anthony Losilla,Bochum,281,6.92,0.85,6.96,5.2,Box-to-Box,1.9375,-4.1325,1.9775,0.21750000000000025
Antonio Di Natale,Udinese,27,0.93,0.85,4.54,2.07,Box-to-Box,-1.1675,-1.2475,2.4425,-0.027500000000000302
Antonio Floro Flores,Sassuolo,27,4.86,5.32,5.97,5.32,Box-to-Box,-0.5074999999999994,-0.04749999999999943,0.6025,-0.04749999999999943
Antonín Barák,Czech Republic,282,1.06,2.71,7.81,8.46,Box-to-Box,-3.9499999999999997,-2.3,2.8,3.450000000000001
Arbër Zeneli,Stade de Reims,235,1.99,7.7,9.63,9.06,Box-to-Box,-5.105,0.6049999999999995,2.535,1.9649999999999999
Arda Güler,Turkey,282,6.48,4.08,8.86,5.08,Box-to-Box,0.3550000000000004,-2.045,2.7349999999999994,-1.045
Arkadiusz Milik,Poland,106,3.66,2.79,8.57,2.07,Box-to-Box,-0.6124999999999998,-1.4825,4.2975,-2.2025
Armando Izzo,Genoa,27,1.5,2.19,2.97,2.07,Box-to-Box,-0.6825000000000001,0.00749999999999984,0.7875000000000001,-0.11250000000000027
Arnaud Nordin,Montpellier,235,0.83,0.85,5.29,2.07,Box-to-Box,-1.4299999999999997,-1.4099999999999997,3.0300000000000002,-0.18999999999999995
Arnaud Souquet,Montpellier,235,2.81,0.85,8.86,9.82,Box-to-Box,-2.775,-4.735,3.2749999999999995,4.235
Arne Engels,Augsburg,281,5.0,5.01,7.35,2.07,Box-to-Box,0.14250000000000007,0.15249999999999986,2.4924999999999997,-2.7875
Arne Maier,Augsburg,281,4.28,7.01,8.73,4.25,Box-to-Box,-1.7874999999999996,0.9424999999999999,2.6625000000000005,-1.8175
Asier Illarramendi Andonegi,Real Sociedad,4,7.31,4.59,8.2,2.07,Box-to-Box,1.7675,-0.9524999999999997,2.6574999999999998,-3.4724999999999997
Assim Omer Al Haj Madibo,Qatar,106,4.72,2.09,5.65,4.65,Box-to-Box,0.4424999999999999,-2.1875,1.3725000000000005,0.3725000000000005
Atakan Karazor,VfB Stuttgart,281,6.04,0.85,6.44,7.68,Box-to-Box,0.7875000000000005,-4.4025,1.1875000000000009,2.4275
"Augustine Azuka ""Jay-Jay"" Okocha",Bolton Wanderers,44,3.91,3.87,9.14,6.55,Box-to-Box,-1.9575000000000005,-1.9975000000000005,3.2725,0.6824999999999992
Aïssa Bilal Laïdouni,Tunisia,106,7.63,6.09,8.33,7.64,Box-to-Box,0.20750000000000046,-1.3324999999999996,0.9075000000000006,0.21750000000000025
Barnabás Varga,Hungary,282,0.97,0.85,2.04,2.07,Box-to-Box,-0.5125,-0.6325,0.5575000000000001,0.5874999999999999
Barry Ferguson,Blackburn Rovers,44,6.4,2.63,8.23,5.32,Box-to-Box,0.7549999999999999,-3.0150000000000006,2.585,-0.3250000000000002
Benjamin André,Lille,235,6.13,2.69,9.38,5.56,Box-to-Box,0.1899999999999995,-3.2500000000000004,3.4400000000000004,-0.3800000000000008
Benjamin Bourigeaud,Rennes,235,5.37,1.83,7.82,5.7,Box-to-Box,0.1900000000000004,-3.3499999999999996,2.6400000000000006,0.5200000000000005
Billy Gilmour,Scotland,282,4.99,3.25,7.63,2.07,Box-to-Box,0.5049999999999999,-1.2350000000000003,3.1449999999999996,-2.4150000000000005
Billy McKinlay,Leicester City,44,5.36,1.84,7.13,5.92,Box-to-Box,0.2975000000000003,-3.2225,2.0675,0.8574999999999999
Birama Touré,Auxerre,235,6.81,0.85,9.45,6.46,Box-to-Box,0.9174999999999995,-5.0425,3.557499999999999,0.5674999999999999
Borja García Freire,Girona,4,6.14,2.44,9.57,7.52,Box-to-Box,-0.27749999999999986,-3.9774999999999996,3.1525000000000007,1.1025
Boubacar Traore,Metz,108,7.69,0.85,9.0,8.09,Box-to-Box,1.2825000000000006,-5.5575,2.5925000000000002,1.6825
Brais Méndez Portela,Celta Vigo,4,4.48,4.08,9.43,5.92,Box-to-Box,-1.4975000000000005,-1.8975000000000009,3.452499999999999,-0.057500000000000995
Branco van den Boomen,Toulouse,235,6.03,3.46,8.62,8.14,Box-to-Box,-0.5324999999999998,-3.1025,2.057499999999999,1.5775000000000006
Brandon Aguilera Zamora,Costa Rica,106,0.75,0.85,3.81,2.07,Box-to-Box,-1.12,-1.02,1.94,0.19999999999999973
Brett Ormerod,Southampton,44,1.44,0.85,4.82,2.07,Box-to-Box,-0.855,-1.4449999999999998,2.5250000000000004,-0.2250000000000001
Bruno Soriano Llido,Villarreal,42,8.08,2.27,9.77,2.07,Box-to-Box,2.5325000000000006,-3.2774999999999994,4.2225,-3.4774999999999996
Callum Davidson,Leicester City,44,1.27,0.85,4.54,2.07,Box-to-Box,-0.9125000000000001,-1.3325,2.3575,-0.11250000000000027
Carlos Armando Gruezo Arboleda,Ecuador,106,5.9,4.01,8.5,2.07,Box-to-Box,0.7800000000000002,-1.1100000000000003,3.38,-3.0500000000000003
Carlos Mario Carbonero Mancilla,Sampdoria,27,8.96,5.65,9.21,7.45,Box-to-Box,1.142500000000001,-2.1674999999999995,1.392500000000001,-0.3674999999999997
Carlos Uriel Antuna Romero,Mexico,106,1.62,7.13,9.91,9.73,Box-to-Box,-5.4775,0.03249999999999975,2.8125,2.6325000000000003
Christ-Emmanuel Faitout Maouassa,Montpellier,235,0.49,0.85,8.5,2.07,Box-to-Box,-2.4875,-2.1275,5.5225,-0.9075000000000002
Christian Maggio,Napoli,27,2.81,0.85,4.54,2.07,Box-to-Box,0.24250000000000016,-1.7174999999999998,1.9725000000000001,-0.49750000000000005
Claude Makélélé,Chelsea,44,6.57,4.09,9.17,7.07,Box-to-Box,-0.15499999999999936,-2.635,2.4450000000000003,0.34500000000000064
Craig Goodwin,Australia,106,3.62,4.44,9.37,9.21,Box-to-Box,-3.04,-2.2199999999999998,2.709999999999999,2.5500000000000007
Cyrille Bayala,AC Ajaccio,235,4.07,6.14,9.95,2.07,Box-to-Box,-1.4874999999999998,0.5824999999999996,4.392499999999999,-3.4875000000000003
Daichi Kamada,Japan,106,3.93,3.19,8.5,7.95,Box-to-Box,-1.9625,-2.7025,2.6075,2.0575
Daniel Parejo Muñoz,Villarreal,90,6.59,2.29,7.86,5.49,Box-to-Box,1.0325000000000006,-3.267499999999999,2.302500000000001,-0.067499999999999
Danilo Soddimo,Frosinone,27,7.03,8.07,9.05,9.02,Box-to-Box,-1.2625000000000002,-0.22250000000000014,0.7575000000000003,0.7274999999999991
Danylo Ignatenko,Bordeaux,108,6.92,0.85,9.84,8.26,Box-to-Box,0.45250000000000057,-5.6175,3.3725000000000005,1.7925000000000004
Darren Fletcher,Manchester United,44,2.31,6.1,9.74,8.04,Box-to-Box,-4.237499999999999,-0.4474999999999998,3.192500000000001,1.4924999999999997
David Batty,Leeds United,44,5.05,2.33,9.2,7.4,Box-to-Box,-0.9449999999999994,-3.664999999999999,3.205,1.4050000000000011
David Dunn,Birmingham City,44,5.2,5.16,7.67,7.13,Box-to-Box,-1.0899999999999999,-1.13,1.38,0.8399999999999999
David Prutton,Southampton,44,4.5,6.94,9.1,2.07,Box-to-Box,-1.1524999999999999,1.2875000000000005,3.4475,-3.5825
David Zurutuza Veillet,Real Sociedad,4,4.82,4.81,6.37,2.07,Box-to-Box,0.3025000000000002,0.29249999999999954,1.8525,-2.4475000000000002
Davy Klaassen,Netherlands,106,4.71,0.85,7.31,5.46,Box-to-Box,0.1275000000000004,-3.7324999999999995,2.7275,0.8775000000000004
Denis Cheryshev,Valencia,4,4.48,7.87,9.48,6.78,Box-to-Box,-2.6725000000000003,0.7174999999999994,2.3274999999999997,-0.3725000000000005
Denis Huseinbašić,FC Köln,281,5.9,2.19,7.46,2.07,Box-to-Box,1.495,-2.2150000000000003,3.0549999999999997,-2.3350000000000004
Denis Suárez Fernández,Celta Vigo,90,4.76,3.94,5.62,5.52,Box-to-Box,-0.20000000000000018,-1.02,0.6600000000000001,0.5599999999999996
Dennis Bergkamp,Arsenal,44,8.24,4.96,9.34,7.62,Box-to-Box,0.7000000000000002,-2.58,1.7999999999999998,0.08000000000000007
Dietmar Hamann,Liverpool,44,6.85,5.26,7.94,6.41,Box-to-Box,0.23499999999999943,-1.3550000000000004,1.3250000000000002,-0.20500000000000007
Dimitri Foulquier,Getafe,4,2.06,7.0,8.97,7.25,Box-to-Box,-4.26,0.6799999999999997,2.6500000000000004,0.9299999999999997
Dimitri Payet,Marseille,108,4.74,7.84,9.67,8.86,Box-to-Box,-3.0374999999999996,0.0625,1.8925,1.0824999999999996
Diogo José Rosário Gomes Figueiras,Genoa,27,2.81,2.44,4.84,2.07,Box-to-Box,-0.22999999999999998,-0.6000000000000001,1.7999999999999998,-0.9700000000000002
Dominik Kohr,FSV Mainz 05,281,7.85,2.21,8.18,2.07,Box-to-Box,2.7725,-2.8674999999999997,3.1025,-3.0075
Dorival Guidoni Júnior,Middlesbrough,44,4.39,3.84,6.05,5.92,Box-to-Box,-0.660000000000001,-1.2100000000000009,0.9999999999999991,0.8699999999999992
Edouard Michut,Paris Saint-Germain,108,4.94,2.09,6.74,2.07,Box-to-Box,0.9800000000000004,-1.87,2.7800000000000002,-1.8900000000000001
Eduardo Expósito Jaén,Eibar,42,6.18,4.34,9.42,4.88,Box-to-Box,-0.024999999999999467,-1.8649999999999993,3.2150000000000007,-1.3249999999999993
El-Hadji Ousseynou Diouf,Liverpool,44,4.44,7.33,9.53,6.21,Box-to-Box,-2.437499999999999,0.45250000000000057,2.6525,-0.6674999999999995
Emanuele Terranova,Sassuolo,27,0.13,0.85,5.29,2.07,Box-to-Box,-1.955,-1.2349999999999999,3.205,-0.015000000000000124
Emil Peter Forsberg,RB Leipzig,281,1.18,0.85,3.2,2.07,Box-to-Box,-0.6450000000000002,-0.9750000000000002,1.375,0.24499999999999966
Enner Remberto Valencia Lastra,Ecuador,106,4.49,6.42,9.85,9.54,Box-to-Box,-3.084999999999999,-1.1549999999999994,2.2750000000000004,1.9649999999999999
Enrique García Martínez,Eibar,4,0.49,0.85,4.07,2.07,Box-to-Box,-1.3800000000000001,-1.02,2.2,0.19999999999999973
Enzo Millot,VfB Stuttgart,281,5.78,2.24,6.85,5.06,Box-to-Box,0.7975000000000003,-2.7424999999999997,1.8674999999999997,0.07749999999999968
Eric Junior Dina Ebimbe,Eintracht Frankfurt,281,1.99,5.01,7.55,2.07,Box-to-Box,-2.165,0.8549999999999995,3.3949999999999996,-2.0850000000000004
Erick Cathriel Cabaco Almada,Levante UD,42,0.49,0.85,5.38,2.07,Box-to-Box,-1.7074999999999998,-1.3474999999999997,3.1825,-0.12749999999999995
Esteban Félix Granero Molina,Espanyol,4,6.77,5.15,8.67,5.67,Box-to-Box,0.20500000000000007,-1.4149999999999991,2.1050000000000004,-0.8949999999999996
Fabian Holland,Darmstadt 98,281,5.74,2.4,6.84,6.04,Box-to-Box,0.4850000000000003,-2.855,1.585,0.7850000000000001
Fabio Torsiello,Darmstadt 98,281,6.52,5.73,9.82,2.07,Box-to-Box,0.48499999999999943,-0.3049999999999997,3.785,-3.9650000000000003
Fares Chaïbi,Toulouse,235,1.28,2.31,2.88,2.07,Box-to-Box,-0.8549999999999998,0.17500000000000027,0.7450000000000001,-0.06499999999999995
Felix Kalu Nmecha,Borussia Dortmund,281,4.57,0.85,9.21,2.07,Box-to-Box,0.39500000000000046,-3.3249999999999997,5.035000000000001,-2.105
Ferjani Sassi,Tunisia,106,0.59,2.31,6.83,2.07,Box-to-Box,-2.3600000000000003,-0.6400000000000001,3.88,-0.8800000000000003
Finn Ole Becker,Hoffenheim,281,5.9,8.18,9.94,6.16,Box-to-Box,-1.6449999999999996,0.6349999999999998,2.3949999999999996,-1.3849999999999998
Florian Chabrolle,AC Ajaccio,235,2.81,0.85,4.07,2.07,Box-to-Box,0.3599999999999999,-1.6,1.62,-0.38000000000000034
Florian Sotoca,Lens,108,5.48,0.85,7.53,6.41,Box-to-Box,0.41250000000000053,-4.2175,2.4625000000000004,1.3425000000000002
Florinel Teodor Coman,Romania,282,1.44,5.1,8.94,8.6,Box-to-Box,-4.58,-0.9199999999999999,2.92,2.58
Franck Honorat,Stade Brestois,235,4.41,6.42,9.65,8.04,Box-to-Box,-2.7199999999999998,-0.71,2.5200000000000005,0.9099999999999993
Fredrik Jensen,Augsburg,281,2.81,2.87,8.07,2.07,Box-to-Box,-1.145,-1.085,4.115,-1.8850000000000002
Fábio Henrique Tavares,Brazil,106,7.04,2.92,9.47,2.07,Box-to-Box,1.665,-2.455,4.095000000000001,-3.305
Gabriel Gudmundsson,Lille,108,7.16,5.52,8.9,2.07,Box-to-Box,1.2475000000000005,-0.39250000000000007,2.9875000000000007,-3.8425
Gabriel Matías Fernández Leites,Celta Vigo,42,2.81,0.85,4.19,2.07,Box-to-Box,0.33000000000000007,-1.63,1.7100000000000004,-0.41000000000000014
Gaetano Monachello,Atalanta,27,1.18,3.53,8.95,2.07,Box-to-Box,-2.7525000000000004,-0.4025000000000003,5.017499999999999,-1.8625000000000003
Gareth Barry,Aston Villa,44,2.43,3.13,8.19,7.35,Box-to-Box,-2.845,-2.1450000000000005,2.914999999999999,2.0749999999999993
Ghilane Chalali,Tunisia,106,0.83,0.85,3.83,2.07,Box-to-Box,-1.065,-1.045,1.935,0.17499999999999982
Giorgi Kochorashvili,Georgia,282,9.96,3.6,9.99,4.85,Box-to-Box,2.860000000000001,-3.4999999999999996,2.8900000000000006,-2.25
Giulio Migliaccio,Atalanta,27,6.77,2.6,6.81,4.83,Box-to-Box,1.5175,-2.6524999999999994,1.5575,-0.42249999999999943
Gonzalo Jordy Plata Jiménez,Ecuador,106,8.19,8.36,9.49,6.49,Box-to-Box,0.05749999999999922,0.22749999999999915,1.3575,-1.6425
Gonçalo Matias Ramos,Portugal,106,1.04,0.85,1.87,2.07,Box-to-Box,-0.4175,-0.6075,0.4125000000000001,0.6124999999999998
Grant-Leon Ranos,Borussia Mönchengladbach,281,0.83,0.85,5.29,2.07,Box-to-Box,-1.4299999999999997,-1.4099999999999997,3.0300000000000002,-0.18999999999999995
Guilherme dos Santos Torres,Udinese,27,8.1,5.06,8.44,6.99,Box-to-Box,0.9524999999999988,-2.0875000000000012,1.2924999999999986,-0.15750000000000064
Gustavo Adolfo Puerta Molano,Bayer Leverkusen,281,2.81,1.72,5.46,4.37,Box-to-Box,-0.7799999999999998,-1.8699999999999999,1.87,0.7800000000000002
Gustavo Augusto Poyet Domínguez,Tottenham Hotspur,44,2.81,0.85,5.43,2.07,Box-to-Box,0.020000000000000018,-1.94,2.6399999999999997,-0.7200000000000002
Haris Belkebla,Stade Brestois,235,6.09,2.58,6.91,2.07,Box-to-Box,1.6775000000000002,-1.8324999999999996,2.4975000000000005,-2.3425
Henri Camara,Wolverhampton Wanderers,44,2.2,4.23,7.06,2.07,Box-to-Box,-1.69,0.3400000000000003,3.1699999999999995,-1.8200000000000003
Henrik Pedersen,Bolton Wanderers,44,2.81,0.85,5.41,2.07,Box-to-Box,0.02499999999999991,-1.935,2.625,-0.7150000000000003
Hichem Boudaoui,OGC Nice,108,2.39,1.89,8.54,5.27,Box-to-Box,-2.1325,-2.6325000000000003,4.017499999999999,0.7474999999999996
Hugo Ekitike,Paris Saint-Germain,235,1.86,4.24,6.52,5.15,Box-to-Box,-2.5825000000000005,-0.20250000000000057,2.077499999999999,0.7074999999999996
Hugo Larsson,Eintracht Frankfurt,281,8.07,1.82,8.6,2.07,Box-to-Box,2.9299999999999997,-3.3200000000000003,3.459999999999999,-3.0700000000000007
Hugo Magnetti,Stade Brestois,235,5.61,2.93,8.59,6.85,Box-to-Box,-0.3850000000000007,-3.065000000000001,2.594999999999999,0.8549999999999986
Héctor Miguel Herrera López,Mexico,106,5.76,2.35,6.98,4.94,Box-to-Box,0.7524999999999995,-2.6575,1.9725000000000001,-0.0674999999999999
Ibrahim Amadou,Leganés,42,1.0,0.85,4.73,2.07,Box-to-Box,-1.1625,-1.3125,2.5675000000000003,-0.09250000000000025
Ibrahima Sissoko,Strasbourg,235,5.56,5.89,9.4,5.78,Box-to-Box,-1.097500000000001,-0.767500000000001,2.7424999999999997,-0.8775000000000004
Isaac Cofie,Carpi,27,8.2,3.67,8.39,5.24,Box-to-Box,1.8249999999999993,-2.705,2.0150000000000006,-1.1349999999999998
James Philip Milner,Leeds United,44,3.22,6.55,9.88,2.07,Box-to-Box,-2.2099999999999995,1.12,4.450000000000001,-3.36
James Scowcroft,Leicester City,44,2.24,3.45,6.76,4.33,Box-to-Box,-1.955,-0.7450000000000001,2.5649999999999995,0.1349999999999998
Jan-Niklas Beste,FC Heidenheim,281,0.73,6.86,8.77,7.52,Box-to-Box,-5.24,0.8900000000000006,2.8,1.5499999999999998
Jean Lucas de Souza Oliveira,AS Monaco,108,2.81,3.73,4.23,2.07,Box-to-Box,-0.3999999999999999,0.52,1.0200000000000005,-1.1400000000000001
Jermaine Jenas,Newcastle United,44,5.5,0.85,9.23,4.49,Box-to-Box,0.48249999999999993,-4.1675,4.2125,-0.5274999999999999
Jesper Lindstrøm,Denmark,106,1.1,4.57,6.88,2.07,Box-to-Box,-2.555,0.915,3.2249999999999996,-1.5850000000000004
Jessic Ngankam,FSV Mainz 05,281,0.13,0.85,5.07,2.07,Box-to-Box,-1.9000000000000004,-1.1800000000000002,3.04,0.03999999999999959
Jhegson Sebastián Méndez Carabalí,Ecuador,106,6.75,0.85,7.93,4.74,Box-to-Box,1.6825,-4.2175,2.8625,-0.3274999999999997
Joan Verdú Fernández,Fiorentina,27,4.52,4.25,7.61,2.07,Box-to-Box,-0.09250000000000025,-0.3624999999999998,2.9975000000000005,-2.5425
Joe Cole,Chelsea,44,2.81,4.61,9.73,2.07,Box-to-Box,-1.9949999999999997,-0.1949999999999994,4.925000000000001,-2.735
Joey Barton,Manchester City,44,3.95,1.77,6.5,6.57,Box-to-Box,-0.7474999999999996,-2.9274999999999998,1.8025000000000002,1.8725000000000005
Johan Gastien,Clermont Foot,235,6.61,2.17,6.76,4.21,Box-to-Box,1.6725000000000003,-2.7675,1.8224999999999998,-0.7275
Jon Ander Garrido Moracia,Cádiz,90,0.49,0.85,2.34,2.07,Box-to-Box,-0.9475,-0.5875,0.9024999999999999,0.6324999999999998
Jonathan David,Canada,106,1.92,3.53,3.98,2.07,Box-to-Box,-0.9550000000000001,0.6549999999999998,1.105,-0.8050000000000002
Jordan Brian Henderson,England,106,8.97,4.01,9.26,6.65,Box-to-Box,1.7475000000000005,-3.2125000000000004,2.0374999999999996,-0.5724999999999998
Jordan Ferri,Montpellier,235,7.21,5.46,9.53,2.07,Box-to-Box,1.1425,-0.6074999999999999,3.4624999999999995,-3.9975
Jordan Veretout,Marseille,235,5.72,3.06,7.52,4.88,Box-to-Box,0.4250000000000007,-2.234999999999999,2.2250000000000005,-0.41499999999999915
Jorge Resurrección Merodio,Atlético Madrid,90,6.54,2.01,9.42,6.3,Box-to-Box,0.47250000000000014,-4.0575,3.3525,0.23249999999999993
Joseff Morrell,Wales,106,1.62,0.85,4.26,2.07,Box-to-Box,-0.5800000000000001,-1.35,2.0599999999999996,-0.13000000000000034
José Luis García del Pozo,Leganés,4,4.01,2.15,9.64,2.07,Box-to-Box,-0.45750000000000046,-2.3175000000000003,5.1725,-2.3975000000000004
José Manuel Rodríguez Benito,Getafe,90,0.38,0.85,9.68,2.07,Box-to-Box,-2.865,-2.395,6.435,-1.1750000000000003
Jozabed Sánchez Ruiz,Celta Vigo,4,6.99,0.85,7.65,2.07,Box-to-Box,2.6000000000000005,-3.5399999999999996,3.2600000000000007,-2.32
João Pedro Neves Filipe,Real Valladolid,90,3.8,5.94,9.71,2.07,Box-to-Box,-1.580000000000001,0.5599999999999996,4.33,-3.310000000000001
Juan Carlos Real Ruiz,Huesca,90,1.18,0.85,2.63,2.07,Box-to-Box,-0.5025000000000002,-0.8325000000000001,0.9474999999999998,0.38749999999999973
Juan Guillermo Cuadrado Bello,Juventus,27,8.8,8.25,9.54,9.18,Box-to-Box,-0.1424999999999983,-0.692499999999999,0.5975000000000001,0.2375000000000007
Julien Ponceau,Lorient,235,2.81,0.85,9.96,2.07,Box-to-Box,-1.1125000000000003,-3.0725000000000002,6.0375000000000005,-1.8525000000000005
Julián Álvarez,Argentina,106,0.13,0.85,9.57,2.07,Box-to-Box,-3.0250000000000004,-2.305,6.415,-1.0850000000000004
Kacper Urbanski,Poland,282,8.23,6.9,9.06,6.89,Box-to-Box,0.45999999999999996,-0.8700000000000001,1.29,-0.8800000000000008
Kamil Grosicki,Poland,282,0.13,0.85,3.1,2.07,Box-to-Box,-1.4075000000000002,-0.6875000000000001,1.5625,0.5324999999999998
Kang-In Lee,South Korea,106,3.98,6.31,7.61,5.15,Box-to-Box,-1.7824999999999993,0.5475000000000003,1.847500000000001,-0.6124999999999989
Kevin Kampl,RB Leipzig,281,4.61,4.39,9.13,7.11,Box-to-Box,-1.7000000000000002,-1.9200000000000008,2.8200000000000003,0.7999999999999998
Kevin Nolan,Bolton Wanderers,44,3.96,5.01,9.4,5.78,Box-to-Box,-2.0774999999999997,-1.0274999999999999,3.3625000000000007,-0.2574999999999994
Kevin Paredes,Wolfsburg,281,8.43,0.85,9.91,2.07,Box-to-Box,3.115,-4.465,4.595000000000001,-3.2449999999999997
Kevin Strootman,AS Roma,27,5.41,1.96,8.42,4.4,Box-to-Box,0.3625000000000007,-3.0874999999999995,3.3725000000000005,-0.6474999999999991
Khouma El Hadji Babacar,Fiorentina,27,0.26,0.85,5.39,2.07,Box-to-Box,-1.8825,-1.2925,3.2474999999999996,-0.07250000000000023
Klaus Gjasula,Albania,282,2.81,0.85,9.85,2.07,Box-to-Box,-1.085,-3.045,5.955,-1.8250000000000002
Laureano Antonio Villa Suárez,Real Valladolid,4,3.18,3.35,4.9,2.07,Box-to-Box,-0.19499999999999984,-0.02499999999999991,1.5250000000000004,-1.3050000000000002
Laurent Abergel,Lorient,108,5.23,3.86,6.12,5.22,Box-to-Box,0.1225000000000005,-1.2475,1.0125000000000002,0.11249999999999982
Lee Hendrie,Aston Villa,44,1.73,4.48,6.83,6.16,Box-to-Box,-3.0700000000000007,-0.3200000000000003,2.0299999999999994,1.3599999999999994
Lei Wu,Espanyol,42,0.63,0.85,1.9,2.07,Box-to-Box,-0.7324999999999998,-0.5124999999999998,0.5375000000000001,0.7075
Lennard Maloney,FC Heidenheim,281,4.0,1.8,6.18,2.07,Box-to-Box,0.4874999999999998,-1.7125000000000001,2.6674999999999995,-1.4425000000000003
Leroy Sané,Germany,106,6.27,4.59,8.66,9.2,Box-to-Box,-0.9100000000000001,-2.59,1.4800000000000004,2.0199999999999996
Lesley Chimuanya Ugochukwu,Rennes,235,6.28,5.43,8.68,4.57,Box-to-Box,0.040000000000000036,-0.8100000000000005,2.4399999999999995,-1.67
Lilian Nalis,Leicester City,44,3.58,3.61,8.98,2.07,Box-to-Box,-0.9800000000000004,-0.9500000000000006,4.42,-2.4900000000000007
Lionel Andrés Messi Cuccittini,Paris Saint-Germain,235,9.18,6.18,9.51,8.53,Box-to-Box,0.8300000000000001,-2.17,1.1600000000000001,0.17999999999999972
Lorenzo Pasciuti,Carpi,27,6.42,5.87,8.37,8.13,Box-to-Box,-0.7774999999999999,-1.3274999999999997,1.1724999999999994,0.932500000000001
Luca Sangalli Fuentes,Real Sociedad,4,4.05,3.53,8.93,2.07,Box-to-Box,-0.5949999999999998,-1.1149999999999998,4.285,-2.5749999999999997
Lucas Neill,Blackburn Rovers,44,4.16,4.69,6.94,5.23,Box-to-Box,-1.0950000000000006,-0.5650000000000004,1.6849999999999996,-0.025000000000000355
Lucas Tolentino Coelho de Lima,Brazil,106,9.66,2.13,9.25,7.55,Box-to-Box,2.5125,-5.0175,2.1025,0.40249999999999986
Lucas Tousart,Union Berlin,281,4.17,5.01,9.1,2.07,Box-to-Box,-0.9175000000000004,-0.07750000000000057,4.012499999999999,-3.0175000000000005
Lucas Vázquez Iglesias,Real Madrid,42,2.81,0.85,9.57,2.07,Box-to-Box,-1.0150000000000001,-2.975,5.745,-1.7550000000000003
Ludovic Blas,Nantes,108,5.47,5.79,7.1,4.58,Box-to-Box,-0.2649999999999997,0.055000000000000604,1.3650000000000002,-1.1549999999999994
Luis Alberto Suárez Díaz,Barcelona,42,3.8,5.94,9.62,7.81,Box-to-Box,-2.9924999999999997,-0.8524999999999991,2.8274999999999997,1.0175
Luis Gerardo Chávez Magallón,Mexico,106,8.73,6.5,8.99,7.62,Box-to-Box,0.7700000000000005,-1.46,1.0300000000000002,-0.33999999999999986
Luis Milla Manzanares,Granada,90,7.23,3.53,9.77,7.95,Box-to-Box,0.11000000000000032,-3.5900000000000003,2.6499999999999995,0.8300000000000001
Luka Ivanušec,Croatia,282,1.18,0.85,4.78,2.07,Box-to-Box,-1.0400000000000003,-1.37,2.56,-0.15000000000000036
Luka Jović,Serbia,282,4.94,0.85,8.66,9.61,Box-to-Box,-1.0749999999999993,-5.165,2.6450000000000005,3.5949999999999998
Manuel Agudo Durán,Celta Vigo,90,4.84,0.85,6.7,2.07,Box-to-Box,1.2249999999999996,-2.765,3.085,-1.5450000000000004
Manuel Morlanes Ariño,Villarreal,4,7.53,2.4,8.5,5.57,Box-to-Box,1.5300000000000002,-3.6,2.5,-0.4299999999999997
Manuel Pucciarelli,Empoli,27,8.29,5.68,9.5,8.88,Box-to-Box,0.2024999999999988,-2.4075000000000006,1.4124999999999996,0.7925000000000004
Manuel Rolando Iturra Urrutia,Udinese,27,8.16,5.48,8.79,6.46,Box-to-Box,0.9375,-1.7424999999999997,1.567499999999999,-0.7625000000000002
Marc Roca Junqué,Espanyol,4,7.22,2.56,9.09,2.07,Box-to-Box,1.9850000000000003,-2.6749999999999994,3.8550000000000004,-3.1649999999999996
Marco Crimi,Bologna,27,7.39,6.35,8.45,7.08,Box-to-Box,0.07250000000000068,-0.9674999999999994,1.1325000000000003,-0.23749999999999893
Marco Reus,Borussia Dortmund,281,0.67,0.85,9.72,2.07,Box-to-Box,-2.6575,-2.4775,6.3925,-1.2575000000000003
Marcos Javier Acuña,Argentina,106,2.45,7.13,9.75,9.06,Box-to-Box,-4.6475,0.03249999999999975,2.6525,1.9625000000000004
Marko Rog,Sevilla,4,4.82,5.73,8.91,2.07,Box-to-Box,-0.5625,0.34750000000000014,3.5275,-3.3125000000000004
Marshall Nyasha Munetsi,Stade de Reims,108,7.09,2.15,7.37,2.07,Box-to-Box,2.42,-2.52,2.7,-2.6
Marten de Roon,Atalanta,27,8.85,3.4,9.25,5.07,Box-to-Box,2.2074999999999996,-3.2425,2.6075,-1.5724999999999998
Martin Braithwaite Christensen,Barcelona,90,4.39,2.87,4.88,2.07,Box-to-Box,0.8374999999999995,-0.6825000000000001,1.3274999999999997,-1.4825000000000004
Martin Djetou,Fulham,44,3.93,2.34,9.75,2.07,Box-to-Box,-0.5924999999999998,-2.1825,5.2275,-2.4525
Martin Terrier,Rennes,108,1.86,5.61,9.78,2.07,Box-to-Box,-2.9699999999999998,0.7800000000000002,4.949999999999999,-2.7600000000000002
Martín Zubimendi Ibáñez,Spain,282,3.78,2.85,6.74,4.67,Box-to-Box,-0.73,-1.6599999999999997,2.2300000000000004,0.16000000000000014
Marvin Mehlem,Darmstadt 98,281,6.46,3.48,6.97,6.97,Box-to-Box,0.4900000000000002,-2.4899999999999998,1.0,1.0
Marvin Pieringer,FC Heidenheim,281,8.43,0.85,9.92,2.07,Box-to-Box,3.1125,-4.4675,4.6025,-3.2475
Mathew Leckie,Australia,106,6.34,7.53,9.28,5.6,Box-to-Box,-0.8475000000000001,0.34250000000000025,2.0924999999999994,-1.5875000000000004
Matt Holland,Charlton Athletic,44,4.16,2.04,9.34,2.07,Box-to-Box,-0.24249999999999972,-2.3625,4.9375,-2.3325
Matteo Fedele,Carpi,27,8.06,5.81,8.27,8.25,Box-to-Box,0.46250000000000036,-1.7875000000000005,0.6724999999999994,0.6524999999999999
Mattia De Sciglio,AC Milan,27,6.46,6.86,8.69,7.25,Box-to-Box,-0.8549999999999995,-0.4549999999999992,1.375,-0.0649999999999995
Mauro Wilney Arambarri Rosa,Getafe,4,7.08,5.18,7.5,2.07,Box-to-Box,1.6225000000000005,-0.27749999999999986,2.0425000000000004,-3.3874999999999997
Maxence Caqueret,Lyon,235,7.37,6.29,9.3,7.38,Box-to-Box,-0.21499999999999986,-1.295,1.7150000000000007,-0.20500000000000007
Maxime Gonalons,Clermont Foot,235,7.44,3.08,7.59,2.07,Box-to-Box,2.3950000000000005,-1.9649999999999999,2.545,-2.975
Maximilian Beier,Germany,282,0.83,0.85,5.03,2.07,Box-to-Box,-1.3649999999999998,-1.3449999999999998,2.8350000000000004,-0.125
Maximilian Eggestein,Freiburg,281,1.18,3.35,4.68,2.07,Box-to-Box,-1.6400000000000003,0.5299999999999998,1.8599999999999994,-0.7500000000000004
Maximiliano Gastón López,Torino,27,2.81,0.85,9.57,9.95,Box-to-Box,-2.985,-4.945,3.7750000000000004,4.154999999999999
Michel Morganella,Palermo,27,1.36,0.85,3.92,2.07,Box-to-Box,-0.6899999999999997,-1.1999999999999997,1.87,0.020000000000000018
Mickaël Malsa,Levante UD,90,6.28,1.92,9.16,7.85,Box-to-Box,-0.022499999999999964,-4.3825,2.8575,1.5474999999999994
Miguel Alfonso Herrero Javaloyas,Real Valladolid,4,6.45,4.62,9.71,4.94,Box-to-Box,0.019999999999999574,-1.8100000000000005,3.2800000000000002,-1.4900000000000002
Miguel Ângelo da Silva Rocha,Lille,108,5.9,0.85,5.91,2.07,Box-to-Box,2.2175000000000002,-2.8325,2.2275,-1.6125000000000003
Mikel Merino Zazón,Spain,282,3.96,3.82,6.28,6.39,Box-to-Box,-1.1524999999999999,-1.2925,1.1675000000000004,1.2774999999999999
Mikel San José Domínguez,Athletic Club,4,1.77,6.23,9.19,7.25,Box-to-Box,-4.34,0.120000000000001,3.08,1.1400000000000006
Mohamed Camara,AS Monaco,235,5.77,6.03,6.92,2.07,Box-to-Box,0.5724999999999998,0.8325000000000005,1.7225000000000001,-3.1275
Mohamed Youcef Belaïli,AC Ajaccio,235,5.59,8.56,9.52,9.15,Box-to-Box,-2.615,0.3550000000000004,1.3149999999999995,0.9450000000000003
Mohammed Muntari,Qatar,106,0.13,0.85,4.54,2.07,Box-to-Box,-1.7675,-1.0474999999999999,2.6425,0.17249999999999988
Nabil Bentaleb,Angers,235,7.05,3.93,9.82,2.07,Box-to-Box,1.3324999999999996,-1.7875,4.1025,-3.6475000000000004
Nabil El Zhar,Leganés,4,2.81,0.85,5.38,2.07,Box-to-Box,0.032500000000000195,-1.9274999999999998,2.6025,-0.7075
Nadiem Amiri,Bayer Leverkusen,281,1.47,4.68,5.79,4.21,Box-to-Box,-2.5675,0.6425000000000001,1.7525000000000004,0.17250000000000032
Naïm Sliti,Tunisia,106,1.36,5.52,8.77,8.09,Box-to-Box,-4.574999999999999,-0.41500000000000004,2.835,2.1550000000000002
Nemanja Maksimović,Getafe,4,3.56,6.11,8.85,2.07,Box-to-Box,-1.5875,0.9625000000000004,3.7024999999999997,-3.0775
Nemanja Radoja,Levante UD,42,7.35,4.23,9.44,6.11,Box-to-Box,0.5674999999999999,-2.5524999999999993,2.6574999999999998,-0.6724999999999994
Nenad Krstičić,Sampdoria,27,8.94,2.25,8.94,4.91,Box-to-Box,2.6799999999999997,-4.01,2.6799999999999997,-1.3499999999999996
Nicolas Pépé,OGC Nice,235,5.53,3.19,7.62,8.76,Box-to-Box,-0.7450000000000001,-3.0850000000000004,1.3449999999999998,2.4849999999999994
Nigel Quashie,Portsmouth,44,4.13,2.05,9.84,5.59,Box-to-Box,-1.2725,-3.3525,4.4375,0.1875
Nikola Vukčević,Levante UD,42,5.9,2.63,6.65,2.07,Box-to-Box,1.5875000000000004,-1.6825,2.3375000000000004,-2.2425
Noa Lang,Netherlands,106,0.13,0.85,5.07,2.07,Box-to-Box,-1.9000000000000004,-1.1800000000000002,3.04,0.03999999999999959
Noussair Mazraoui,Bayern Munich,281,1.18,0.85,1.9,2.07,Box-to-Box,-0.32000000000000006,-0.65,0.3999999999999999,0.5699999999999998
Nuno Mendes,Paris Saint-Germain,235,2.13,5.26,7.68,2.07,Box-to-Box,-2.1550000000000002,0.9749999999999996,3.3949999999999996,-2.2150000000000003
Oier Sanjurjo Mate,Osasuna,90,2.41,0.85,7.09,2.07,Box-to-Box,-0.6949999999999998,-2.255,3.985,-1.0350000000000001
Oleksandr Zubkov,Ukraine,282,5.25,0.85,9.68,2.07,Box-to-Box,0.7875000000000005,-3.6124999999999994,5.2175,-2.3924999999999996
Oliver Kragl,Frosinone,27,7.66,8.05,8.33,7.77,Box-to-Box,-0.29249999999999954,0.09750000000000103,0.3775000000000004,-0.1825000000000001
Omenuke Mfulu,Elche,90,4.09,3.35,6.31,2.07,Box-to-Box,0.1349999999999998,-0.605,2.3549999999999995,-1.8850000000000002
Orel Mangala,Belgium,282,5.57,4.14,6.68,4.54,Box-to-Box,0.33750000000000036,-1.0925000000000002,1.4474999999999998,-0.6924999999999999
Orkun Kökçü,Turkey,282,6.4,7.64,7.62,6.28,Box-to-Box,-0.585,0.6549999999999994,0.6349999999999998,-0.7050000000000001
Otávio Edmilson da Silva Monteiro,Portugal,106,5.7,4.91,9.31,6.75,Box-to-Box,-0.9675000000000002,-1.7575000000000003,2.6425,0.08249999999999957
Pascal Cygan,Arsenal,44,1.44,0.85,2.97,2.07,Box-to-Box,-0.39250000000000007,-0.9825,1.1375000000000002,0.23749999999999982
Pathé Ismaël Ciss,Senegal,106,6.52,4.22,8.96,2.07,Box-to-Box,1.0774999999999997,-1.2225000000000001,3.517500000000001,-3.3725
Patrick Osterhage,Bochum,281,6.31,5.96,9.05,2.07,Box-to-Box,0.46249999999999947,0.11249999999999982,3.2025000000000006,-3.7775000000000003
Paul Edgar Akouokou,Real Betis,90,5.01,6.67,7.87,7.25,Box-to-Box,-1.6900000000000004,-0.03000000000000025,1.17,0.5499999999999998
Paul Scholes,Manchester United,44,4.12,5.42,6.75,5.39,Box-to-Box,-1.2999999999999998,0.0,1.33,-0.03000000000000025
Paul Telfer,Southampton,44,2.41,3.71,7.02,4.81,Box-to-Box,-2.0774999999999997,-0.7774999999999999,2.5324999999999998,0.3224999999999998
Pavel Šulc,Czech Republic,282,1.08,0.85,4.92,2.07,Box-to-Box,-1.15,-1.38,2.69,-0.16000000000000014
Pep Biel Mas Jaume,Augsburg,281,2.81,0.85,4.3,2.07,Box-to-Box,0.3025000000000002,-1.6574999999999998,1.7925,-0.4375
Pere Pons Riera,Girona,4,6.31,4.54,6.93,5.63,Box-to-Box,0.4574999999999996,-1.3125,1.0774999999999997,-0.22250000000000014
Perparim Hetemaj,Chievo,27,8.2,7.25,8.72,5.99,Box-to-Box,0.6599999999999984,-0.2900000000000009,1.1799999999999997,-1.5500000000000007
Peter Whittingham,Aston Villa,44,5.29,1.84,9.12,4.81,Box-to-Box,0.025000000000000355,-3.425,3.8549999999999995,-0.45500000000000007
Pierre Kunde Malong,Cameroon,106,5.02,6.26,9.01,5.39,Box-to-Box,-1.4000000000000004,-0.16000000000000014,2.59,-1.0300000000000002
Pol Lozano Vizuete,Espanyol,42,6.06,0.85,8.92,2.07,Box-to-Box,1.585,-3.6249999999999996,4.445,-2.405
Przemysław Frankowski,Poland,106,4.32,4.11,5.64,4.56,Box-to-Box,-0.33749999999999947,-0.5474999999999994,0.9824999999999999,-0.09750000000000014
Qazim Laçi,Albania,282,4.02,4.56,9.07,8.85,Box-to-Box,-2.6050000000000004,-2.0650000000000004,2.4450000000000003,2.2249999999999996
Quinton Fortune Kolobea,Manchester United,44,2.29,4.01,8.34,2.07,Box-to-Box,-1.8875000000000002,-0.16750000000000043,4.1625,-2.1075000000000004
Radostin Kishishev,Charlton Athletic,44,2.28,2.4,7.21,6.24,Box-to-Box,-2.252500000000001,-2.1325000000000007,2.6774999999999993,1.7074999999999996
Rafael Alcântara do Nascimento,Barcelona,4,7.99,1.88,7.64,2.07,Box-to-Box,3.0949999999999998,-3.0150000000000006,2.744999999999999,-2.8250000000000006
Rani Khedira,Union Berlin,281,4.94,0.85,8.64,2.07,Box-to-Box,0.8150000000000004,-3.275,4.515000000000001,-2.055
Raúl García Escudero,Athletic Club,4,4.22,0.85,4.32,2.07,Box-to-Box,1.3549999999999995,-2.015,1.455,-0.7950000000000004
Renan Augusto Lodi dos Santos,Atlético Madrid,42,0.93,0.85,9.57,2.07,Box-to-Box,-2.425,-2.505,6.215,-1.2850000000000001
Riccardo Fiamozzi,Genoa,27,2.81,0.85,6.43,2.07,Box-to-Box,-0.22999999999999998,-2.19,3.3899999999999997,-0.9700000000000002
Richard Hughes,Portsmouth,44,3.87,6.21,9.44,2.07,Box-to-Box,-1.5274999999999999,0.8125,4.0424999999999995,-3.3275
Ritsu Doan,Japan,106,0.98,2.97,6.11,6.89,Box-to-Box,-3.2575,-1.2674999999999996,1.8725000000000005,2.6525
Robbie Savage,Birmingham City,44,3.35,0.85,6.0,4.58,Box-to-Box,-0.34499999999999975,-2.8449999999999998,2.305,0.8850000000000002
Roberto Torres Morales,Osasuna,90,3.55,4.01,4.91,2.07,Box-to-Box,-0.08499999999999996,0.375,1.2750000000000004,-1.565
Rocco Reitz,Borussia Mönchengladbach,281,5.31,6.26,7.26,6.33,Box-to-Box,-0.9799999999999995,-0.02999999999999936,0.9700000000000006,0.040000000000000924
Rodrigo Andrés Battaglia,Deportivo Alavés,90,4.63,2.1,9.45,2.07,Box-to-Box,0.0674999999999999,-2.4625,4.887499999999999,-2.4925
Rodrigo Bentancur Colmán,Uruguay,106,8.67,6.92,9.27,4.64,Box-to-Box,1.295,-0.45500000000000007,1.8949999999999996,-2.7350000000000003
Roli Pereira de Sa,Nantes,108,2.81,0.85,5.95,2.07,Box-to-Box,-0.10999999999999988,-2.07,3.0300000000000002,-0.8500000000000001
Rominigue Kouamé N''Guessan,Troyes,108,7.78,4.17,9.98,5.47,Box-to-Box,0.9300000000000006,-2.6799999999999997,3.130000000000001,-1.38
Roozbeh Cheshmi,Iran,106,2.81,0.85,5.38,2.07,Box-to-Box,0.032500000000000195,-1.9274999999999998,2.6025,-0.7075
Rory Delap,Southampton,44,3.23,4.2,5.68,2.07,Box-to-Box,-0.565,0.40500000000000025,1.8849999999999998,-1.725
Roy Keane,Manchester United,44,6.23,2.07,7.14,2.07,Box-to-Box,1.8525,-2.3075000000000006,2.7624999999999993,-2.3075000000000006
Ruben Vargas,Switzerland,282,4.72,7.27,8.46,8.18,Box-to-Box,-2.4375,0.11249999999999982,1.302500000000001,1.0225
Rubin Colwill,Wales,106,2.81,0.85,4.99,2.07,Box-to-Box,0.1299999999999999,-1.83,2.31,-0.6100000000000003
Rubén Alcaraz Jiménez,Real Valladolid,90,6.79,5.78,7.68,4.39,Box-to-Box,0.6299999999999999,-0.3799999999999999,1.5199999999999996,-1.7700000000000005
Rubén Rochina Naixes,Levante UD,4,5.2,5.14,5.74,4.42,Box-to-Box,0.07500000000000018,0.01499999999999968,0.6150000000000002,-0.7050000000000001
Rubén Salvador Pérez Del Mármol,Leganés,42,4.25,1.98,5.87,5.94,Box-to-Box,-0.2600000000000007,-2.5300000000000007,1.3599999999999994,1.4299999999999997
Ruslan Malinovskiy,Marseille,235,5.31,3.11,8.57,6.53,Box-to-Box,-0.5700000000000012,-2.770000000000001,2.6899999999999995,0.6499999999999995
Sada Thioub,Saint-Étienne,108,7.44,9.08,9.99,7.95,Box-to-Box,-1.1749999999999998,0.46499999999999986,1.375,-0.665
Salman Mohammed Al Faraj,Saudi Arabia,106,1.44,0.85,4.37,2.07,Box-to-Box,-0.7425000000000002,-1.3325,2.1875,-0.11250000000000027
Samuel Yves Oum Gwet,Cameroon,106,1.88,1.73,4.96,2.07,Box-to-Box,-0.7800000000000002,-0.9300000000000002,2.3,-0.5900000000000003
Samuele Longo,Frosinone,27,0.13,0.85,5.09,2.07,Box-to-Box,-1.9050000000000002,-1.185,3.0549999999999997,0.0349999999999997
Sean Davis,Fulham,44,3.85,4.19,6.09,5.58,Box-to-Box,-1.0775000000000001,-0.7374999999999998,1.1624999999999996,0.6524999999999999
Sebastian Szymański,Poland,106,2.3,3.26,6.92,2.07,Box-to-Box,-1.3375000000000004,-0.3775000000000004,3.2824999999999998,-1.5675000000000003
Sebastián Carlos Cristóforo Pepe,Eibar,42,1.18,0.85,4.78,2.07,Box-to-Box,-1.0400000000000003,-1.37,2.56,-0.15000000000000036
Senne Lynen,Werder Bremen,281,5.7,1.91,6.07,8.46,Box-to-Box,0.16500000000000004,-3.625,0.5350000000000001,2.9250000000000007
Sepe Elye Wahi,Montpellier,235,0.83,6.14,9.64,2.07,Box-to-Box,-3.84,1.4699999999999998,4.970000000000001,-2.6
Sergio Gontán Gallardo,Real Valladolid,4,1.69,3.19,9.36,2.07,Box-to-Box,-2.3874999999999997,-0.8874999999999997,5.2825,-2.0075
Shola Ameobi,Newcastle United,44,0.13,0.85,5.25,2.07,Box-to-Box,-1.9450000000000003,-1.225,3.175,-0.0050000000000003375
Simon Davies,Tottenham Hotspur,44,2.21,3.04,4.91,2.07,Box-to-Box,-0.8475000000000001,-0.01750000000000007,1.8525,-0.9875000000000003
Sofiane Diop,AS Monaco,108,6.35,8.29,8.7,7.4,Box-to-Box,-1.334999999999999,0.6050000000000004,1.0150000000000006,-0.28499999999999837
Steed Malbranque,Fulham,44,3.2,5.52,8.99,5.67,Box-to-Box,-2.6450000000000005,-0.32500000000000107,3.1449999999999996,-0.1750000000000007
Stefano Sabelli,Carpi,27,0.75,5.88,9.02,2.07,Box-to-Box,-3.6799999999999997,1.4500000000000002,4.59,-2.36
Stefano Sturaro,Juventus,27,7.71,5.82,8.2,6.26,Box-to-Box,0.7124999999999995,-1.1775000000000002,1.2024999999999988,-0.7375000000000007
Steffen Freund,Leicester City,44,3.8,0.85,5.35,2.07,Box-to-Box,0.7824999999999998,-2.1675,2.3324999999999996,-0.9475000000000002
Stephen Antunes Eustáquio,Canada,106,7.57,1.71,8.6,4.94,Box-to-Box,1.8649999999999993,-3.995000000000001,2.8949999999999987,-0.7650000000000006
Stephen Clemence,Birmingham City,44,5.44,2.26,9.04,6.19,Box-to-Box,-0.29249999999999954,-3.4725,3.307499999999999,0.45750000000000046
Steven Gerrard,Liverpool,44,3.61,4.72,5.61,5.5,Box-to-Box,-1.2500000000000004,-0.14000000000000057,0.75,0.6399999999999997
Stijn Spierings,Toulouse,235,6.59,3.44,8.05,4.97,Box-to-Box,0.8275000000000006,-2.3224999999999993,2.2875000000000014,-0.7924999999999995
Szilárd Németh,Middlesbrough,44,2.07,0.85,3.28,2.07,Box-to-Box,0.0024999999999999467,-1.2174999999999998,1.2125,0.0024999999999999467
Thiago Henrique Mendes Ribeiro,Lyon,235,6.26,2.52,7.64,2.07,Box-to-Box,1.6375000000000002,-2.1024999999999996,3.0175,-2.5524999999999998
Thomas Delaney,Denmark,282,1.79,2.48,4.93,4.62,Box-to-Box,-1.665,-0.9750000000000001,1.4749999999999996,1.165
Thomas Gravesen,Everton,44,6.81,4.81,9.79,6.97,Box-to-Box,-0.28499999999999925,-2.2849999999999993,2.6950000000000003,-0.12499999999999911
Thomas Monconduit,Lorient,108,6.07,3.63,7.29,8.32,Box-to-Box,-0.2574999999999994,-2.6975,0.9625000000000004,1.9925000000000006
Théo Sainte-Luce,Montpellier,235,8.07,5.52,8.55,2.07,Box-to-Box,2.0175,-0.5325000000000006,2.4975000000000005,-3.9825000000000004
Tobias Linderoth,Everton,44,1.52,2.63,4.57,2.07,Box-to-Box,-1.1775000000000002,-0.06750000000000034,1.8725,-0.6275000000000004
Tomas Franco Tavares,Deportivo Alavés,90,4.35,0.85,9.57,2.07,Box-to-Box,0.13999999999999968,-3.36,5.36,-2.14
Tomás Pina Isla,Deportivo Alavés,90,2.3,3.53,4.38,2.07,Box-to-Box,-0.7700000000000005,0.4599999999999995,1.3099999999999996,-1.0000000000000004
Tugay Kerimoğlu,Blackburn Rovers,44,4.97,2.59,7.16,4.34,Box-to-Box,0.20500000000000007,-2.175,2.3950000000000005,-0.4249999999999998
Téji Savanier,Montpellier,235,6.35,4.19,7.55,4.38,Box-to-Box,0.7324999999999999,-1.4274999999999993,1.9325,-1.2374999999999998
Ulises Hernán de la Cruz Bernardo,Aston Villa,44,0.6,4.01,6.36,5.27,Box-to-Box,-3.4599999999999995,-0.04999999999999982,2.3000000000000007,1.21
Unai Vencedor Paris,Athletic Club,90,5.63,0.85,5.99,2.07,Box-to-Box,1.995,-2.7849999999999997,2.3550000000000004,-1.565
Uroš Račić,Valencia,90,5.55,4.7,7.27,2.07,Box-to-Box,0.6524999999999999,-0.1974999999999998,2.3724999999999996,-2.8275
Valentin Mihai Mihăilă,Romania,282,6.88,6.17,7.78,2.07,Box-to-Box,1.1549999999999994,0.4449999999999994,2.0549999999999997,-3.6550000000000007
Vicente Iborra De La Fuente,Villarreal,42,6.56,1.93,6.72,4.18,Box-to-Box,1.7124999999999995,-2.9175000000000004,1.8724999999999996,-0.6675000000000004
Vinícius José Paixão de Oliveira Júnior,Brazil,106,1.95,4.81,8.84,7.81,Box-to-Box,-3.9025,-1.0425000000000004,2.9875,1.9574999999999996
Volodymyr Brazhko,Ukraine,282,3.64,1.89,6.0,5.1,Box-to-Box,-0.5175000000000005,-2.267500000000001,1.8424999999999994,0.942499999999999
Vratislav Greško,Blackburn Rovers,44,0.38,0.85,9.57,2.07,Box-to-Box,-2.8375000000000004,-2.3675,6.3525,-1.1475000000000004
Víctor Camarasa Ferrando,Deportivo Alavés,42,4.22,2.12,4.47,2.07,Box-to-Box,1.0,-1.0999999999999996,1.25,-1.15
Víctor Sánchez Mata,Espanyol,4,6.14,3.35,9.39,2.07,Box-to-Box,0.902499999999999,-1.8875000000000006,4.1525,-3.167500000000001
Waniss Taibi,Angers,235,2.81,0.85,8.75,2.07,Box-to-Box,-0.81,-2.77,5.13,-1.5500000000000003
Wataru Endo,Japan,106,6.5,2.84,8.18,6.51,Box-to-Box,0.4924999999999997,-3.1675000000000004,2.1724999999999994,0.5024999999999995
Wayne Mark Rooney,Everton,44,1.8,3.53,6.7,2.07,Box-to-Box,-1.7250000000000003,0.004999999999999449,3.175,-1.4550000000000005
William Silva de Carvalho,Portugal,106,9.07,2.13,9.33,2.07,Box-to-Box,3.42,-3.5200000000000005,3.6799999999999997,-3.5800000000000005
Woo-Yeong Jeong,South Korea,106,1.92,0.85,2.94,2.07,Box-to-Box,-0.02499999999999991,-1.0949999999999998,0.9950000000000001,0.125
Xaver Schlager,RB Leipzig,281,5.67,3.95,7.15,4.41,Box-to-Box,0.3749999999999991,-1.3450000000000006,1.8549999999999995,-0.8850000000000007
Yahya Jabrane,Morocco,106,0.3,0.85,5.53,2.07,Box-to-Box,-1.8875,-1.3375,3.3425000000000002,-0.11750000000000016
Yangel Clemente Herrera Ravelo,Granada,90,3.77,0.85,8.06,6.04,Box-to-Box,-0.9099999999999997,-3.8299999999999996,3.380000000000001,1.3600000000000003
Yasir Gharsan Al Shahrani,Saudi Arabia,106,1.62,0.85,2.07,2.07,Box-to-Box,-0.03249999999999975,-0.8024999999999999,0.4175,0.4175
Youri Tielemans,Belgium,282,6.39,3.58,7.66,4.22,Box-to-Box,0.9275000000000002,-1.8824999999999994,2.1975000000000007,-1.2424999999999997
Youssouf Fofana,France,106,7.54,5.91,8.56,4.19,Box-to-Box,0.9900000000000002,-0.6399999999999997,2.0100000000000007,-2.3599999999999994
Youssouf Ndayishimiye,OGC Nice,235,6.8,3.69,8.78,2.07,Box-to-Box,1.4649999999999999,-1.645,3.4449999999999994,-3.265
Yuri Berchiche Izeta,Athletic Club,4,3.58,3.47,9.07,5.07,Box-to-Box,-1.7175000000000002,-1.8275000000000001,3.7725,-0.22750000000000004
Zuriko Davitashvili,Georgia,282,7.44,2.63,8.88,2.07,Box-to-Box,2.1849999999999996,-2.625000000000001,3.625,-3.185000000000001
Álvaro García Rivera,Rayo Vallecano,4,4.96,6.76,8.5,7.74,Box-to-Box,-2.0300000000000002,-0.23000000000000043,1.5099999999999998,0.75
Álvaro Juan Cruz Armada,Osasuna,90,1.49,4.59,9.93,7.52,Box-to-Box,-4.392499999999999,-1.2924999999999995,4.0475,1.6375000000000002
Ángel Fabián Di María Hernández,Paris Saint-Germain,108,5.39,3.68,6.24,4.5,Box-to-Box,0.4374999999999991,-1.2725000000000004,1.2874999999999996,-0.45250000000000057
Ángel Martín Correa,Atlético Madrid,42,2.44,4.88,7.08,7.52,Box-to-Box,-3.0400000000000005,-0.6000000000000005,1.5999999999999996,2.039999999999999
Éver Maximiliano David Banega,Sevilla,4,6.32,4.15,8.96,6.84,Box-to-Box,-0.2474999999999996,-2.4174999999999995,2.392500000000001,0.27249999999999996
Óscar Plano Pedreño,Real Valladolid,42,2.37,5.55,7.04,6.04,Box-to-Box,-2.88,0.2999999999999998,1.79,0.79
Aaron Lennon,Leeds United,44,2.27,9.38,5.07,8.94,Deep-Lying Playmaker,-4.145,2.9650000000000016,-1.3449999999999989,2.5250000000000004
Abdelhamid Sabiri,Morocco,106,6.61,3.63,1.09,9.49,Deep-Lying Playmaker,1.4050000000000002,-1.5750000000000002,-4.115,4.285
Abdessamad Ezzalzouli,Morocco,106,0.49,9.96,4.72,9.73,Deep-Lying Playmaker,-5.735,3.7350000000000003,-1.5050000000000008,3.505
Abdulaziz Hatem Mohammed Abdullah,Qatar,106,5.19,7.33,1.88,7.86,Deep-Lying Playmaker,-0.3749999999999991,1.7650000000000006,-3.6849999999999996,2.295000000000001
Adem Ljajić,Inter Milan,27,9.07,8.94,5.48,9.29,Deep-Lying Playmaker,0.875,0.7449999999999992,-2.715,1.0949999999999989
Adrián Rus,Romania,282,0.13,0.85,0.52,2.07,Deep-Lying Playmaker,-0.7625,-0.04249999999999998,-0.37249999999999994,1.1774999999999998
Afriyie Acquah,Torino,27,7.83,9.73,7.44,8.79,Deep-Lying Playmaker,-0.6175000000000015,1.2824999999999989,-1.0075000000000012,0.3424999999999976
Aimen Moueffek,Saint-Étienne,108,7.44,8.56,0.52,8.91,Deep-Lying Playmaker,1.0825000000000005,2.2025000000000006,-5.8375,2.5525
Akram Hassan Afif,Qatar,106,4.79,6.63,3.17,6.87,Deep-Lying Playmaker,-0.5750000000000002,1.2649999999999997,-2.1950000000000003,1.505
Alassane Pléa,Borussia Mönchengladbach,281,3.36,4.39,2.89,5.67,Deep-Lying Playmaker,-0.7175000000000007,0.3124999999999991,-1.1875000000000004,1.5924999999999994
Alberto Gilardino,Palermo,27,2.81,5.26,2.63,9.9,Deep-Lying Playmaker,-2.3400000000000003,0.10999999999999943,-2.5200000000000005,4.75
Aleix Vidal Parreu,Deportivo Alavés,42,4.89,6.26,3.32,6.11,Deep-Lying Playmaker,-0.2549999999999999,1.1150000000000002,-1.8249999999999997,0.9650000000000007
Alejandro Baena Rodríguez,Spain,282,2.81,9.23,2.5,9.73,Deep-Lying Playmaker,-3.2575000000000007,3.1624999999999996,-3.567500000000001,3.6624999999999996
Alejandro Berenguer Remiro,Athletic Club,90,2.81,8.03,1.61,6.6,Deep-Lying Playmaker,-1.9524999999999992,3.2675,-3.152499999999999,1.8375000000000004
Alejandro Blanco Sánchez,Valencia,90,0.67,7.94,1.65,9.47,Deep-Lying Playmaker,-4.262500000000001,3.0074999999999994,-3.282500000000001,4.5375
Alejandro Darío Gómez,Atalanta,27,7.01,9.56,9.23,9.65,Deep-Lying Playmaker,-1.852500000000001,0.6974999999999998,0.3674999999999997,0.7874999999999996
Alejandro Miguel Rodriguez,Sampdoria,27,0.13,0.85,0.52,2.07,Deep-Lying Playmaker,-0.7625,-0.04249999999999998,-0.37249999999999994,1.1774999999999998
Aleksandar Tonev,Frosinone,27,6.48,9.41,6.06,9.7,Deep-Lying Playmaker,-1.4324999999999992,1.4975000000000005,-1.8525,1.7874999999999996
Aleksandar Trajkovski,Palermo,27,8.75,9.2,7.42,9.56,Deep-Lying Playmaker,0.01750000000000007,0.46749999999999936,-1.3125,0.8275000000000006
Alessandro Diamanti,Atalanta,27,7.0,6.2,7.95,9.51,Deep-Lying Playmaker,-0.6649999999999991,-1.464999999999999,0.28500000000000103,1.8450000000000006
Alessandro Piu,Empoli,27,8.43,9.61,5.05,9.33,Deep-Lying Playmaker,0.3249999999999993,1.504999999999999,-3.0550000000000006,1.2249999999999996
Alessio Cerci,AC Milan,27,6.24,9.82,5.65,9.42,Deep-Lying Playmaker,-1.5425000000000004,2.0374999999999996,-2.1325000000000003,1.6374999999999993
Alexander Farnerud,Torino,27,3.74,7.64,2.93,7.22,Deep-Lying Playmaker,-1.6424999999999992,2.2575000000000003,-2.4524999999999992,1.8375000000000004
Alexis Flips,Stade de Reims,235,4.63,7.0,8.75,9.7,Deep-Lying Playmaker,-2.8899999999999997,-0.5199999999999996,1.2300000000000004,2.1799999999999997
Amauri Carvalho de Oliveira,Torino,27,2.81,0.85,0.52,9.95,Deep-Lying Playmaker,-0.7224999999999997,-2.6824999999999997,-3.0124999999999997,6.4174999999999995
Amine Adli,Bayer Leverkusen,281,7.26,7.83,5.36,9.3,Deep-Lying Playmaker,-0.1775000000000002,0.39250000000000007,-2.0774999999999997,1.8625000000000007
Amine Harit,Marseille,235,5.17,6.64,3.17,9.57,Deep-Lying Playmaker,-0.9674999999999994,0.5025000000000004,-2.9674999999999994,3.432500000000001
Ander Barrenetxea Muguruza,Real Sociedad,42,0.13,0.85,0.52,2.07,Deep-Lying Playmaker,-0.7625,-0.04249999999999998,-0.37249999999999994,1.1774999999999998
Andrea Conti,Atalanta,27,0.13,0.85,0.52,2.07,Deep-Lying Playmaker,-0.7625,-0.04249999999999998,-0.37249999999999994,1.1774999999999998
Andrej Kramarić,Croatia,106,6.08,4.74,1.97,8.63,Deep-Lying Playmaker,0.7249999999999996,-0.6150000000000002,-3.3850000000000007,3.2750000000000004
Angelo Stiller,VfB Stuttgart,281,5.68,3.3,2.4,6.09,Deep-Lying Playmaker,1.3125,-1.0675,-1.9674999999999998,1.7225000000000001
Antoine Semenyo,Ghana,106,0.13,0.85,0.52,2.07,Deep-Lying Playmaker,-0.7625,-0.04249999999999998,-0.37249999999999994,1.1774999999999998
Anton Stach,Hoffenheim,281,5.04,6.12,2.45,4.3,Deep-Lying Playmaker,0.5625,1.6425,-2.0275,-0.1775000000000002
Antonio Cassano,Sampdoria,27,3.26,3.69,6.39,8.24,Deep-Lying Playmaker,-2.135,-1.7049999999999996,0.9950000000000001,2.8450000000000006
Antonio Di Gaudio,Carpi,27,7.18,9.51,6.25,8.3,Deep-Lying Playmaker,-0.6299999999999999,1.7000000000000002,-1.5599999999999996,0.4900000000000011
Antonio Nocerino,AC Milan,27,5.48,4.52,1.67,8.46,Deep-Lying Playmaker,0.4474999999999998,-0.5125000000000011,-3.3625000000000007,3.4275
Antony Matheus dos Santos,Brazil,106,4.32,5.98,4.13,4.94,Deep-Lying Playmaker,-0.5225,1.1375000000000002,-0.7125000000000004,0.09750000000000014
Augusto Matías Fernández,Cádiz,90,0.13,0.85,0.52,2.07,Deep-Lying Playmaker,-0.7625,-0.04249999999999998,-0.37249999999999994,1.1774999999999998
Baptiste Santamaría,Rennes,108,5.53,1.94,6.77,9.94,Deep-Lying Playmaker,-0.5149999999999997,-4.105,0.7249999999999996,3.8949999999999996
Bartosz Slisz,Poland,282,3.91,5.62,4.98,4.94,Deep-Lying Playmaker,-0.9525000000000006,0.7574999999999994,0.11749999999999972,0.07749999999999968
Benjamin Verbič,Slovenia,282,0.74,7.4,6.05,8.91,Deep-Lying Playmaker,-5.035,1.625,0.27499999999999947,3.135
Borja Mayoral Moya,Levante UD,4,4.53,3.53,4.58,9.1,Deep-Lying Playmaker,-0.9050000000000002,-1.9050000000000007,-0.8550000000000004,3.664999999999999
Boulaye Dia,Senegal,106,7.11,4.17,2.75,7.81,Deep-Lying Playmaker,1.6500000000000004,-1.29,-2.71,2.3499999999999996
Bradley Barcola,France,282,2.81,9.83,0.52,9.95,Deep-Lying Playmaker,-2.9675,4.0525,-5.2575,4.172499999999999
Brajan Gruda,FSV Mainz 05,281,3.59,9.79,4.14,7.81,Deep-Lying Playmaker,-2.7424999999999997,3.4574999999999996,-2.1925,1.4775
Brecht Dejaegere,Toulouse,235,4.84,7.35,2.84,9.21,Deep-Lying Playmaker,-1.2200000000000006,1.2899999999999991,-3.2200000000000006,3.1500000000000004
Brenden Aaronson,United States,106,4.24,6.16,6.85,9.0,Deep-Lying Playmaker,-2.3225,-0.40249999999999986,0.28749999999999964,2.4375
Bryan Hughes,Birmingham City,44,0.38,0.85,0.52,2.07,Deep-Lying Playmaker,-0.575,-0.10499999999999998,-0.43499999999999994,1.1149999999999998
Bryan Mbeumo,Cameroon,106,0.62,0.85,5.22,8.91,Deep-Lying Playmaker,-3.28,-3.05,1.3199999999999998,5.01
Callum Styles,Hungary,282,3.35,2.87,3.27,9.16,Deep-Lying Playmaker,-1.3124999999999996,-1.7924999999999995,-1.3924999999999996,4.4975000000000005
Calvin Stengs,OGC Nice,108,5.6,9.69,4.7,8.46,Deep-Lying Playmaker,-1.5125000000000002,2.5774999999999997,-2.4124999999999996,1.347500000000001
Cengiz Ünder,Marseille,235,7.24,2.52,4.24,9.36,Deep-Lying Playmaker,1.4000000000000004,-3.32,-1.5999999999999996,3.5199999999999996
Chang-Hoon Kwon,South Korea,106,5.17,2.79,3.42,7.66,Deep-Lying Playmaker,0.41000000000000014,-1.9699999999999998,-1.3399999999999999,2.9000000000000004
Cheick Oumar Doucoure,Lens,108,4.78,6.3,3.74,6.28,Deep-Lying Playmaker,-0.4950000000000001,1.0249999999999995,-1.5350000000000001,1.005
Cheikh Ahmadou Bamba Mbacke Dieng,Marseille,108,0.13,0.85,0.52,2.07,Deep-Lying Playmaker,-0.7625,-0.04249999999999998,-0.37249999999999994,1.1774999999999998
Cheikhou Kouyaté,Senegal,106,4.78,0.85,2.1,7.25,Deep-Lying Playmaker,1.0350000000000001,-2.895,-1.645,3.505
Chris Baird,Southampton,44,0.29,0.85,3.0,9.47,Deep-Lying Playmaker,-3.1125,-2.5524999999999998,-0.40249999999999986,6.067500000000001
Christian Gabriel Oliva Giménez,Valencia,90,3.87,0.85,5.41,9.11,Deep-Lying Playmaker,-0.9399999999999995,-3.9599999999999995,0.6000000000000005,4.3
Christian Nørgaard,Denmark,282,3.21,0.85,1.15,4.81,Deep-Lying Playmaker,0.7050000000000001,-1.6549999999999998,-1.355,2.3049999999999997
Christian Pulisic,United States,106,3.21,8.27,3.52,6.33,Deep-Lying Playmaker,-2.1224999999999996,2.9375,-1.8124999999999996,0.9975000000000005
Christoph Baumgartner,Austria,282,8.01,9.57,3.37,9.18,Deep-Lying Playmaker,0.47750000000000004,2.0375000000000005,-4.1625,1.6475
Christoph Kramer,Borussia Mönchengladbach,281,0.93,0.85,0.52,2.07,Deep-Lying Playmaker,-0.16249999999999976,-0.24249999999999983,-0.5724999999999998,0.9775
Ciro Immobile,Torino,27,3.74,5.86,3.98,9.24,Deep-Lying Playmaker,-1.9649999999999999,0.15500000000000025,-1.725,3.535
Claudio Reyna,Manchester City,44,2.42,6.61,2.5,6.16,Deep-Lying Playmaker,-2.0025000000000004,2.1875,-1.9225000000000003,1.7374999999999998
Claus Jensen,Charlton Athletic,44,5.35,7.24,4.67,7.49,Deep-Lying Playmaker,-0.8375000000000004,1.0525000000000002,-1.5175,1.3025000000000002
Cody Mathès Gakpo,Netherlands,106,7.49,9.49,7.3,9.79,Deep-Lying Playmaker,-1.0274999999999999,0.9725000000000001,-1.2175000000000002,1.272499999999999
Cole Palmer,England,282,4.94,4.28,4.49,8.81,Deep-Lying Playmaker,-0.6900000000000004,-1.3500000000000005,-1.1400000000000006,3.1799999999999997
Colin Cameron,Wolverhampton Wanderers,44,4.54,2.84,6.04,8.34,Deep-Lying Playmaker,-0.8999999999999995,-2.5999999999999996,0.6000000000000005,2.9000000000000004
Collins John,Fulham,44,0.34,0.85,0.52,2.07,Deep-Lying Playmaker,-0.605,-0.09499999999999997,-0.42499999999999993,1.125
Conor Gallagher,England,282,1.01,1.89,1.23,2.07,Deep-Lying Playmaker,-0.5399999999999998,0.3400000000000001,-0.31999999999999984,0.52
Cristian Raimondi,Atalanta,27,5.0,8.47,5.57,8.18,Deep-Lying Playmaker,-1.8049999999999997,1.665000000000001,-1.2349999999999994,1.375
Cristian Tello Herrera,Fiorentina,27,3.34,8.64,5.0,8.76,Deep-Lying Playmaker,-3.0950000000000006,2.205,-1.4350000000000005,2.3249999999999993
Cyle Larin,Canada,106,1.18,4.81,0.52,9.47,Deep-Lying Playmaker,-2.8150000000000004,0.8149999999999995,-3.475,5.4750000000000005
Cyril Théréau,Udinese,27,7.28,8.2,6.1,8.2,Deep-Lying Playmaker,-0.16499999999999915,0.7549999999999999,-1.3449999999999998,0.7549999999999999
Damien Duff,Chelsea,44,4.15,8.18,1.13,8.99,Deep-Lying Playmaker,-1.4625000000000004,2.567499999999999,-4.482500000000001,3.3774999999999995
Daniel James,Wales,106,6.36,8.41,0.52,9.47,Deep-Lying Playmaker,0.17000000000000082,2.2200000000000006,-5.67,3.280000000000001
Daniel José Rodríguez Vázquez,Mallorca,42,5.79,4.94,5.72,8.03,Deep-Lying Playmaker,-0.3299999999999992,-1.1799999999999988,-0.39999999999999947,1.9100000000000001
Daniele Baselli,Torino,27,8.62,8.62,9.08,9.4,Deep-Lying Playmaker,-0.3100000000000005,-0.3100000000000005,0.15000000000000036,0.47000000000000064
David Ferreiro Quiroga,Huesca,90,5.11,6.83,4.29,6.68,Deep-Lying Playmaker,-0.6174999999999997,1.1025,-1.4375,0.9524999999999997
David Junior Hoilett,Canada,106,4.45,7.79,5.54,9.44,Deep-Lying Playmaker,-2.3549999999999995,0.9850000000000003,-1.2649999999999997,2.635
David Pereira da Costa,Lens,108,5.63,7.94,1.81,9.82,Deep-Lying Playmaker,-0.6700000000000008,1.6399999999999997,-4.49,3.5199999999999996
David Remeseiro Salgueiro,Levante UD,4,1.44,5.83,3.76,7.14,Deep-Lying Playmaker,-3.1024999999999996,1.2875000000000005,-0.7824999999999998,2.5975
David Timor Copoví,Getafe,90,0.13,0.85,0.52,2.07,Deep-Lying Playmaker,-0.7625,-0.04249999999999998,-0.37249999999999994,1.1774999999999998
Dennis Geiger,Hoffenheim,281,5.9,7.13,3.32,9.9,Deep-Lying Playmaker,-0.6624999999999996,0.5674999999999999,-3.2425,3.3375000000000004
Dennis Man,Romania,282,5.58,7.23,5.2,8.38,Deep-Lying Playmaker,-1.0175,0.6325000000000003,-1.3975,1.7825000000000006
Diego Falcinelli,Sassuolo,27,0.72,3.73,2.81,9.61,Deep-Lying Playmaker,-3.4974999999999996,-0.4874999999999994,-1.4074999999999993,5.3925
Diego Perotti,Genoa,27,8.23,9.34,7.53,9.12,Deep-Lying Playmaker,-0.3249999999999993,0.7850000000000001,-1.0249999999999995,0.5649999999999995
Diego da Silva Costa,Atlético Madrid,90,0.83,2.87,2.44,8.09,Deep-Lying Playmaker,-2.7275,-0.6875,-1.1175000000000002,4.5325
Diogo José Teixeira da Silva,Portugal,282,1.49,6.58,6.68,9.44,Deep-Lying Playmaker,-4.557499999999999,0.5325000000000006,0.6325000000000003,3.3925
Domenico Berardi,Sassuolo,27,5.21,6.62,5.83,6.37,Deep-Lying Playmaker,-0.7975000000000003,0.6124999999999998,-0.1775000000000002,0.3624999999999998
Dries Mertens,Belgium,106,1.96,0.85,0.52,9.36,Deep-Lying Playmaker,-1.2125,-2.3225,-2.6525,6.1875
Dušan Tadić,Serbia,106,8.02,8.22,6.73,9.55,Deep-Lying Playmaker,-0.11000000000000121,0.08999999999999986,-1.4000000000000004,1.42
Eder Citadin Martins,Sampdoria,27,8.03,9.16,6.55,8.14,Deep-Lying Playmaker,0.05999999999999961,1.1900000000000004,-1.42,0.17000000000000082
Edgar Antonio Méndez Ortega,Deportivo Alavés,90,3.48,8.6,1.34,8.6,Deep-Lying Playmaker,-2.025,3.0949999999999998,-4.165,3.0949999999999998
Eduardo Camavinga,France,282,7.33,3.24,2.23,8.4,Deep-Lying Playmaker,2.0299999999999994,-2.0600000000000005,-3.0700000000000007,3.0999999999999996
Ehsan Hajsafi,Iran,106,5.28,7.51,3.71,6.57,Deep-Lying Playmaker,-0.4874999999999998,1.7424999999999997,-2.0575,0.8025000000000002
Elbasan Rashani,Clermont Foot,235,0.61,3.35,2.75,8.73,Deep-Lying Playmaker,-3.2500000000000004,-0.5100000000000002,-1.1100000000000003,4.87
Elias Niklas Baum,Eintracht Frankfurt,281,0.83,0.85,0.52,2.07,Deep-Lying Playmaker,-0.23749999999999993,-0.21749999999999992,-0.5474999999999999,1.0025
Eliot Matazo,AS Monaco,108,6.66,6.42,1.78,8.6,Deep-Lying Playmaker,0.7949999999999999,0.5549999999999997,-4.085,2.7349999999999994
Emanuele Giaccherini,Bologna,27,8.11,8.37,7.33,8.64,Deep-Lying Playmaker,-0.0024999999999995026,0.2575000000000003,-0.7824999999999989,0.5275000000000016
Ernest Muçi,Albania,282,0.13,0.85,0.52,2.07,Deep-Lying Playmaker,-0.7625,-0.04249999999999998,-0.37249999999999994,1.1774999999999998
Eyal Berkovic,Manchester City,44,1.92,4.01,0.52,2.07,Deep-Lying Playmaker,-0.20999999999999996,1.88,-1.6099999999999999,-0.06000000000000005
Fabian Frei,Switzerland,106,1.18,0.85,1.44,2.07,Deep-Lying Playmaker,-0.20499999999999985,-0.5349999999999998,0.05500000000000016,0.685
Fabio Quagliarella,Torino,27,4.75,9.26,2.05,7.46,Deep-Lying Playmaker,-1.13,3.38,-3.83,1.58
Facundo Pellistri Rebollo,Uruguay,106,5.22,6.72,7.83,9.23,Deep-Lying Playmaker,-2.0300000000000002,-0.5300000000000002,0.5800000000000001,1.9800000000000004
Farid Boulaya,Metz,108,4.6,6.61,2.7,8.67,Deep-Lying Playmaker,-1.045,0.9650000000000007,-2.9449999999999994,3.0250000000000004
Faride Alidou,FC Köln,281,7.44,9.93,9.81,9.82,Deep-Lying Playmaker,-1.8099999999999996,0.6799999999999997,0.5600000000000005,0.5700000000000003
Federico Dionisi,Frosinone,27,8.15,8.09,7.0,9.09,Deep-Lying Playmaker,0.06750000000000078,0.007500000000000284,-1.0824999999999996,1.0075000000000003
Ferrán Torres García,Valencia,42,4.35,3.61,4.74,6.33,Deep-Lying Playmaker,-0.40750000000000064,-1.1475000000000004,-0.01750000000000007,1.5724999999999998
Filip Đuričić,Serbia,106,0.93,0.85,0.52,2.07,Deep-Lying Playmaker,-0.16249999999999976,-0.24249999999999983,-0.5724999999999998,0.9775
Filippo Falco,Bologna,27,3.54,4.85,2.82,6.72,Deep-Lying Playmaker,-0.9424999999999999,0.3674999999999997,-1.6625,2.2375
Filippo Porcari,Carpi,27,4.55,2.83,2.8,6.92,Deep-Lying Playmaker,0.27499999999999947,-1.4450000000000003,-1.4750000000000005,2.6449999999999996
Firas Tariq Nasser Al Albirakan,Saudi Arabia,106,0.64,5.15,4.28,5.74,Deep-Lying Playmaker,-3.3125,1.1975000000000002,0.3275000000000001,1.7875
Flavien Tait,Rennes,108,7.5,9.42,3.04,8.34,Deep-Lying Playmaker,0.4249999999999998,2.3449999999999998,-4.035,1.2649999999999997
Florian Kainz,FC Köln,281,1.75,0.85,1.1,6.78,Deep-Lying Playmaker,-0.8700000000000001,-1.77,-1.52,4.16
Florian Neuhaus,Borussia Mönchengladbach,281,3.41,3.0,5.87,7.4,Deep-Lying Playmaker,-1.5099999999999998,-1.92,0.9500000000000002,2.4800000000000004
Florian Tardieu,Troyes,108,5.33,0.85,1.06,6.78,Deep-Lying Playmaker,1.8250000000000002,-2.655,-2.445,3.2750000000000004
Francesco Totti,AS Roma,27,4.43,6.09,7.85,8.51,Deep-Lying Playmaker,-2.289999999999999,-0.629999999999999,1.1300000000000008,1.790000000000001
Francisco António Machado Mota de Castro Trincão,Barcelona,90,3.69,3.28,1.33,4.92,Deep-Lying Playmaker,0.3849999999999998,-0.025000000000000355,-1.975,1.6149999999999998
Francisco Fernandes Conceição,Portugal,282,1.3,6.03,4.96,7.01,Deep-Lying Playmaker,-3.5249999999999995,1.205000000000001,0.13500000000000068,2.1850000000000005
Francisco Javier Hidalgo Gómez,Levante UD,90,1.71,7.13,5.04,9.33,Deep-Lying Playmaker,-4.0925,1.3274999999999997,-0.7625000000000002,3.5275
Francisco Portillo Soler,Getafe,4,2.04,3.47,3.62,6.16,Deep-Lying Playmaker,-1.7824999999999998,-0.3524999999999996,-0.20249999999999968,2.3375000000000004
Francisco Román Alarcón Suárez,Real Madrid,42,5.55,4.9,3.45,6.94,Deep-Lying Playmaker,0.33999999999999986,-0.3099999999999996,-1.7599999999999998,1.7300000000000004
Gabriel Teodoro Martinelli Silva,Brazil,106,5.9,7.58,2.15,9.33,Deep-Lying Playmaker,-0.33999999999999986,1.3399999999999999,-4.09,3.09
Gary Speed,Newcastle United,44,4.5,2.63,6.17,8.68,Deep-Lying Playmaker,-0.9950000000000001,-2.865,0.6749999999999998,3.1849999999999996
Gaëtan Laborde,OGC Nice,235,0.3,0.85,0.52,2.07,Deep-Lying Playmaker,-0.635,-0.08499999999999996,-0.4149999999999999,1.1349999999999998
Gerson Santos da Silva,Marseille,108,2.81,8.51,3.14,8.46,Deep-Lying Playmaker,-2.9200000000000004,2.7799999999999994,-2.5900000000000003,2.7300000000000004
Giacomo Raspadori,Italy,282,8.43,4.39,0.52,9.06,Deep-Lying Playmaker,2.83,-1.21,-5.08,3.460000000000001
Gilbert Gianelli Imbula Wanga,Rayo Vallecano,4,6.6,7.51,4.22,8.16,Deep-Lying Playmaker,-0.022499999999999964,0.8875000000000002,-2.4025,1.5375000000000005
Giorgian Daniel De Arrascaeta Benedetti,Uruguay,106,3.3,3.89,2.18,8.59,Deep-Lying Playmaker,-1.1900000000000004,-0.6000000000000001,-2.31,4.1
Giovani Lo Celso,Real Betis,4,3.47,8.95,4.1,9.54,Deep-Lying Playmaker,-3.0449999999999995,2.4349999999999996,-2.415,3.0249999999999995
Giuseppe Rossi,Fiorentina,27,2.32,1.94,1.96,7.81,Deep-Lying Playmaker,-1.1875,-1.5675,-1.5474999999999999,4.3025
Gonzalo Ariel Montiel,Argentina,106,0.49,0.85,0.52,2.07,Deep-Lying Playmaker,-0.49249999999999994,-0.13249999999999995,-0.4624999999999999,1.0875
Gonzalo Julián Melero Manzanares,Levante UD,90,6.15,3.87,1.55,6.68,Deep-Lying Playmaker,1.5875000000000004,-0.6924999999999999,-3.0125,2.1174999999999997
Gonçalo Manuel Ganchinho Guedes,Valencia,90,4.31,7.74,1.3,8.46,Deep-Lying Playmaker,-1.142500000000001,2.2874999999999996,-4.152500000000001,3.0075000000000003
Graeme Le Saux,Southampton,44,2.22,5.94,7.71,9.43,Deep-Lying Playmaker,-4.105,-0.3849999999999998,1.3849999999999998,3.1049999999999995
Graham Stuart,Charlton Athletic,44,4.13,2.73,3.24,5.85,Deep-Lying Playmaker,0.14250000000000007,-1.2574999999999998,-0.7474999999999996,1.8624999999999998
Gregoire Defrel,Sassuolo,27,5.28,9.18,1.3,9.99,Deep-Lying Playmaker,-1.1574999999999998,2.7424999999999997,-5.1375,3.5525
Grischa Prömel,Hoffenheim,281,7.01,8.31,4.04,9.08,Deep-Lying Playmaker,-0.09999999999999964,1.200000000000001,-3.0699999999999994,1.9700000000000006
Guido Marcelo Carrillo,Leganés,42,0.93,0.85,0.52,2.07,Deep-Lying Playmaker,-0.16249999999999976,-0.24249999999999983,-0.5724999999999998,0.9775
"Gérémi Sorele N""Djitap Fotso",Chelsea,44,4.4,4.63,3.46,8.19,Deep-Lying Playmaker,-0.7699999999999996,-0.54,-1.71,3.0199999999999996
Hakim Ziyech,Morocco,106,8.17,4.95,3.23,8.41,Deep-Lying Playmaker,1.9799999999999995,-1.2400000000000002,-2.9600000000000004,2.2199999999999998
Hamza Sakhi,Auxerre,235,7.67,4.39,1.65,8.46,Deep-Lying Playmaker,2.1274999999999995,-1.1525000000000007,-3.8925000000000005,2.9175000000000004
Haris Seferović,Switzerland,106,5.9,7.94,0.52,9.85,Deep-Lying Playmaker,-0.15249999999999986,1.8875000000000002,-5.532500000000001,3.7974999999999994
Harry Wilson,Wales,106,4.46,3.8,3.11,8.36,Deep-Lying Playmaker,-0.47249999999999925,-1.1324999999999994,-1.8224999999999993,3.4275
Hassan Khalid Al Heidos,Qatar,106,6.3,7.24,3.69,6.45,Deep-Lying Playmaker,0.3799999999999999,1.3200000000000003,-2.23,0.5300000000000002
Hee-Chan Hwang,South Korea,106,3.7,6.53,4.51,9.73,Deep-Lying Playmaker,-2.4174999999999995,0.41250000000000053,-1.6075,3.6125000000000007
Heung-Min Son,South Korea,106,3.99,7.03,7.24,8.62,Deep-Lying Playmaker,-2.7299999999999986,0.3100000000000014,0.5200000000000014,1.9000000000000004
Hirving Rodrigo Lozano Bahena,Mexico,106,1.62,8.32,9.92,9.87,Deep-Lying Playmaker,-5.812499999999999,0.8875000000000011,2.4875000000000007,2.4375
Houssem Aouar,Lyon,235,5.9,0.85,1.39,8.91,Deep-Lying Playmaker,1.6375000000000002,-3.4125,-2.8725000000000005,4.6475
Hugo Sotelo,Celta Vigo,90,0.13,0.85,0.52,2.07,Deep-Lying Playmaker,-0.7625,-0.04249999999999998,-0.37249999999999994,1.1774999999999998
Iago Aspas Juncal,Celta Vigo,90,5.73,3.8,1.08,6.04,Deep-Lying Playmaker,1.5675,-0.3625000000000007,-3.0825000000000005,1.8774999999999995
Ianis Hagi,Romania,282,2.02,3.67,5.58,7.48,Deep-Lying Playmaker,-2.6675,-1.0175,0.8925000000000001,2.7925000000000004
Ibai Gómez Pérez,Deportivo Alavés,4,3.75,6.91,5.02,6.53,Deep-Lying Playmaker,-1.8025000000000002,1.3575,-0.5325000000000006,0.9775
Ibrahim Ba,Bolton Wanderers,44,0.13,0.85,0.52,2.07,Deep-Lying Playmaker,-0.7625,-0.04249999999999998,-0.37249999999999994,1.1774999999999998
Idrissa Doumbia,Huesca,90,5.53,4.26,3.15,7.81,Deep-Lying Playmaker,0.34250000000000025,-0.9275000000000002,-2.0375,2.6224999999999996
Iker Muniain Goñi,Athletic Club,90,6.43,5.04,3.06,8.2,Deep-Lying Playmaker,0.7475000000000005,-0.6424999999999992,-2.622499999999999,2.5175
Ivane Chegra,AC Ajaccio,235,0.93,9.95,3.42,9.85,Deep-Lying Playmaker,-5.1075,3.9124999999999996,-2.6174999999999997,3.8125
Jack Grealish,England,106,0.13,0.85,0.52,2.07,Deep-Lying Playmaker,-0.7625,-0.04249999999999998,-0.37249999999999994,1.1774999999999998
Jaime Mata Arnaiz,Getafe,4,1.92,4.39,2.3,7.4,Deep-Lying Playmaker,-2.0824999999999996,0.3875000000000002,-1.7024999999999997,3.397500000000001
Jakub Błaszczykowski,Fiorentina,27,1.27,4.91,6.04,7.12,Deep-Lying Playmaker,-3.565,0.07500000000000018,1.205,2.285
Jakub Kamiński,Poland,106,2.38,7.87,5.92,8.22,Deep-Lying Playmaker,-3.7175000000000002,1.7725,-0.1775000000000002,2.1225000000000005
Jakub Piotrowski,Poland,282,5.66,7.7,4.76,9.06,Deep-Lying Playmaker,-1.1349999999999998,0.9050000000000002,-2.035,2.2650000000000006
Jamal Musiala,Germany,106,8.69,9.17,9.09,9.66,Deep-Lying Playmaker,-0.46250000000000036,0.01750000000000007,-0.0625,0.5075000000000003
Jamie Jermaine Bynoe-Gittens,Borussia Dortmund,281,2.05,8.41,3.88,8.76,Deep-Lying Playmaker,-3.7250000000000005,2.635,-1.8950000000000005,2.9849999999999994
Jamie Leweling,VfB Stuttgart,281,3.84,6.14,4.33,9.79,Deep-Lying Playmaker,-2.1850000000000005,0.11499999999999932,-1.6950000000000003,3.764999999999999
Jamie Redknapp,Tottenham Hotspur,44,5.61,6.53,3.24,6.89,Deep-Lying Playmaker,0.042500000000000426,0.9625000000000004,-2.3274999999999997,1.3224999999999998
Jan Schöppner,FC Heidenheim,281,6.66,0.85,0.52,8.76,Deep-Lying Playmaker,2.4625000000000004,-3.3474999999999997,-3.6774999999999998,4.5625
Jarrod Bowen,England,282,6.92,7.13,5.22,9.82,Deep-Lying Playmaker,-0.35250000000000004,-0.14250000000000007,-2.0525,2.5475000000000003
Jasir Asani,Albania,282,2.17,9.23,4.5,8.94,Deep-Lying Playmaker,-4.04,3.0200000000000005,-1.71,2.7299999999999995
Javier Ontiveros Parra,Huesca,90,1.18,0.85,0.52,2.07,Deep-Lying Playmaker,0.025000000000000133,-0.3049999999999998,-0.6349999999999998,0.915
Jean-Ricner Bellegarde,Strasbourg,108,4.23,8.69,3.78,8.71,Deep-Lying Playmaker,-2.1224999999999996,2.3374999999999995,-2.5725000000000002,2.357500000000001
Jerome Ngom Mbekeli,Cameroon,106,0.93,9.88,0.52,9.98,Deep-Lying Playmaker,-4.397500000000001,4.5525,-4.807500000000001,4.6525
Jerrel Hasselbaink,Chelsea,44,0.49,0.85,0.52,9.9,Deep-Lying Playmaker,-2.45,-2.09,-2.42,6.960000000000001
Jesús Joaquín Fernández Sáez de la Torre,AC Milan,27,7.77,5.9,6.16,8.98,Deep-Lying Playmaker,0.5674999999999999,-1.3024999999999993,-1.0424999999999995,1.7775000000000007
Jesús Navas González,Sevilla,4,5.78,7.31,1.38,5.53,Deep-Lying Playmaker,0.7800000000000002,2.3099999999999996,-3.62,0.5300000000000002
Joan Jordán Moreno,Eibar,4,5.32,2.68,3.58,8.73,Deep-Lying Playmaker,0.24249999999999972,-2.3975000000000004,-1.4975000000000005,3.6525
Joel Chukwuma Obi,Torino,27,5.62,8.16,5.16,8.01,Deep-Lying Playmaker,-1.1175000000000006,1.4224999999999994,-1.5775000000000006,1.272499999999999
Johnnie Jackson,Tottenham Hotspur,44,4.84,6.03,2.6,8.09,Deep-Lying Playmaker,-0.5500000000000007,0.6399999999999997,-2.7900000000000005,2.6999999999999993
Jonatan Lillebror Johansson,Charlton Athletic,44,0.13,0.85,0.52,2.07,Deep-Lying Playmaker,-0.7625,-0.04249999999999998,-0.37249999999999994,1.1774999999999998
Jonathan Bamba,Lille,108,5.02,8.48,3.39,6.89,Deep-Lying Playmaker,-0.9250000000000007,2.535,-2.555,0.9449999999999994
Jonathan Ludovic Biabiany,Inter Milan,27,8.01,9.55,5.98,8.23,Deep-Lying Playmaker,0.067499999999999,1.6075,-1.9625000000000004,0.28749999999999964
Jordan Ayew,Ghana,106,2.81,3.73,2.04,9.16,Deep-Lying Playmaker,-1.6250000000000004,-0.7050000000000005,-2.3950000000000005,4.725
José Antonio Reyes Calderón,Arsenal,44,1.38,5.26,1.92,5.67,Deep-Lying Playmaker,-2.1774999999999998,1.7025000000000001,-1.6374999999999997,2.1125000000000003
José Luis Morales Nogales,Levante UD,90,3.68,5.1,3.5,6.68,Deep-Lying Playmaker,-1.06,0.35999999999999943,-1.2400000000000002,1.9399999999999995
José María Callejón Bueno,Napoli,27,3.61,1.74,2.35,6.22,Deep-Lying Playmaker,0.13000000000000034,-1.7399999999999995,-1.1299999999999994,2.74
José Ángel Gómez Campaña,Levante UD,4,4.8,7.48,3.63,6.92,Deep-Lying Playmaker,-0.9074999999999998,1.7725000000000009,-2.0774999999999997,1.2125000000000004
Juan Ignacio Gómez Taleb,Hellas Verona,27,6.33,7.29,5.9,8.52,Deep-Lying Playmaker,-0.6800000000000006,0.27999999999999936,-1.1100000000000003,1.509999999999999
Julian Brandt,Borussia Dortmund,281,5.14,3.09,2.71,6.24,Deep-Lying Playmaker,0.8449999999999998,-1.205,-1.585,1.9450000000000003
Julian Draxler,Paris Saint-Germain,108,4.59,5.11,5.79,7.36,Deep-Lying Playmaker,-1.1224999999999996,-0.6024999999999991,0.07750000000000057,1.6475000000000009
Junichi Inamoto,Fulham,44,1.77,4.66,2.5,9.06,Deep-Lying Playmaker,-2.7275000000000005,0.16249999999999964,-1.9975000000000005,4.5625
Junior Chukwubuike Adamu,Freiburg,281,0.49,0.85,0.52,2.07,Deep-Lying Playmaker,-0.49249999999999994,-0.13249999999999995,-0.4624999999999999,1.0875
Justin Diehl,FC Köln,281,0.13,0.85,0.52,2.07,Deep-Lying Playmaker,-0.7625,-0.04249999999999998,-0.37249999999999994,1.1774999999999998
Jérémie Aliadière,Arsenal,44,1.44,5.73,3.74,9.61,Deep-Lying Playmaker,-3.69,0.6000000000000005,-1.3899999999999997,4.4799999999999995
Jérémy Ménez,AC Milan,27,7.15,6.79,2.56,7.75,Deep-Lying Playmaker,1.0875000000000004,0.7275,-3.5025,1.6875
Kaan Ayhan,Turkey,282,6.0,3.43,1.85,7.59,Deep-Lying Playmaker,1.2825000000000006,-1.2874999999999992,-2.8674999999999993,2.8725000000000005
Kalvin Phillips,England,106,4.35,2.97,0.52,5.71,Deep-Lying Playmaker,0.9624999999999995,-0.4175,-2.8675,2.3225
Kamory Doumbia,Stade de Reims,235,5.46,4.01,0.52,7.74,Deep-Lying Playmaker,1.0275000000000007,-0.42249999999999943,-3.912499999999999,3.307500000000001
Karim Ansarifard,Iran,106,8.43,9.61,4.63,9.95,Deep-Lying Playmaker,0.27500000000000036,1.455,-3.5249999999999995,1.795
Karim Laribi,Sassuolo,27,7.62,5.63,5.52,8.33,Deep-Lying Playmaker,0.8449999999999998,-1.1450000000000005,-1.2550000000000008,1.5549999999999997
Keita Baldé Diao,Lazio,27,7.74,9.75,5.96,9.51,Deep-Lying Playmaker,-0.5,1.5099999999999998,-2.2800000000000002,1.2699999999999996
Kevin De Bruyne,Belgium,282,8.79,6.65,3.15,8.96,Deep-Lying Playmaker,1.902499999999999,-0.23749999999999982,-3.7375000000000003,2.0725000000000007
Kevin Gameiro,Strasbourg,235,2.81,7.13,3.55,9.73,Deep-Lying Playmaker,-2.9949999999999997,1.3250000000000002,-2.255,3.9250000000000007
Kevin Lasagna,Carpi,27,5.79,8.97,7.32,9.12,Deep-Lying Playmaker,-2.0100000000000007,1.17,-0.4800000000000004,1.3199999999999985
Kevin Stöger,Bochum,281,4.98,4.56,2.91,4.98,Deep-Lying Playmaker,0.6225000000000005,0.20249999999999968,-1.4474999999999998,0.6225000000000005
Kevin-Prince Boateng,AC Milan,27,1.39,2.16,2.19,5.89,Deep-Lying Playmaker,-1.5174999999999998,-0.7474999999999996,-0.7174999999999998,2.9825
Khalil Fayad,Montpellier,235,5.9,0.85,0.52,9.36,Deep-Lying Playmaker,1.7425000000000006,-3.3074999999999997,-3.6374999999999997,5.2025
Khvicha Kvaratskhelia,Georgia,282,4.51,9.51,3.32,9.61,Deep-Lying Playmaker,-2.2275,2.7725,-3.4175,2.8724999999999996
Khéphren Thuram-Ulien,OGC Nice,235,6.87,8.01,3.13,6.0,Deep-Lying Playmaker,0.8675000000000006,2.0075000000000003,-2.8724999999999996,-0.0024999999999995026
Kylian Mbappé Lottin,Paris Saint-Germain,108,7.92,8.18,1.11,8.55,Deep-Lying Playmaker,1.4799999999999995,1.7399999999999993,-5.33,2.1100000000000003
Lamine Sakho,Leeds United,44,2.17,4.81,1.92,7.52,Deep-Lying Playmaker,-1.9349999999999996,0.7050000000000001,-2.1849999999999996,3.415
Laureano Bisan-Etame Mayer,Arsenal,44,0.13,0.85,0.52,2.07,Deep-Lying Playmaker,-0.7625,-0.04249999999999998,-0.37249999999999994,1.1774999999999998
Leandro Trossard,Belgium,106,6.22,6.33,3.23,8.39,Deep-Lying Playmaker,0.17749999999999932,0.28749999999999964,-2.8125000000000004,2.3475
Lee Carsley,Everton,44,0.57,0.85,0.52,6.78,Deep-Lying Playmaker,-1.6100000000000003,-1.33,-1.6600000000000001,4.6
Lee Clark,Fulham,44,4.87,7.65,1.5,6.11,Deep-Lying Playmaker,-0.16249999999999964,2.6175000000000006,-3.5324999999999998,1.0775000000000006
Leon Goretzka,Germany,106,4.62,4.49,2.72,4.81,Deep-Lying Playmaker,0.45999999999999996,0.33000000000000007,-1.44,0.6499999999999995
Liam Ridgewell,Aston Villa,44,0.93,0.85,5.71,10.0,Deep-Lying Playmaker,-3.4425000000000003,-3.5225000000000004,1.3374999999999995,5.6274999999999995
Linton Maina,FC Köln,281,8.43,6.76,1.46,9.61,Deep-Lying Playmaker,1.8650000000000002,0.19500000000000028,-5.1049999999999995,3.045
Lovro Majer,Croatia,106,3.41,3.58,3.18,4.16,Deep-Lying Playmaker,-0.17249999999999988,-0.0024999999999999467,-0.40249999999999986,0.5775000000000001
Luca Bittante,Empoli,27,1.34,0.85,6.2,9.78,Deep-Lying Playmaker,-3.2025000000000006,-3.6925000000000003,1.6574999999999998,5.237499999999999
Luca Paganini,Frosinone,27,6.98,8.99,6.4,7.61,Deep-Lying Playmaker,-0.5149999999999997,1.495,-1.0949999999999998,0.11500000000000021
Luca Siligardi,Hellas Verona,27,7.73,9.21,7.83,9.01,Deep-Lying Playmaker,-0.7149999999999999,0.7650000000000006,-0.6150000000000002,0.5649999999999995
Lucas Da Cunha,Clermont Foot,108,4.35,4.01,2.58,9.33,Deep-Lying Playmaker,-0.7175000000000002,-1.0575,-2.4875,4.2625
Lucas Höler,Freiburg,281,3.32,0.85,2.6,6.53,Deep-Lying Playmaker,-0.0050000000000003375,-2.475,-0.7250000000000001,3.205
Luis Fernando Muriel Fruto,Sampdoria,27,3.25,5.81,4.04,7.05,Deep-Lying Playmaker,-1.7874999999999996,0.7725,-0.9974999999999996,2.0125
Luis Jesús Rioja González,Deportivo Alavés,90,6.66,8.59,7.17,8.09,Deep-Lying Playmaker,-0.9675000000000002,0.9624999999999995,-0.45750000000000046,0.46249999999999947
Luis Miguel Sánchez Benítez,Elche,90,0.93,0.85,0.52,2.07,Deep-Lying Playmaker,-0.16249999999999976,-0.24249999999999983,-0.5724999999999998,0.9775
Luiz Adriano de Souza da Silva,AC Milan,27,7.66,3.1,5.57,9.52,Deep-Lying Playmaker,1.1975000000000007,-3.3624999999999994,-0.8924999999999992,3.0575
Luka Sučić,Croatia,282,7.78,8.25,2.87,7.58,Deep-Lying Playmaker,1.1599999999999993,1.629999999999999,-3.750000000000001,0.9599999999999991
László Bénes,Slovakia,282,5.13,2.34,2.01,9.03,Deep-Lying Playmaker,0.5025000000000004,-2.2874999999999996,-2.6174999999999997,4.4025
László Kleinheisler,Hungary,282,1.29,0.85,1.28,2.07,Deep-Lying Playmaker,-0.08250000000000002,-0.5225000000000001,-0.09250000000000003,0.6974999999999998
Léandre Griffit,Southampton,44,3.39,6.42,5.13,8.09,Deep-Lying Playmaker,-2.3675,0.6624999999999996,-0.6275000000000004,2.3324999999999996
Manuel Pasqual,Fiorentina,27,5.25,0.85,4.19,9.36,Deep-Lying Playmaker,0.33750000000000036,-4.0625,-0.7224999999999993,4.4475
Marcel Sabitzer,Austria,282,7.27,5.8,3.66,9.29,Deep-Lying Playmaker,0.7649999999999997,-0.7050000000000001,-2.8449999999999998,2.7849999999999993
Marco Borriello,Atalanta,27,4.09,9.38,2.75,9.47,Deep-Lying Playmaker,-2.3324999999999996,2.9575000000000014,-3.6724999999999994,3.047500000000001
Marco D''Alessandro,Atalanta,27,6.05,9.1,5.78,9.27,Deep-Lying Playmaker,-1.5,1.5499999999999998,-1.7699999999999996,1.7199999999999998
Marcos Alonso Mendoza,Fiorentina,27,2.06,6.42,4.05,7.57,Deep-Lying Playmaker,-2.9650000000000003,1.3949999999999996,-0.9750000000000005,2.545
Marcos Paulo Mesquita Lopes,Troyes,235,5.33,2.31,3.32,9.54,Deep-Lying Playmaker,0.20500000000000007,-2.815,-1.8050000000000002,4.414999999999999
Marcus Coco,Nantes,235,0.93,8.53,2.91,8.09,Deep-Lying Playmaker,-4.1850000000000005,3.414999999999999,-2.205,2.9749999999999996
Marcus Thuram,France,282,1.52,7.38,1.59,7.4,Deep-Lying Playmaker,-2.9525,2.9074999999999998,-2.8825000000000003,2.9275
Marians Pahars,Southampton,44,0.13,0.85,0.52,2.07,Deep-Lying Playmaker,-0.7625,-0.04249999999999998,-0.37249999999999994,1.1774999999999998
Mario Götze,Eintracht Frankfurt,281,3.57,2.21,2.47,4.65,Deep-Lying Playmaker,0.34499999999999975,-1.0150000000000001,-0.7549999999999999,1.4250000000000003
Mark Kennedy,Wolverhampton Wanderers,44,1.41,7.61,2.06,6.65,Deep-Lying Playmaker,-3.0225,3.1775,-2.3725,2.2175000000000002
Mark Pembridge,Everton,44,3.29,0.85,5.1,8.46,Deep-Lying Playmaker,-1.1349999999999998,-3.5749999999999997,0.6749999999999998,4.035000000000001
Markel Susaeta Laskurain,Athletic Club,4,5.22,7.13,3.47,8.91,Deep-Lying Playmaker,-0.9625000000000004,0.9474999999999998,-2.7125,2.7275
Martin Hongla Yma II,Cameroon,106,6.04,3.35,1.57,6.41,Deep-Lying Playmaker,1.6974999999999998,-0.9925000000000002,-2.7725,2.0675
Martin Ødegaard,Real Sociedad,42,4.69,6.22,3.36,7.7,Deep-Lying Playmaker,-0.8024999999999993,0.7275,-2.1325,2.2075000000000005
Marvin Ducksch,Werder Bremen,281,1.82,0.85,1.7,6.33,Deep-Lying Playmaker,-0.8549999999999998,-1.8249999999999997,-0.9749999999999999,3.6550000000000002
Massimiliano Carlini,Frosinone,27,4.93,9.06,8.07,9.38,Deep-Lying Playmaker,-2.9300000000000015,1.1999999999999993,0.20999999999999908,1.5199999999999996
Mathias Flaga Olesen,FC Köln,281,5.07,0.85,0.52,9.33,Deep-Lying Playmaker,1.1275000000000004,-3.0925,-3.4225,5.3875
Mathias Jensen,Denmark,106,4.52,2.82,6.65,8.63,Deep-Lying Playmaker,-1.1350000000000007,-2.8350000000000004,0.9950000000000001,2.9750000000000005
Mattia Zaccagni,Italy,282,5.9,2.71,3.58,7.95,Deep-Lying Playmaker,0.8650000000000002,-2.325,-1.455,2.915
Mattias Svanberg,Wolfsburg,281,4.0,3.19,4.66,6.78,Deep-Lying Playmaker,-0.6574999999999998,-1.4674999999999998,0.002500000000000391,2.1225000000000005
Matías Ezequiel Vargas Martín,Espanyol,42,2.81,2.44,4.41,7.74,Deep-Lying Playmaker,-1.5399999999999996,-1.9099999999999997,0.0600000000000005,3.3900000000000006
Matěj Jurásek,Czech Republic,282,2.23,4.93,2.1,7.81,Deep-Lying Playmaker,-2.0375,0.6624999999999996,-2.1675,3.5424999999999995
Mehdi Taremi,Iran,106,7.14,9.42,3.25,9.69,Deep-Lying Playmaker,-0.23500000000000032,2.045,-4.125,2.3149999999999995
Mehdi Torabi,Iran,106,6.02,5.55,3.99,8.91,Deep-Lying Playmaker,-0.09750000000000014,-0.5674999999999999,-2.1274999999999995,2.7925000000000004
Memphis Depay,Netherlands,282,4.91,2.74,1.76,8.29,Deep-Lying Playmaker,0.4850000000000003,-1.6849999999999996,-2.665,3.8649999999999993
Michel Aebischer,Switzerland,106,0.49,0.85,0.52,2.07,Deep-Lying Playmaker,-0.49249999999999994,-0.13249999999999995,-0.4624999999999999,1.0875
Miguel Baeza Pérez,Celta Vigo,90,1.84,3.19,1.58,9.06,Deep-Lying Playmaker,-2.0775000000000006,-0.7275000000000005,-2.3375000000000004,5.1425
Mikel Oyarzabal Ugarte,Real Sociedad,4,5.41,4.76,1.27,5.86,Deep-Lying Playmaker,1.085,0.4349999999999996,-3.055,1.5350000000000001
Mikkel Damsgaard,Denmark,106,5.37,3.08,1.27,8.32,Deep-Lying Playmaker,0.8600000000000003,-1.4299999999999997,-3.2399999999999998,3.8100000000000005
Miroslav Klose,Lazio,27,3.45,3.23,2.56,8.23,Deep-Lying Playmaker,-0.9174999999999995,-1.1374999999999997,-1.8074999999999997,3.8625000000000007
Mislav Oršić,Croatia,106,2.81,9.88,5.43,9.99,Deep-Lying Playmaker,-4.217499999999999,2.852500000000001,-1.5975000000000001,2.9625000000000004
Mitchell van Bergen,Stade de Reims,108,1.62,9.88,3.83,9.9,Deep-Lying Playmaker,-4.6875,3.5725000000000007,-2.4775,3.5925000000000002
Mohamed Achi,Nantes,235,2.81,8.8,0.52,9.82,Deep-Lying Playmaker,-2.6775000000000007,3.3125,-4.967500000000001,4.3325
Mohamed Salim Fares,Hellas Verona,27,3.24,6.57,2.86,5.25,Deep-Lying Playmaker,-1.2400000000000002,2.09,-1.6200000000000006,0.7699999999999996
Mohammed Waed Abdulwahhab Al Bayati,Qatar,106,0.49,0.85,0.52,2.07,Deep-Lying Playmaker,-0.49249999999999994,-0.13249999999999995,-0.4624999999999999,1.0875
Moisés Gómez Bordonado,Villarreal,90,3.19,3.19,1.1,4.48,Deep-Lying Playmaker,0.19999999999999973,0.19999999999999973,-1.8900000000000001,1.4900000000000002
Mouhamadou Diarra,Strasbourg,235,7.87,9.3,2.26,9.77,Deep-Lying Playmaker,0.5700000000000003,2.000000000000001,-5.04,2.4699999999999998
Moussa Soumano,AC Ajaccio,235,2.81,9.88,0.52,9.95,Deep-Lying Playmaker,-2.98,4.090000000000001,-5.27,4.159999999999999
Muhammed Cham Saracevic,Clermont Foot,235,5.68,6.22,1.32,5.62,Deep-Lying Playmaker,0.9699999999999998,1.5099999999999998,-3.3899999999999997,0.9100000000000001
Muhammed Kerem Aktürkoğlu,Turkey,282,2.81,5.73,5.44,9.85,Deep-Lying Playmaker,-3.1474999999999995,-0.22749999999999915,-0.5174999999999992,3.8925
Mykhailo Mudryk,Ukraine,282,4.21,8.72,8.92,9.76,Deep-Lying Playmaker,-3.6925,0.8175000000000008,1.0175,1.8575
Nabil Fekir,Real Betis,90,4.76,9.66,1.51,8.55,Deep-Lying Playmaker,-1.3600000000000003,3.54,-4.61,2.4300000000000006
Nanitamo Jonathan Ikoné,Lille,108,5.71,8.08,3.05,8.84,Deep-Lying Playmaker,-0.71,1.6600000000000001,-3.37,2.42
Nasser Al Dawsari,Saudi Arabia,106,8.43,5.73,2.63,9.61,Deep-Lying Playmaker,1.83,-0.8699999999999992,-3.9699999999999998,3.01
Nathan Tella,Bayer Leverkusen,281,2.21,5.66,1.79,8.05,Deep-Lying Playmaker,-2.2175000000000002,1.2325,-2.6375,3.6225000000000005
Nathaniel Chalobah,Napoli,27,2.36,8.6,6.48,9.77,Deep-Lying Playmaker,-4.442499999999999,1.7975000000000003,-0.3224999999999989,2.9675000000000002
Nicola Sansone,Sassuolo,27,7.38,6.99,5.78,8.38,Deep-Lying Playmaker,0.2474999999999996,-0.14250000000000007,-1.3525,1.2475000000000005
Nicolas Moumi Ngamaleu,Cameroon,106,1.7,3.83,3.85,7.95,Deep-Lying Playmaker,-2.6325000000000003,-0.5025000000000004,-0.4825000000000004,3.6174999999999997
Nicolas Sebastian Frey,Chievo,27,0.13,0.85,0.52,2.07,Deep-Lying Playmaker,-0.7625,-0.04249999999999998,-0.37249999999999994,1.1774999999999998
Nicolás Ignacio Castillo Mora,Frosinone,27,2.07,0.85,1.74,7.95,Deep-Lying Playmaker,-1.0825,-2.3024999999999998,-1.4124999999999999,4.7975
Nikola Kalinić,Fiorentina,27,5.42,7.66,1.41,7.25,Deep-Lying Playmaker,-0.015000000000000568,2.2249999999999996,-4.025,1.8149999999999995
Noah Weißhaupt,Freiburg,281,2.23,9.23,5.25,9.85,Deep-Lying Playmaker,-4.41,2.59,-1.3900000000000006,3.209999999999999
Nwankwo Christian Kanu,Arsenal,44,3.95,3.66,4.59,7.89,Deep-Lying Playmaker,-1.0724999999999998,-1.3624999999999998,-0.4325000000000001,2.8674999999999997
Oihan Sancet Tirapu,Athletic Club,42,2.12,3.35,4.71,8.76,Deep-Lying Playmaker,-2.6149999999999993,-1.3849999999999993,-0.024999999999999467,4.025
Ole Gunnar Solskjær,Manchester United,44,2.81,8.8,5.13,9.88,Deep-Lying Playmaker,-3.845000000000001,2.1449999999999996,-1.5250000000000012,3.2249999999999996
Omar El Kaddouri,Napoli,27,4.64,8.35,9.18,9.66,Deep-Lying Playmaker,-3.3175,0.39250000000000007,1.2225000000000001,1.7025000000000006
Omar Haktab Traorè,FC Heidenheim,281,5.65,6.26,3.79,5.43,Deep-Lying Playmaker,0.3675000000000006,0.9775,-1.4924999999999997,0.14749999999999996
Orbelín Pineda Alvarado,Mexico,106,5.56,3.11,4.63,7.25,Deep-Lying Playmaker,0.42249999999999943,-2.0275000000000003,-0.5075000000000003,2.1125
Osman Bukari,Ghana,106,2.09,3.73,5.15,7.25,Deep-Lying Playmaker,-2.465,-0.8249999999999997,0.5950000000000006,2.6950000000000003
Oswaldo Giroldo Júnior,Middlesbrough,44,5.52,7.26,2.53,7.31,Deep-Lying Playmaker,-0.1349999999999998,1.6050000000000004,-3.1249999999999996,1.6550000000000002
Pablo Fornals Malla,Villarreal,4,6.79,2.75,4.25,9.54,Deep-Lying Playmaker,0.9575000000000005,-3.0824999999999996,-1.5824999999999996,3.7074999999999996
Pablo Hervías Ruiz,Real Valladolid,42,4.03,9.2,8.89,9.5,Deep-Lying Playmaker,-3.875,1.294999999999999,0.9850000000000003,1.5949999999999998
Pablo Sarabia García,Sevilla,4,4.89,7.83,1.8,9.01,Deep-Lying Playmaker,-0.9925000000000006,1.9474999999999998,-4.0825000000000005,3.1274999999999995
Patrick Wimmer,Austria,282,3.24,6.42,2.5,8.76,Deep-Lying Playmaker,-1.9900000000000002,1.1899999999999995,-2.7300000000000004,3.5299999999999994
Patrik Berger,Portsmouth,44,7.44,7.13,4.8,9.47,Deep-Lying Playmaker,0.22999999999999954,-0.08000000000000096,-2.410000000000001,2.26
Patrik Schick,Bayer Leverkusen,281,0.6,0.85,1.2,2.07,Deep-Lying Playmaker,-0.58,-0.32999999999999996,0.020000000000000018,0.8899999999999999
Paul Bosvelt,Manchester City,44,2.13,2.01,4.02,6.39,Deep-Lying Playmaker,-1.5075000000000003,-1.6275000000000004,0.3824999999999994,2.7524999999999995
Paul Ince,Wolverhampton Wanderers,44,2.03,2.4,1.14,6.41,Deep-Lying Playmaker,-0.9650000000000003,-0.5950000000000002,-1.8550000000000002,3.415
Paul-José M''Poku Ebunge,Chievo,27,7.84,8.88,5.48,8.51,Deep-Lying Playmaker,0.16249999999999964,1.2025000000000006,-2.1975,0.8324999999999996
Paulo Bruno Exequiel Dybala,Juventus,27,3.76,6.65,7.87,8.81,Deep-Lying Playmaker,-3.012500000000001,-0.1225000000000005,1.0974999999999993,2.0374999999999996
Paweł Wszołek,Sampdoria,27,7.29,9.67,6.39,8.96,Deep-Lying Playmaker,-0.7875000000000005,1.5924999999999994,-1.6875000000000009,0.8825000000000003
Phil Neville,Manchester United,44,6.25,2.87,2.63,6.89,Deep-Lying Playmaker,1.5899999999999999,-1.79,-2.0300000000000002,2.2299999999999995
Philip Foden,England,106,3.71,5.52,0.52,7.95,Deep-Lying Playmaker,-0.7149999999999999,1.0949999999999998,-3.905,3.5250000000000004
Pierre Lees Melou,Stade Brestois,235,6.92,6.1,5.06,7.34,Deep-Lying Playmaker,0.5650000000000004,-0.2549999999999999,-1.295,0.9850000000000003
Quincy Anton Promes,Sevilla,4,6.12,6.55,4.07,8.46,Deep-Lying Playmaker,-0.1800000000000006,0.2499999999999991,-2.2300000000000004,2.16
Rade Krunić,Empoli,27,6.74,6.97,6.09,8.7,Deep-Lying Playmaker,-0.3849999999999998,-0.15500000000000025,-1.0350000000000001,1.5749999999999993
Ramon Olamilekan Azeez,Granada,42,1.03,2.21,3.7,8.46,Deep-Lying Playmaker,-2.8200000000000003,-1.6400000000000006,-0.15000000000000036,4.61
Raphael Dias Belloli,Brazil,106,7.52,6.95,3.69,7.99,Deep-Lying Playmaker,0.9824999999999999,0.41250000000000053,-2.8474999999999997,1.4525000000000006
Rasmus Carstensen,FC Köln,281,4.67,7.45,4.3,9.33,Deep-Lying Playmaker,-1.7675,1.0125000000000002,-2.1375,2.8925
Rey Manaj,Inter Milan,27,0.13,0.85,0.52,2.07,Deep-Lying Playmaker,-0.7625,-0.04249999999999998,-0.37249999999999994,1.1774999999999998
Riad Nouri,AC Ajaccio,235,0.71,2.63,1.65,2.07,Deep-Lying Playmaker,-1.0550000000000002,0.8649999999999998,-0.11500000000000021,0.3049999999999997
Ricardo Kishna,Lazio,27,0.4,8.15,1.17,7.52,Deep-Lying Playmaker,-3.9100000000000006,3.84,-3.1400000000000006,3.209999999999999
Riccardo Meggiorini,Chievo,27,4.06,9.05,3.8,9.41,Deep-Lying Playmaker,-2.5200000000000005,2.4700000000000006,-2.7800000000000002,2.83
Riccardo Saponara,Empoli,27,8.05,8.28,6.23,9.27,Deep-Lying Playmaker,0.09250000000000114,0.3224999999999998,-1.7274999999999991,1.3125
Riley McGree,Australia,106,5.9,2.01,3.59,8.53,Deep-Lying Playmaker,0.8925000000000001,-2.9975000000000005,-1.4175000000000004,3.522499999999999
Riyadh Sharahili,Saudi Arabia,106,5.9,3.19,5.24,8.26,Deep-Lying Playmaker,0.2525000000000004,-2.4575,-0.40749999999999975,2.6125
Robbie Fowler,Manchester City,44,0.27,0.85,2.0,8.46,Deep-Lying Playmaker,-2.6250000000000004,-2.0450000000000004,-0.8950000000000005,5.565
Robert Acquafresca,Bologna,27,0.49,0.85,0.52,2.07,Deep-Lying Playmaker,-0.49249999999999994,-0.13249999999999995,-0.4624999999999999,1.0875
Robert Kenedy Nunes do Nascimento,Getafe,42,8.43,7.13,3.2,9.82,Deep-Lying Playmaker,1.2850000000000001,-0.01499999999999968,-3.9449999999999994,2.6750000000000007
Robin Quaison,Palermo,27,7.17,8.66,7.73,8.99,Deep-Lying Playmaker,-0.9675000000000011,0.5224999999999991,-0.40750000000000064,0.8524999999999991
Rodrigo Sebastián Palacio,Inter Milan,27,6.37,7.63,6.58,8.97,Deep-Lying Playmaker,-1.0174999999999992,0.2425000000000006,-0.8074999999999992,1.5825000000000014
Rodrygo Silva de Goes,Brazil,106,4.28,6.98,2.61,6.76,Deep-Lying Playmaker,-0.8775000000000004,1.8224999999999998,-2.5475000000000008,1.6024999999999991
Romain Del Castillo,Stade Brestois,235,4.8,9.44,2.39,7.17,Deep-Lying Playmaker,-1.1499999999999995,3.49,-3.559999999999999,1.2200000000000006
Romain Hamouma,Saint-Étienne,108,4.09,6.14,2.2,7.66,Deep-Lying Playmaker,-0.9325000000000001,1.1174999999999997,-2.8225,2.6375
Ronald Federico Araújo da Silva,Barcelona,42,0.13,0.85,0.52,2.07,Deep-Lying Playmaker,-0.7625,-0.04249999999999998,-0.37249999999999994,1.1774999999999998
Rubén García Santos,Osasuna,90,3.83,0.85,1.65,8.67,Deep-Lying Playmaker,0.08000000000000007,-2.9,-2.1,4.92
Rubén Pardo Gutiérrez,Real Sociedad,4,4.3,5.57,5.75,9.2,Deep-Lying Playmaker,-1.9050000000000002,-0.6349999999999998,-0.45500000000000007,2.994999999999999
Ryan Giggs,Manchester United,44,2.26,7.37,1.4,7.2,Deep-Lying Playmaker,-2.2975000000000003,2.8125,-3.1575,2.6425
Salem Mohammed Al Dawsari,Saudi Arabia,106,8.93,7.49,5.94,9.09,Deep-Lying Playmaker,1.067499999999999,-0.3725000000000005,-1.9225000000000003,1.2274999999999991
Salih Uçan,AS Roma,27,2.19,4.28,2.78,5.17,Deep-Lying Playmaker,-1.415,0.6750000000000003,-0.8250000000000002,1.565
Saman Ghoddos,Iran,106,1.44,0.85,0.52,7.95,Deep-Lying Playmaker,-1.25,-1.8399999999999999,-2.17,5.26
Sami Khalil Al Naji,Saudi Arabia,106,4.7,3.19,3.89,7.95,Deep-Lying Playmaker,-0.23249999999999993,-1.7425000000000002,-1.0425,3.0175
Samuel Chimerenka Chukwueze,Villarreal,90,4.42,8.14,3.12,9.57,Deep-Lying Playmaker,-1.8925,1.8275000000000006,-3.1925,3.2575000000000003
Santiago Cazorla González,Villarreal,4,6.44,4.84,2.43,9.26,Deep-Lying Playmaker,0.6975000000000007,-0.9024999999999999,-3.3124999999999996,3.5175
Santiago Comesaña Veiga,Rayo Vallecano,4,5.74,4.69,2.54,5.92,Deep-Lying Playmaker,1.0175,-0.03249999999999975,-2.1825,1.1974999999999998
Santiago Cáseres,Villarreal,4,7.94,5.64,7.54,9.61,Deep-Lying Playmaker,0.2575000000000003,-2.0425000000000004,-0.14250000000000007,1.9274999999999993
Santiago Mina Lorenzo,Celta Vigo,42,1.18,0.85,0.52,2.07,Deep-Lying Playmaker,0.025000000000000133,-0.3049999999999998,-0.6349999999999998,0.915
Saúl Ñíguez Esclapez,Atlético Madrid,4,4.68,5.44,2.59,4.78,Deep-Lying Playmaker,0.3074999999999992,1.0675,-1.7825000000000006,0.40749999999999975
Senad Lulić,Lazio,27,7.38,9.43,8.0,8.97,Deep-Lying Playmaker,-1.0650000000000004,0.9849999999999994,-0.4450000000000003,0.5250000000000004
Serge Gakpé,Genoa,27,2.32,8.36,4.7,7.9,Deep-Lying Playmaker,-3.5000000000000004,2.539999999999999,-1.12,2.08
Serge Gnabry,Germany,106,4.2,3.64,4.34,9.28,Deep-Lying Playmaker,-1.165,-1.725,-1.0250000000000004,3.914999999999999
Sergi Darder Moll,Espanyol,42,1.38,3.01,4.43,9.61,Deep-Lying Playmaker,-3.2275,-1.5975000000000001,-0.1775000000000002,5.0024999999999995
Sergio Canales Madrazo,Real Betis,90,4.9,8.44,3.29,9.03,Deep-Lying Playmaker,-1.5149999999999988,2.0250000000000004,-3.124999999999999,2.615
Sergio García De La Fuente,Espanyol,4,0.83,3.35,0.52,8.91,Deep-Lying Playmaker,-2.5725,-0.05249999999999977,-2.8825,5.5075
Sergio Gómez Martín,Huesca,90,7.11,4.17,2.1,7.66,Deep-Lying Playmaker,1.8500000000000005,-1.0899999999999999,-3.1599999999999997,2.4000000000000004
Sergio León Limones,Levante UD,90,0.83,0.85,0.52,2.07,Deep-Lying Playmaker,-0.23749999999999993,-0.21749999999999992,-0.5474999999999999,1.0025
Seth Johnson,Leeds United,44,4.19,3.88,2.68,7.34,Deep-Lying Playmaker,-0.3324999999999996,-0.6425000000000001,-1.8424999999999998,2.8175
Simone Edera,Torino,27,0.13,0.85,0.52,2.07,Deep-Lying Playmaker,-0.7625,-0.04249999999999998,-0.37249999999999994,1.1774999999999998
Simone Pepe,Chievo,27,6.83,8.5,7.72,8.87,Deep-Lying Playmaker,-1.1500000000000004,0.5199999999999996,-0.2600000000000007,0.8899999999999988
Simone Verdi,Carpi,27,5.34,8.97,8.24,9.84,Deep-Lying Playmaker,-2.7575000000000003,0.8725000000000005,0.14250000000000007,1.7424999999999997
Steve McManaman,Manchester City,44,5.9,8.8,4.19,9.9,Deep-Lying Playmaker,-1.2974999999999994,1.602500000000001,-3.0074999999999994,2.7025000000000006
Steve Stone,Portsmouth,44,3.27,7.32,6.16,8.84,Deep-Lying Playmaker,-3.1275,0.9225000000000003,-0.23749999999999982,2.4425
Steve Watson,Everton,44,1.04,8.13,7.05,9.16,Deep-Lying Playmaker,-5.305000000000001,1.7850000000000001,0.7049999999999992,2.8149999999999995
Steven Berghuis,Netherlands,106,5.72,5.36,1.94,5.5,Deep-Lying Playmaker,1.0899999999999999,0.7300000000000004,-2.69,0.8700000000000001
Steven Reid,Blackburn Rovers,44,2.35,5.52,1.4,7.52,Deep-Lying Playmaker,-1.8474999999999997,1.3224999999999998,-2.7975,3.3225
Sultan Abdullah Salim Al Ghannam,Saudi Arabia,106,0.34,0.85,0.52,2.07,Deep-Lying Playmaker,-0.605,-0.09499999999999997,-0.42499999999999993,1.125
Sylvain Wiltord,Arsenal,44,1.56,6.93,1.99,5.16,Deep-Lying Playmaker,-2.35,3.0199999999999996,-1.9200000000000002,1.25
Taulant Sulejmanov,Albania,282,1.62,8.41,9.89,9.67,Deep-Lying Playmaker,-5.777500000000001,1.0124999999999993,2.4924999999999997,2.272499999999999
Thierry Henry,Arsenal,44,6.0,8.1,1.61,9.24,Deep-Lying Playmaker,-0.23749999999999982,1.8624999999999998,-4.6274999999999995,3.0025000000000004
Thorgan Hazard,Belgium,106,8.43,6.42,2.07,9.88,Deep-Lying Playmaker,1.7300000000000004,-0.27999999999999936,-4.629999999999999,3.1800000000000015
Tim Matavž,Genoa,27,0.34,0.85,0.52,2.07,Deep-Lying Playmaker,-0.605,-0.09499999999999997,-0.42499999999999993,1.125
Tim Oermann,Bochum,281,0.13,0.85,0.52,2.07,Deep-Lying Playmaker,-0.7625,-0.04249999999999998,-0.37249999999999994,1.1774999999999998
Tim Skarke,Darmstadt 98,281,2.35,8.65,1.9,6.41,Deep-Lying Playmaker,-2.4775000000000005,3.8225,-2.9275000000000007,1.5824999999999996
Timo Werner,RB Leipzig,281,1.06,7.58,1.23,9.73,Deep-Lying Playmaker,-3.8400000000000003,2.6799999999999997,-3.6700000000000004,4.83
Tobias Kempe,Darmstadt 98,281,2.81,0.85,3.32,9.73,Deep-Lying Playmaker,-1.3675000000000002,-3.3275,-0.8575000000000004,5.5525
Trent Alexander-Arnold,England,282,6.16,2.06,1.28,7.05,Deep-Lying Playmaker,2.0225,-2.0775,-2.8575,2.9124999999999996
Trevor Sinclair,Manchester City,44,4.04,3.9,4.48,7.32,Deep-Lying Playmaker,-0.8950000000000005,-1.0350000000000006,-0.45500000000000007,2.385
Tristan Dingomé,Troyes,235,0.13,0.85,0.52,2.07,Deep-Lying Playmaker,-0.7625,-0.04249999999999998,-0.37249999999999994,1.1774999999999998
Ui-Jo Hwang,South Korea,106,0.13,0.85,0.52,2.07,Deep-Lying Playmaker,-0.7625,-0.04249999999999998,-0.37249999999999994,1.1774999999999998
Urby Emanuelson,Hellas Verona,27,8.56,9.66,7.81,9.42,Deep-Lying Playmaker,-0.30249999999999844,0.7975000000000012,-1.0524999999999993,0.557500000000001
Valon Berisha,Stade de Reims,108,4.47,7.13,8.15,9.73,Deep-Lying Playmaker,-2.9000000000000004,-0.2400000000000002,0.7800000000000002,2.3600000000000003
Valter Birsa,Chievo,27,7.51,8.02,6.29,8.86,Deep-Lying Playmaker,-0.16000000000000014,0.34999999999999964,-1.38,1.1899999999999995
Vincent Paté Aboubakar,Cameroon,106,5.9,8.8,4.99,9.36,Deep-Lying Playmaker,-1.3624999999999998,1.5375000000000005,-2.2725,2.0974999999999993
Vincenzo Grifo,Freiburg,281,1.99,4.01,0.52,6.91,Deep-Lying Playmaker,-1.3675,0.6524999999999999,-2.8375,3.5525
Vladimir Smicer,Liverpool,44,0.67,7.13,0.52,9.61,Deep-Lying Playmaker,-3.8125,2.6475,-3.9625,5.1274999999999995
Václav Černý,Czech Republic,282,3.49,4.01,4.15,6.53,Deep-Lying Playmaker,-1.0549999999999997,-0.5350000000000001,-0.3949999999999996,1.9850000000000003
Víctor Gómez Perea,Espanyol,42,6.66,3.04,1.26,7.95,Deep-Lying Playmaker,1.9325,-1.6875,-3.4675000000000002,3.2225
Waldo Rubio Martín,Real Valladolid,42,3.76,7.85,3.8,8.17,Deep-Lying Playmaker,-2.135,1.955,-2.0949999999999998,2.2750000000000004
Wesley Saïd,Lens,108,1.44,0.85,0.52,2.07,Deep-Lying Playmaker,0.21999999999999997,-0.37,-0.7,0.8499999999999999
Xavi Simons,Netherlands,282,8.91,8.89,7.49,9.14,Deep-Lying Playmaker,0.3025000000000002,0.28250000000000064,-1.1174999999999997,0.5325000000000006
Xavier Chavalerin,Troyes,108,5.15,2.4,2.36,6.16,Deep-Lying Playmaker,1.1325000000000003,-1.6175000000000002,-1.6575000000000002,2.1425
Xherdan Shaqiri,Switzerland,106,3.49,1.97,1.98,8.16,Deep-Lying Playmaker,-0.4099999999999997,-1.93,-1.92,4.26
Yannick Cahuzac,Lens,108,0.13,0.85,0.52,2.07,Deep-Lying Playmaker,-0.7625,-0.04249999999999998,-0.37249999999999994,1.1774999999999998
Yannick Gerhardt,Wolfsburg,281,2.39,4.11,1.72,5.39,Deep-Lying Playmaker,-1.0124999999999997,0.7075000000000005,-1.6824999999999999,1.9874999999999998
Yannis Salibur,Mallorca,42,2.81,7.94,0.52,9.97,Deep-Lying Playmaker,-2.5000000000000004,2.63,-4.790000000000001,4.66
Youri Djorkaeff,Bolton Wanderers,44,3.8,2.09,1.31,9.15,Deep-Lying Playmaker,-0.28750000000000053,-1.9975000000000005,-2.7775000000000003,5.0625
Youssef Msakni,Tunisia,106,3.44,8.18,2.86,7.74,Deep-Lying Playmaker,-2.1149999999999998,2.625,-2.695,2.1850000000000005
Yussif Raman Chibsah,Frosinone,27,7.62,8.87,7.47,7.9,Deep-Lying Playmaker,-0.34499999999999975,0.9049999999999994,-0.4950000000000001,-0.0649999999999995
Yussuf Yurary Poulsen,RB Leipzig,281,0.83,0.85,0.52,2.07,Deep-Lying Playmaker,-0.23749999999999993,-0.21749999999999992,-0.5474999999999999,1.0025
Yusuf Yazıcı,Lille,235,5.36,7.58,4.78,9.68,Deep-Lying Playmaker,-1.4900000000000002,0.7299999999999995,-2.0700000000000003,2.829999999999999
Álvaro Borja Morata Martín,Juventus,27,3.43,7.78,1.54,6.36,Deep-Lying Playmaker,-1.3474999999999997,3.0025000000000004,-3.2375,1.5825000000000005
Ángel Montoro Sánchez,Granada,42,1.62,3.27,3.2,6.78,Deep-Lying Playmaker,-2.0975,-0.44750000000000023,-0.5175000000000001,3.0625
Éverton Augusto de Barros Ribeiro,Brazil,106,1.99,9.72,1.61,9.68,Deep-Lying Playmaker,-3.76,3.9700000000000006,-4.14,3.9299999999999997
Óscar Melendo Jiménez,Espanyol,42,8.43,0.85,0.52,9.47,Deep-Lying Playmaker,3.6125,-3.9675,-4.297499999999999,4.652500000000001
Óscar Rodríguez Arnaiz,Leganés,4,2.12,3.61,2.46,7.11,Deep-Lying Playmaker,-1.705,-0.2150000000000003,-1.3650000000000002,3.285
İrfan Can Kahveci,Turkey,282,0.13,0.85,0.52,2.07,Deep-Lying Playmaker,-0.7625,-0.04249999999999998,-0.37249999999999994,1.1774999999999998
Abdallahi Mohamed Mahmoud,Deportivo Alavés,42,2.81,7.13,3.42,2.07,Defensive Midfielder,-1.0474999999999999,3.2725,-0.4375,-1.7875
Accursio Bentivegna,Palermo,27,1.18,5.26,3.42,2.07,Defensive Midfielder,-1.8025,2.2775,0.4375,-0.9125000000000001
Achraf Hakimi Mouh,Paris Saint-Germain,108,2.81,7.58,2.25,2.07,Defensive Midfielder,-0.8675000000000002,3.9025,-1.4275000000000002,-1.6075000000000004
Adam Hložek,Bayer Leverkusen,281,7.94,9.34,8.29,7.78,Defensive Midfielder,-0.39749999999999996,1.0024999999999995,-0.04750000000000121,-0.5575000000000001
Adil Aouchiche,Saint-Étienne,108,4.84,8.04,2.08,2.07,Defensive Midfielder,0.5825000000000005,3.7824999999999998,-2.1774999999999993,-2.1874999999999996
Adnan Januzaj,Real Sociedad,42,5.25,7.13,2.75,2.07,Defensive Midfielder,0.9500000000000002,2.83,-1.5499999999999998,-2.23
Adrián Embarba Blázquez,Espanyol,42,1.4,7.58,4.85,2.07,Defensive Midfielder,-2.575,3.605,0.8749999999999996,-1.9050000000000002
Adrián Marín Gómez,Deportivo Alavés,4,7.11,7.94,3.55,2.07,Defensive Midfielder,1.9425,2.7725,-1.6175000000000006,-3.0975000000000006
Agustín Canobbio Graviz,Uruguay,106,6.66,7.94,3.2,2.07,Defensive Midfielder,1.6925,2.9725,-1.7675,-2.8975000000000004
Ajdin Hrustic,Australia,106,5.9,7.13,3.51,2.07,Defensive Midfielder,1.2475000000000005,2.4775,-1.1425,-2.5825
Alan Virginius,Lille,235,4.69,8.94,1.31,2.07,Defensive Midfielder,0.4375000000000009,4.6875,-2.9424999999999994,-2.1824999999999997
Alan Wright,Middlesbrough,44,3.42,5.06,4.89,2.07,Defensive Midfielder,-0.4400000000000004,1.1999999999999993,1.0299999999999994,-1.7900000000000005
Alberto Perea Correoso,Cádiz,90,4.98,8.7,9.01,6.68,Defensive Midfielder,-2.362499999999999,1.3575,1.6675000000000004,-0.6624999999999996
Aleksandr Golovin,AS Monaco,235,1.77,9.77,2.17,6.6,Defensive Midfielder,-3.3074999999999997,4.6925,-2.9074999999999998,1.5225
Alessandro Frara,Frosinone,27,6.84,8.2,6.22,5.17,Defensive Midfielder,0.23249999999999993,1.5924999999999994,-0.3875000000000002,-1.4375
Alessandro Matri,Lazio,27,2.81,9.61,4.63,2.07,Defensive Midfielder,-1.9700000000000002,4.829999999999999,-0.15000000000000036,-2.7100000000000004
Alex Sandro Lobo Silva,Juventus,27,7.98,9.82,6.28,7.71,Defensive Midfielder,0.03249999999999975,1.8724999999999996,-1.6675000000000004,-0.2375000000000007
Alexei Gennadyevich Smertin,Portsmouth,44,3.66,8.8,6.96,2.07,Defensive Midfielder,-1.7125000000000004,3.4275,1.5874999999999995,-3.3025000000000007
Ali Al Hassan,Saudi Arabia,106,0.34,6.42,5.34,2.07,Defensive Midfielder,-3.2025,2.8775,1.7974999999999999,-1.4725000000000001
Ali Assadalla Thaimn Qambar,Qatar,106,2.81,9.12,1.52,2.07,Defensive Midfielder,-1.0699999999999998,5.239999999999999,-2.36,-1.81
Alireza Jahanbakhsh,Iran,106,0.49,5.73,3.04,2.07,Defensive Midfielder,-2.3425000000000002,2.8975,0.20749999999999957,-0.7625000000000006
Allan Romeo Nyom,Getafe,90,0.49,6.76,6.78,2.07,Defensive Midfielder,-3.535,2.7349999999999994,2.755,-1.9550000000000005
Amadou Salif Mbengue,Metz,108,2.81,9.88,4.63,2.07,Defensive Midfielder,-2.0375,5.032500000000001,-0.21750000000000025,-2.7775000000000003
Amine Gouiri,OGC Nice,108,0.34,9.77,0.52,2.07,Defensive Midfielder,-2.835,6.595,-2.655,-1.105
Anastasios Donis,Stade de Reims,108,0.63,9.94,4.45,2.07,Defensive Midfielder,-3.6425,5.6674999999999995,0.1775000000000002,-2.2025
Andrea Belotti,Torino,27,6.21,8.06,9.95,2.07,Defensive Midfielder,-0.3624999999999998,1.4875000000000007,3.3774999999999995,-4.5024999999999995
Andreas Skov Olsen,Denmark,282,1.88,6.68,1.45,2.07,Defensive Midfielder,-1.1399999999999997,3.66,-1.5699999999999996,-0.9499999999999997
Andriy Yarmolenko,Ukraine,282,1.02,6.13,7.79,2.07,Defensive Midfielder,-3.2325000000000004,1.8774999999999995,3.5374999999999996,-2.1825000000000006
Ante Rebić,Hellas Verona,27,4.26,9.52,8.4,9.1,Defensive Midfielder,-3.5600000000000005,1.6999999999999993,0.5800000000000001,1.2799999999999994
Anthony Daniel Contreras Enríquez,Costa Rica,106,2.09,7.13,9.89,2.07,Defensive Midfielder,-3.205,1.835,4.595000000000001,-3.225
Anthony Le Tallec,Liverpool,44,4.96,6.42,2.75,2.07,Defensive Midfielder,0.9100000000000001,2.37,-1.2999999999999998,-1.98
Anthony Mounier,Bologna,27,7.32,8.33,8.1,6.76,Defensive Midfielder,-0.3074999999999992,0.7025000000000006,0.47250000000000014,-0.8674999999999997
Anuar Mohamed Tuhami,Real Valladolid,4,4.61,7.05,7.25,2.07,Defensive Midfielder,-0.6349999999999998,1.8049999999999997,2.005,-3.1750000000000003
Anwar El Ghazi,FSV Mainz 05,281,1.36,8.41,2.4,2.07,Defensive Midfielder,-2.2,4.85,-1.1600000000000001,-1.4900000000000002
Arbër Hoxha,Albania,282,1.62,9.88,3.1,2.07,Defensive Midfielder,-2.5474999999999994,5.712500000000001,-1.0674999999999994,-2.0974999999999997
Armand Lauriente,Lorient,108,0.83,9.61,4.07,2.07,Defensive Midfielder,-3.3149999999999995,5.465,-0.07499999999999929,-2.0749999999999997
Augusto Jorge Mateo Solari,Celta Vigo,90,0.4,8.8,7.84,2.07,Defensive Midfielder,-4.3774999999999995,4.022500000000001,3.0625,-2.7075
Awer Mabil,Australia,106,1.18,9.74,0.52,2.07,Defensive Midfielder,-2.1975,6.362500000000001,-2.8575,-1.3075
Bambasé Conté,Hoffenheim,281,2.81,8.8,9.96,2.07,Defensive Midfielder,-3.1,2.8900000000000006,4.050000000000001,-3.8400000000000003
Barış Alper Yılmaz,Turkey,282,2.81,6.42,8.64,2.07,Defensive Midfielder,-2.1750000000000003,1.4349999999999996,3.6550000000000002,-2.9150000000000005
Boško Janković,Hellas Verona,27,3.38,9.35,3.48,4.28,Defensive Midfielder,-1.7425000000000006,4.227499999999999,-1.6425000000000005,-0.8425000000000002
Bradley Locko,Stade de Reims,108,3.37,4.47,3.95,2.07,Defensive Midfielder,-0.09499999999999975,1.005,0.4850000000000003,-1.395
Brennan Johnson,Wales,106,0.83,8.68,5.32,2.07,Defensive Midfielder,-3.3949999999999996,4.455,1.0950000000000006,-2.155
Brett Emerton,Blackburn Rovers,44,2.25,6.84,6.99,5.09,Defensive Midfielder,-3.0424999999999995,1.5475000000000003,1.6975000000000007,-0.20249999999999968
Brian McBride,Fulham,44,1.0,7.94,2.91,2.07,Defensive Midfielder,-2.4800000000000004,4.46,-0.5700000000000003,-1.4100000000000006
Bryan Gil Salvatierra,Leganés,42,5.9,9.88,8.5,2.07,Defensive Midfielder,-0.6875,3.2925000000000004,1.9124999999999996,-4.5175
Bukayo Saka,England,282,1.87,9.11,9.73,9.33,Defensive Midfielder,-5.64,1.5999999999999996,2.2200000000000006,1.8200000000000003
Carlos Alberto Rodríguez Gómez,Mexico,106,1.11,7.62,4.46,2.07,Defensive Midfielder,-2.705,3.8049999999999997,0.6449999999999996,-1.7450000000000006
Carlos Arturo Bacca Ahumada,Villarreal,4,5.25,8.8,3.42,2.07,Defensive Midfielder,0.3650000000000002,3.915000000000001,-1.4649999999999999,-2.815
Chris Führich,VfB Stuttgart,281,3.53,8.15,9.51,6.41,Defensive Midfielder,-3.3699999999999997,1.2500000000000009,2.6100000000000003,-0.4899999999999993
Craig Hignett,Leicester City,44,1.3,4.81,4.12,2.07,Defensive Midfielder,-1.7750000000000001,1.7349999999999994,1.045,-1.0050000000000003
Cristian Daniel Ansaldi,Genoa,27,3.26,9.32,6.86,5.53,Defensive Midfielder,-2.982500000000001,3.0774999999999997,0.6174999999999997,-0.7125000000000004
Cristiano Ronaldo dos Santos Aveiro,Manchester United,44,1.32,8.11,4.87,2.07,Defensive Midfielder,-2.7725,4.017499999999999,0.7774999999999999,-2.0225000000000004
Damien Johnson,Birmingham City,44,4.27,7.34,1.13,2.07,Defensive Midfielder,0.5674999999999999,3.6375,-2.5725,-1.6324999999999998
Dan Ndoye,Switzerland,282,7.34,9.53,6.34,6.47,Defensive Midfielder,-0.07999999999999918,2.1100000000000003,-1.0799999999999992,-0.9499999999999993
Dango Aboubacar Faissal Ouattara,Lorient,108,3.63,9.73,7.59,6.33,Defensive Midfielder,-3.1900000000000004,2.91,0.7699999999999996,-0.4900000000000002
Daniel Alejandro Torres Rojas,Deportivo Alavés,4,1.52,5.26,1.84,2.07,Defensive Midfielder,-1.1524999999999999,2.5875,-0.8324999999999998,-0.6025
Daniel-Kofi Kyereh,Ghana,106,2.16,7.47,1.24,2.07,Defensive Midfielder,-1.0749999999999997,4.234999999999999,-1.9949999999999999,-1.165
Daniele Verde,Frosinone,27,1.31,7.37,4.98,2.07,Defensive Midfielder,-2.6225,3.4375,1.0475000000000003,-1.8625000000000003
Danny Murphy,Liverpool,44,8.43,8.8,5.07,2.07,Defensive Midfielder,2.3374999999999995,2.7075000000000005,-1.0225,-4.022500000000001
Danny Tiatto,Manchester City,44,0.49,7.94,4.0,2.07,Defensive Midfielder,-3.135,4.315,0.375,-1.5550000000000002
Darius Vassell,Aston Villa,44,6.66,9.45,9.66,2.07,Defensive Midfielder,-0.2999999999999998,2.4899999999999993,2.7,-4.890000000000001
Darko Brašanac,Deportivo Alavés,4,5.9,8.41,2.34,2.07,Defensive Midfielder,1.2200000000000006,3.7300000000000004,-2.34,-2.61
Darko Lazović,Genoa,27,5.46,9.04,8.63,8.35,Defensive Midfielder,-2.410000000000001,1.1699999999999982,0.7599999999999998,0.47999999999999865
Darren Ambrose,Newcastle United,44,2.01,8.49,4.48,2.07,Defensive Midfielder,-2.2525000000000004,4.2275,0.21750000000000025,-2.1925000000000003
Darren Anderton,Tottenham Hotspur,44,0.73,8.8,9.83,8.91,Defensive Midfielder,-6.3375,1.7325000000000008,2.7625,1.8425000000000002
Darwin Daniel Machís Marcano,Granada,42,1.08,6.61,4.97,2.07,Defensive Midfielder,-2.6025,2.9275,1.2874999999999996,-1.6125000000000003
Deian Cristian Sorescu,Romania,282,2.81,7.13,5.29,2.07,Defensive Midfielder,-1.5150000000000001,2.8049999999999997,0.9649999999999999,-2.2550000000000003
Denis Bouanga,Saint-Étienne,108,2.19,8.53,8.31,5.78,Defensive Midfielder,-4.012500000000001,2.327499999999999,2.1075,-0.4225000000000003
Diego Ángel Capel Trinidad,Genoa,27,3.94,6.8,5.55,4.45,Defensive Midfielder,-1.2449999999999997,1.6150000000000002,0.3650000000000002,-0.7349999999999994
Domagoj Bradarić,Lille,108,2.81,7.58,2.4,2.07,Defensive Midfielder,-0.9050000000000002,3.8649999999999998,-1.3150000000000004,-1.6450000000000005
Douglas Luiz Soares de Paulo,Girona,4,3.51,7.7,4.39,2.07,Defensive Midfielder,-0.9075000000000006,3.2824999999999998,-0.027500000000000746,-2.3475000000000006
Eberechi Eze,England,282,2.14,8.61,3.91,2.07,Defensive Midfielder,-2.0425,4.427499999999999,-0.27249999999999996,-2.1125000000000003
Eden Hazard,Belgium,106,4.73,6.92,4.59,5.1,Defensive Midfielder,-0.6050000000000004,1.584999999999999,-0.745000000000001,-0.2350000000000012
Edon Zhegrova,Lille,235,2.81,9.12,9.76,2.07,Defensive Midfielder,-3.1299999999999994,3.1799999999999997,3.8200000000000003,-3.8699999999999997
Edson Omar Álvarez Velázquez,Mexico,106,3.69,8.52,6.89,4.33,Defensive Midfielder,-2.1675,2.6624999999999996,1.0324999999999998,-1.5274999999999999
Elvis Rexhbeçaj,Augsburg,281,0.3,2.97,2.17,2.07,Defensive Midfielder,-1.5775,1.0925000000000002,0.2925,0.1924999999999999
Enes Ünal,Real Valladolid,42,4.57,9.4,1.47,2.07,Defensive Midfielder,0.1924999999999999,5.0225,-2.9075000000000006,-2.3075000000000006
Enis Bardhi,Levante UD,4,4.65,9.18,5.81,4.32,Defensive Midfielder,-1.3399999999999999,3.1899999999999995,-0.1800000000000006,-1.67
Enzo Le Fée,Lorient,108,4.35,7.38,6.98,6.33,Defensive Midfielder,-1.9100000000000001,1.12,0.7200000000000006,0.07000000000000028
Eren Sami Dinkçi,FC Heidenheim,281,1.05,9.77,9.97,2.07,Defensive Midfielder,-4.665,4.055,4.255000000000001,-3.645
Evann Guessand,Nantes,235,1.99,9.28,3.92,2.07,Defensive Midfielder,-2.3249999999999993,4.965,-0.3949999999999996,-2.2449999999999997
Fabian Rieder,Switzerland,282,3.19,9.25,9.27,9.25,Defensive Midfielder,-4.550000000000001,1.5099999999999998,1.5299999999999994,1.5099999999999998
Fabián Ariel Orellana Valenzuela,Eibar,4,1.82,5.73,3.65,2.07,Defensive Midfielder,-1.4975000000000003,2.4125,0.3324999999999996,-1.2475000000000005
Facundo Sebastián Roncaglia,Fiorentina,27,2.81,8.8,0.52,2.07,Defensive Midfielder,-0.7400000000000002,5.25,-3.0300000000000002,-1.4800000000000004
Farid El Melali,Angers,235,0.83,9.48,3.68,2.07,Defensive Midfielder,-3.1849999999999996,5.465000000000001,-0.3349999999999995,-1.9449999999999998
Federico Bonazzoli,Sampdoria,27,2.81,8.8,0.52,2.07,Defensive Midfielder,-0.7400000000000002,5.25,-3.0300000000000002,-1.4800000000000004
Federico Chiesa,Italy,282,2.33,8.08,4.39,2.07,Defensive Midfielder,-1.8875000000000002,3.8625,0.17249999999999943,-2.1475000000000004
Felipe Anderson Pereira Gomes,Lazio,27,8.11,9.47,9.03,7.14,Defensive Midfielder,-0.32750000000000057,1.0325000000000006,0.5924999999999994,-1.2975000000000003
Fermin Lopez Marin,Spain,282,7.44,7.94,4.94,2.07,Defensive Midfielder,1.8425000000000002,2.3425000000000002,-0.6574999999999998,-3.5275000000000003
Filippo Costa,Chievo,27,0.69,7.26,6.45,6.82,Defensive Midfielder,-4.615,1.955,1.1450000000000005,1.5150000000000006
Florian Pick,FC Heidenheim,281,1.81,5.43,2.82,2.07,Defensive Midfielder,-1.2225000000000001,2.3974999999999995,-0.21250000000000036,-0.9625000000000004
Franco Zuculini,Bologna,27,2.81,6.03,5.15,2.07,Defensive Midfielder,-1.2049999999999996,2.0150000000000006,1.1350000000000007,-1.9449999999999998
Félix Lemaréchal,Stade Brestois,235,2.81,9.99,0.52,2.07,Defensive Midfielder,-1.0375,6.1425,-3.3275,-1.7775000000000003
Gabriel Moisés Antunes da Silva,Carpi,27,6.58,9.68,7.36,5.55,Defensive Midfielder,-0.7124999999999995,2.3875,0.06750000000000078,-1.7424999999999997
Gaetano Letizia,Carpi,27,6.55,8.67,5.02,5.12,Defensive Midfielder,0.20999999999999996,2.33,-1.3200000000000003,-1.2199999999999998
Gaku Shibasaki,Getafe,4,1.18,7.13,3.32,2.07,Defensive Midfielder,-2.245,3.7049999999999996,-0.10500000000000043,-1.3550000000000004
Garang Kuol,Australia,106,2.81,7.94,0.52,2.07,Defensive Midfielder,-0.5249999999999999,4.605,-2.815,-1.2650000000000001
Gaël Clichy,Arsenal,44,3.34,8.49,0.52,2.07,Defensive Midfielder,-0.2650000000000001,4.885,-3.085,-1.5350000000000001
Gaëtan Perrin,Auxerre,235,4.82,9.81,0.52,2.07,Defensive Midfielder,0.5150000000000006,5.505000000000001,-3.7849999999999997,-2.235
Gerrit Holtmann,Darmstadt 98,281,7.02,7.94,4.78,2.07,Defensive Midfielder,1.567499999999999,2.4875,-0.6725000000000003,-3.3825000000000007
Gervais Lombe Yao Kouassi,AS Roma,27,2.81,8.8,4.67,2.07,Defensive Midfielder,-1.7775000000000003,4.2125,0.08249999999999957,-2.5175000000000005
Gilberto Moraes Junior,Fiorentina,27,1.26,6.87,7.92,2.07,Defensive Midfielder,-3.2700000000000005,2.34,3.3899999999999997,-2.4600000000000004
Giorgi Chakvetadze,Georgia,282,6.22,8.72,7.74,5.84,Defensive Midfielder,-0.9100000000000001,1.5900000000000007,0.6100000000000003,-1.29
Giovanni Marchese,Genoa,27,4.82,8.41,9.81,2.07,Defensive Midfielder,-1.4574999999999996,2.1325000000000003,3.5325000000000006,-4.2075
Guillermo Varela Olivera,Uruguay,106,8.43,9.61,0.52,2.07,Defensive Midfielder,3.2725,4.4525,-4.637499999999999,-3.0875
Harry Kewell,Liverpool,44,1.97,9.48,4.94,6.11,Defensive Midfielder,-3.6550000000000002,3.8550000000000004,-0.6849999999999996,0.4850000000000003
Hernâni Jorge Santos Fortes,Levante UD,42,1.84,8.8,9.86,2.07,Defensive Midfielder,-3.8025,3.1575000000000006,4.217499999999999,-3.5725000000000002
Hugo Miguel Ferreira Gomes Viana,Newcastle United,44,1.18,9.88,0.52,2.07,Defensive Midfielder,-2.2325,6.467500000000001,-2.8925,-1.3425000000000002
Héctor Junior Firpo Adames,Barcelona,42,1.03,9.61,3.2,2.07,Defensive Midfielder,-2.9475,5.632499999999999,-0.7774999999999999,-1.9075000000000002
Iddrisu Baba Mohammed,Mallorca,42,3.48,5.35,5.85,2.07,Defensive Midfielder,-0.7075,1.1624999999999996,1.6624999999999996,-2.1175
Ignatius Kpene Ganago,Nantes,235,0.83,9.95,3.1,2.07,Defensive Midfielder,-3.1574999999999998,5.9624999999999995,-0.8874999999999997,-1.9175
Iliman Ndiaye,Senegal,106,2.81,4.81,0.52,2.07,Defensive Midfielder,0.2575000000000003,2.2575,-2.0324999999999998,-0.48249999999999993
Isak Hansen-Aarøen,Werder Bremen,281,1.18,9.88,0.52,2.07,Defensive Midfielder,-2.2325,6.467500000000001,-2.8925,-1.3425000000000002
Ismaël Gharbi,Paris Saint-Germain,235,0.49,9.77,5.2,2.07,Defensive Midfielder,-3.8925,5.387499999999999,0.8174999999999999,-2.3125000000000004
Issa Cissokho,Genoa,27,2.81,5.73,1.65,2.07,Defensive Midfielder,-0.25500000000000034,2.665,-1.4150000000000005,-0.9950000000000006
Iván Alejo Peralta,Cádiz,90,0.27,9.94,9.16,9.61,Defensive Midfielder,-6.975,2.6950000000000003,1.915000000000001,2.365
Iván Campo Ramos,Bolton Wanderers,44,4.88,7.55,4.69,5.1,Defensive Midfielder,-0.6749999999999998,1.995,-0.8649999999999993,-0.45500000000000007
Iñigo Córdoba Kerejeta,Deportivo Alavés,90,1.11,8.8,2.15,2.07,Defensive Midfielder,-2.4225000000000003,5.2675,-1.3825000000000003,-1.4625000000000004
Iñigo Pérez Soto,Osasuna,42,3.82,5.26,4.44,2.07,Defensive Midfielder,-0.07750000000000012,1.3624999999999998,0.5425000000000004,-1.8275000000000001
Jacopo Sala,Hellas Verona,27,7.14,9.27,9.29,5.96,Defensive Midfielder,-0.7750000000000004,1.3549999999999995,1.3749999999999991,-1.955
Jaime Seoane Valenciano,Huesca,90,4.74,7.22,3.56,2.07,Defensive Midfielder,0.34250000000000025,2.8225,-0.8374999999999999,-2.3275
Jairo Izquierdo González,Cádiz,90,0.58,8.27,5.17,2.07,Defensive Midfielder,-3.4425,4.2475,1.1475,-1.9525000000000001
Jan Kuchta,Czech Republic,282,1.18,6.42,8.76,2.07,Defensive Midfielder,-3.4275,1.8125,4.1525,-2.5375
Jan Mlakar,Slovenia,282,4.15,6.89,5.91,5.87,Defensive Midfielder,-1.5549999999999997,1.1849999999999996,0.20500000000000007,0.16500000000000004
Javier Eraso Goñi,Leganés,42,1.08,6.76,0.52,2.07,Defensive Midfielder,-1.5274999999999999,4.1525,-2.0875,-0.5375000000000001
Jean Eudès Aholou,Strasbourg,108,2.81,5.26,2.85,2.07,Defensive Midfielder,-0.4375,2.0124999999999997,-0.39749999999999996,-1.1775000000000002
Jean-Mattéo Bahoya Négoce,Eintracht Frankfurt,281,5.25,9.23,0.52,2.07,Defensive Midfielder,0.9824999999999999,4.9625,-3.7475,-2.1975000000000002
Jeff Reine-Adélaïde,Lyon,235,5.9,9.61,4.8,2.07,Defensive Midfielder,0.3050000000000006,4.015,-0.7949999999999999,-3.525
Jens Jønsson,Cádiz,90,0.49,7.13,2.2,2.07,Defensive Midfielder,-2.4825,4.1575,-0.7725,-0.9025000000000003
Jeremie Frimpong,Bayer Leverkusen,281,3.5,9.31,1.75,2.07,Defensive Midfielder,-0.6574999999999998,5.152500000000001,-2.4074999999999998,-2.0875
Jeremy Doku,Belgium,282,1.95,9.68,4.72,7.95,Defensive Midfielder,-4.124999999999999,3.6050000000000004,-1.3549999999999995,1.8750000000000009
Jeremy Leonel Sarmiento Morante,Ecuador,106,4.3,9.05,9.24,8.35,Defensive Midfielder,-3.4350000000000014,1.3149999999999995,1.504999999999999,0.6149999999999984
Jermain Defoe,Tottenham Hotspur,44,0.93,8.8,2.63,2.07,Defensive Midfielder,-2.6774999999999998,5.192500000000001,-0.9775,-1.5375
Jermaine Pennant,Leeds United,44,3.52,8.12,8.29,4.54,Defensive Midfielder,-2.5974999999999997,2.0024999999999995,2.1724999999999994,-1.5774999999999997
Jesper Grønkjær,Chelsea,44,7.44,8.8,5.69,2.07,Defensive Midfielder,1.4399999999999995,2.8,-0.3100000000000005,-3.930000000000001
Jewison Bennette,Costa Rica,106,0.49,9.7,3.68,2.07,Defensive Midfielder,-3.495,5.715,-0.3049999999999997,-1.915
Jim Allevinah,Clermont Foot,108,8.43,9.61,9.69,2.07,Defensive Midfielder,0.9800000000000004,2.16,2.24,-5.379999999999999
Joaquín Sánchez Rodríguez,Real Betis,42,4.35,7.13,3.92,2.07,Defensive Midfielder,-0.01750000000000007,2.7625,-0.4474999999999998,-2.2975
John McGinn,Scotland,282,1.74,5.37,2.65,2.07,Defensive Midfielder,-1.2175,2.4125,-0.3075000000000001,-0.8875000000000002
Jonathan Douglas,Blackburn Rovers,44,2.81,5.52,5.18,2.07,Defensive Midfielder,-1.085,1.6249999999999996,1.2849999999999997,-1.8250000000000002
Jonathan Rodríguez Menéndez,Deportivo Alavés,4,1.53,7.7,4.19,2.07,Defensive Midfielder,-2.3425000000000002,3.8274999999999997,0.3174999999999999,-1.8025000000000007
Jonathan de Guzmán,Carpi,27,0.71,6.63,2.37,4.75,Defensive Midfielder,-2.9050000000000002,3.0149999999999997,-1.245,1.1349999999999998
Jordan Stewart,Leicester City,44,3.28,7.94,8.02,2.07,Defensive Midfielder,-2.0475000000000008,2.6125,2.692499999999999,-3.2575000000000007
Jorge De Frutos Sebastián,Levante UD,90,3.31,7.86,6.94,6.89,Defensive Midfielder,-2.94,1.6100000000000003,0.6900000000000004,0.6399999999999997
Jorge Miramón Santagertrudis,Huesca,4,5.65,7.8,7.77,6.24,Defensive Midfielder,-1.2149999999999999,0.9349999999999996,0.9049999999999994,-0.625
Josip Juranović,Croatia,282,2.81,9.99,0.52,2.07,Defensive Midfielder,-1.0375,6.1425,-3.3275,-1.7775000000000003
José Antonio Miranda Boacho,Getafe,90,0.49,9.61,0.52,2.07,Defensive Midfielder,-2.6825,6.4375,-2.6525,-1.1025
José Antonio Rodríguez Díaz,Granada,42,0.49,7.13,5.31,2.07,Defensive Midfielder,-3.26,3.38,1.5599999999999996,-1.6800000000000002
José Ignacio Peleteiro Ramallo,Deportivo Alavés,90,2.81,7.94,4.37,2.07,Defensive Midfielder,-1.4875000000000003,3.6425,0.07249999999999979,-2.2275000000000005
José Rodolfo Pires Ribeiro,Sampdoria,27,0.83,7.76,1.37,2.07,Defensive Midfielder,-2.1775,4.7524999999999995,-1.6375000000000002,-0.9375000000000004
José Ángel Pozo la Rosa,Rayo Vallecano,4,2.81,8.23,1.35,2.07,Defensive Midfielder,-0.8050000000000002,4.615,-2.265,-1.5450000000000004
Junya Ito,Stade de Reims,235,1.62,8.56,9.66,2.07,Defensive Midfielder,-3.8575,3.0825000000000005,4.1825,-3.4075
Justin Gideon Njinmah,Werder Bremen,281,4.35,9.97,0.52,2.07,Defensive Midfielder,0.12249999999999961,5.742500000000001,-3.7075,-2.1575
Justin Kluivert,OGC Nice,108,3.72,8.96,9.49,4.98,Defensive Midfielder,-3.0675000000000003,2.1725000000000003,2.7024999999999997,-1.8075
Kai Havertz,Germany,282,4.92,8.58,8.81,5.06,Defensive Midfielder,-1.9225000000000003,1.7374999999999998,1.9675000000000002,-1.7825000000000006
Kamaldeen Sulemana,Rennes,108,5.07,8.92,9.32,8.55,Defensive Midfielder,-2.8950000000000005,0.9549999999999992,1.3549999999999995,0.585
Keanu Baccus,Australia,106,3.33,8.9,4.4,2.07,Defensive Midfielder,-1.3450000000000006,4.225,-0.27500000000000036,-2.605000000000001
Keith Gillespie,Leicester City,44,0.3,9.88,3.74,2.07,Defensive Midfielder,-3.6975000000000007,5.8825,-0.2575000000000003,-1.9275000000000007
Kellyn Kai Perry-Acosta,United States,106,1.62,7.13,1.47,2.07,Defensive Midfielder,-1.4525000000000001,4.057499999999999,-1.6025000000000003,-1.0025000000000004
Kenny Miller,Wolverhampton Wanderers,44,1.53,8.63,5.23,2.07,Defensive Midfielder,-2.835,4.265000000000001,0.8650000000000002,-2.2950000000000004
Kevin Kilbane,Everton,44,3.28,8.23,7.85,6.53,Defensive Midfielder,-3.1925000000000003,1.7575000000000003,1.3774999999999995,0.05750000000000011
Keysher Fuller Spence,Costa Rica,106,1.06,6.76,1.44,2.07,Defensive Midfielder,-1.7725,3.9274999999999998,-1.3925,-0.7625000000000002
Kieron Dyer,Newcastle United,44,4.59,9.02,7.38,6.73,Defensive Midfielder,-2.34,2.09,0.4500000000000002,-0.1999999999999993
Kingsley Coman,France,106,0.36,9.33,9.41,2.07,Defensive Midfielder,-4.9325,4.0375,4.1175,-3.2225000000000006
Laurent Robert,Newcastle United,44,1.8,6.54,4.76,2.07,Defensive Midfielder,-1.9925,2.7475,0.9674999999999998,-1.7225000000000001
Lazar Samardžić,Serbia,282,3.87,6.42,3.83,2.07,Defensive Midfielder,-0.17749999999999932,2.3725000000000005,-0.21749999999999936,-1.9774999999999996
Lazaros Christodoulopoulos,Sampdoria,27,1.32,9.09,5.12,2.07,Defensive Midfielder,-3.08,4.6899999999999995,0.7199999999999998,-2.3300000000000005
Lee Bowyer,Newcastle United,44,1.36,8.51,5.21,2.07,Defensive Midfielder,-2.9274999999999993,4.2225,0.9225000000000003,-2.2175
Leo Leroy,Montpellier,235,0.76,2.79,2.75,2.07,Defensive Midfielder,-1.3324999999999998,0.6975000000000002,0.6575000000000002,-0.022499999999999964
Liam Millar,Canada,106,0.49,9.88,0.52,2.07,Defensive Midfielder,-2.75,6.640000000000001,-2.72,-1.1700000000000004
Lorenz Assignon,Rennes,108,0.37,4.01,0.52,2.07,Defensive Midfielder,-1.3725,2.2674999999999996,-1.2225000000000001,0.3274999999999997
Louis Saha,Manchester United,44,1.75,4.01,4.3,2.07,Defensive Midfielder,-1.2824999999999998,0.9775,1.2675,-0.9624999999999999
Luca Pfeiffer,Darmstadt 98,281,1.62,6.03,1.68,2.07,Defensive Midfielder,-1.23,3.18,-1.1700000000000002,-0.7800000000000002
Lucas Gourna-Douath,Saint-Étienne,108,7.44,9.19,6.89,2.07,Defensive Midfielder,1.0425000000000004,2.7924999999999995,0.4924999999999997,-4.327500000000001
M''Baye Babacar Niang,AC Milan,27,7.6,8.9,6.07,6.71,Defensive Midfielder,0.27999999999999936,1.58,-1.25,-0.6100000000000003
Malcom Filipe Silva de Oliveira,Barcelona,4,2.11,9.14,2.99,5.94,Defensive Midfielder,-2.935,4.095000000000001,-2.0549999999999997,0.8950000000000005
Marc Cucurella Saseta,Getafe,90,1.72,9.08,5.01,6.97,Defensive Midfielder,-3.9750000000000005,3.385,-0.6850000000000005,1.2749999999999995
Marcelo Alejandro Estigarribia Balmori,Atalanta,27,2.81,8.8,5.56,2.07,Defensive Midfielder,-2.0000000000000004,3.99,0.7499999999999991,-2.7400000000000007
Marcelo Vieira da Silva Júnior,Real Madrid,90,2.81,8.8,5.43,2.07,Defensive Midfielder,-1.9674999999999998,4.022500000000001,0.6524999999999999,-2.7075
Marco Richter,FSV Mainz 05,281,5.9,9.23,5.18,2.07,Defensive Midfielder,0.3049999999999997,3.635,-0.4150000000000009,-3.525000000000001
Marcos Llorente Moreno,Atlético Madrid,90,2.38,5.33,2.41,2.07,Defensive Midfielder,-0.6675000000000004,2.2824999999999998,-0.6375000000000002,-0.9775000000000005
Marko Grujić,Serbia,106,4.09,9.45,1.83,2.07,Defensive Midfielder,-0.2699999999999996,5.09,-2.5299999999999994,-2.2899999999999996
Marko Livaja,Empoli,27,2.81,6.03,0.52,2.07,Defensive Midfielder,-0.047499999999999876,3.1725000000000003,-2.3375,-0.7875000000000001
Martin Adeline,Stade de Reims,108,5.9,6.42,4.68,2.07,Defensive Midfielder,1.1325000000000003,1.6524999999999999,-0.08750000000000036,-2.6975000000000002
Martin Andresen,Blackburn Rovers,44,4.77,6.03,3.42,2.07,Defensive Midfielder,0.6974999999999998,1.9575000000000005,-0.6524999999999999,-2.0025
Martin Keown,Arsenal,44,1.18,5.73,0.52,2.07,Defensive Midfielder,-1.195,3.3550000000000004,-1.855,-0.30500000000000016
Martin Ádám,Hungary,282,0.83,8.8,0.52,2.07,Defensive Midfielder,-2.225,5.745000000000001,-2.535,-0.9850000000000003
Massimo Gobbi,Chievo,27,2.36,6.96,7.97,2.07,Defensive Midfielder,-2.48,2.12,3.13,-2.77
Massimo Maccarone,Empoli,27,0.49,5.73,4.81,2.07,Defensive Midfielder,-2.785,2.455,1.5349999999999993,-1.2050000000000005
Mateus Cardoso Lemos Martins,Lyon,235,2.81,8.41,9.88,2.07,Defensive Midfielder,-2.9825000000000004,2.6174999999999997,4.0875,-3.7225000000000006
Matheus Luiz Nunes,Portugal,106,2.41,6.73,1.05,2.07,Defensive Midfielder,-0.6550000000000002,3.665,-2.0150000000000006,-0.9950000000000006
Mathis Rayan Cherki,Lyon,235,2.28,9.81,2.99,6.16,Defensive Midfielder,-3.0300000000000007,4.5,-2.3200000000000003,0.8499999999999996
Mathys Tel,Bayern Munich,281,0.83,8.56,4.19,2.07,Defensive Midfielder,-3.0825000000000005,4.6475,0.27749999999999986,-1.8425000000000007
Matteo Politano,Sassuolo,27,6.02,8.55,6.54,7.1,Defensive Midfielder,-1.0325000000000006,1.4975000000000005,-0.5125000000000002,0.04749999999999943
Matúš Bero,Bochum,281,3.52,4.39,3.42,2.07,Defensive Midfielder,0.16999999999999993,1.0399999999999996,0.06999999999999984,-1.2800000000000002
Mauro Emanuel Icardi Rivero,Paris Saint-Germain,108,0.49,9.88,5.29,2.07,Defensive Midfielder,-3.9425,5.447500000000001,0.8574999999999999,-2.3625000000000003
Mauro Matías Zárate,Fiorentina,27,7.75,9.71,4.11,4.96,Defensive Midfielder,1.1174999999999997,3.0775000000000006,-2.5225,-1.6725000000000003
Max Finkgräfe,FC Köln,281,3.78,9.61,9.38,6.97,Defensive Midfielder,-3.655,2.175,1.9450000000000012,-0.46499999999999986
Medon Berisha,Albania,282,1.18,4.81,2.15,2.07,Defensive Midfielder,-1.3724999999999998,2.2575,-0.40249999999999986,-0.48249999999999993
Merlin Röhl,Freiburg,281,3.37,7.66,6.15,6.04,Defensive Midfielder,-2.4349999999999996,1.8550000000000004,0.34500000000000064,0.23500000000000032
Mert Kömür,Augsburg,281,7.92,8.61,8.83,2.07,Defensive Midfielder,1.0625,1.7524999999999995,1.9725000000000001,-4.7875
Michael Brown,Tottenham Hotspur,44,5.15,8.41,6.87,7.07,Defensive Midfielder,-1.7249999999999996,1.5350000000000001,-0.004999999999999893,0.19500000000000028
Michael Duberry,Leeds United,44,2.03,7.7,9.22,2.07,Defensive Midfielder,-3.225000000000001,2.4449999999999994,3.965,-3.185000000000001
Mickaël Barreto,AC Ajaccio,235,3.54,9.08,6.82,2.07,Defensive Midfielder,-1.8375000000000004,3.7024999999999997,1.4425,-3.3075000000000006
Mihailo Ristić,Montpellier,108,4.12,9.14,9.94,2.07,Defensive Midfielder,-2.1975000000000007,2.8225,3.6224999999999987,-4.2475000000000005
Mohamed Ali Ben Romdhane,Tunisia,106,0.69,8.63,9.46,2.07,Defensive Midfielder,-4.522500000000001,3.4175000000000004,4.2475000000000005,-3.1425000000000005
Mohamed Zeki Amdouni,Switzerland,282,0.99,5.08,3.57,2.07,Defensive Midfielder,-1.9375000000000002,2.1525,0.6424999999999996,-0.8575000000000004
Mohammed Kudus,Ghana,106,3.65,6.52,7.22,2.07,Defensive Midfielder,-1.2150000000000003,1.6549999999999994,2.3549999999999995,-2.7950000000000004
Morgan Sanson,Strasbourg,235,5.18,8.46,7.51,2.07,Defensive Midfielder,-0.625,2.655000000000001,1.705,-3.735
Moses Daddy-Ajala Simon,Levante UD,4,0.83,7.94,8.5,2.07,Defensive Midfielder,-4.005,3.1050000000000004,3.665,-2.765
Moussa Sissoko,Nantes,235,1.44,7.8,6.81,2.07,Defensive Midfielder,-3.0900000000000003,3.2699999999999996,2.2799999999999994,-2.4600000000000004
Nathanaël Mbuku,Stade de Reims,108,4.57,9.45,4.74,2.07,Defensive Midfielder,-0.6374999999999993,4.2425,-0.46749999999999936,-3.1374999999999997
Nedim Bajrami,Albania,282,1.99,5.03,1.21,2.07,Defensive Midfielder,-0.5850000000000002,2.455,-1.3650000000000002,-0.5050000000000003
Nick Barmby,Leeds United,44,0.67,7.94,9.8,2.07,Defensive Midfielder,-4.450000000000001,2.8199999999999994,4.68,-3.050000000000001
Nicola Zalewski,Poland,282,1.33,7.29,3.37,2.07,Defensive Midfielder,-2.1850000000000005,3.7749999999999995,-0.14500000000000046,-1.4450000000000007
Nikola Dovedan,FC Heidenheim,281,3.46,7.42,7.23,7.17,Defensive Midfielder,-2.8600000000000003,1.0999999999999996,0.9100000000000001,0.8499999999999996
Nikola Vlašić,Croatia,106,1.51,4.55,2.95,2.07,Defensive Midfielder,-1.26,1.7799999999999998,0.18000000000000016,-0.7000000000000002
Noah Mbamba,Bayer Leverkusen,281,1.62,7.13,7.12,5.43,Defensive Midfielder,-3.705,1.8049999999999997,1.795,0.10499999999999954
Noah Okafor,Switzerland,106,1.62,7.58,2.07,2.07,Defensive Midfielder,-1.7149999999999999,4.245,-1.2650000000000001,-1.2650000000000001
Norbert Sándor Balogh,Palermo,27,0.32,7.31,2.97,2.07,Defensive Midfielder,-2.8475,4.1425,-0.1974999999999998,-1.0975000000000001
Oghenekaro Etebo,Getafe,42,0.67,6.42,8.8,2.07,Defensive Midfielder,-3.8200000000000003,1.9299999999999997,4.3100000000000005,-2.4200000000000004
Oliver Burke,Deportivo Alavés,42,1.78,5.43,1.12,2.07,Defensive Midfielder,-0.8200000000000001,2.8299999999999996,-1.48,-0.5300000000000002
Omobolaji Habeeb Adekanye,Cádiz,90,0.13,9.99,0.52,2.07,Defensive Midfielder,-3.0475000000000003,6.8125,-2.6575,-1.1075000000000004
Ondřej Lingr,Czech Republic,282,0.58,7.54,6.53,2.07,Defensive Midfielder,-3.5999999999999996,3.3600000000000003,2.3500000000000005,-2.11
Ousmane Dembélé,Barcelona,4,7.95,9.31,8.14,7.09,Defensive Midfielder,-0.17250000000000032,1.1875,0.01750000000000007,-1.0325000000000006
Panagiotis Tachtsidis,Genoa,27,6.82,8.45,6.66,5.45,Defensive Midfielder,-0.024999999999999467,1.6049999999999995,-0.1849999999999996,-1.3949999999999996
Paul Brooker,Leicester City,44,2.81,9.61,5.18,2.07,Defensive Midfielder,-2.1075000000000004,4.692499999999999,0.2624999999999993,-2.8475000000000006
Pedro León Sánchez Gil,Eibar,42,1.71,5.26,1.19,2.07,Defensive Midfielder,-0.8475000000000001,2.7024999999999997,-1.3675000000000002,-0.48750000000000027
Petar Stojanović,Slovenia,282,7.85,9.47,6.51,7.29,Defensive Midfielder,0.07000000000000028,1.6900000000000013,-1.2699999999999996,-0.4899999999999993
Quentin Boisgard,Lorient,108,1.62,5.26,2.91,2.07,Defensive Midfielder,-1.3449999999999998,2.295,-0.054999999999999716,-0.895
Rafael Alexandre Conceição Leão,Portugal,282,4.57,9.55,9.62,8.46,Defensive Midfielder,-3.4800000000000004,1.5,1.5699999999999985,0.41000000000000014
Randal Kolo Muani,France,282,3.59,9.38,3.86,2.07,Defensive Midfielder,-1.1350000000000007,4.655,-0.8650000000000007,-2.6550000000000007
Raphael Martinho Alves de Lima,Carpi,27,6.17,9.44,9.29,5.72,Defensive Midfielder,-1.4849999999999994,1.7850000000000001,1.6349999999999998,-1.9349999999999996
Renato Fabrizio Tapia Cortijo,Celta Vigo,90,6.26,7.76,9.03,2.07,Defensive Midfielder,-0.019999999999999574,1.4800000000000004,2.75,-4.209999999999999
Richie Laryea,Canada,106,2.81,9.38,4.63,2.07,Defensive Midfielder,-1.9125,4.657500000000001,-0.09250000000000025,-2.6525000000000003
Roan Roberto Wilson Gordon,Costa Rica,106,2.81,6.42,3.61,2.07,Defensive Midfielder,-0.9175,2.6925,-0.11750000000000016,-1.6575000000000002
Robert Navarro Muñoz,Real Sociedad,90,4.45,9.02,9.7,7.81,Defensive Midfielder,-3.294999999999999,1.2750000000000004,1.955,0.06500000000000039
Roberto Gagliardini,Atalanta,27,1.55,4.55,1.08,2.07,Defensive Midfielder,-0.7625,2.2375,-1.2325,-0.24250000000000016
Rodrigo Sebastián Aguirre Soto,Udinese,27,1.18,9.12,8.5,8.94,Defensive Midfielder,-5.754999999999999,2.1850000000000005,1.5650000000000013,2.005000000000001
Roger Martí Salvador,Levante UD,4,2.81,5.26,3.83,2.07,Defensive Midfielder,-0.6825000000000001,1.7674999999999996,0.3374999999999999,-1.4225000000000003
Rohan Ricketts,Tottenham Hotspur,44,2.81,9.88,0.52,2.07,Defensive Midfielder,-1.0100000000000002,6.0600000000000005,-3.3000000000000003,-1.7500000000000004
Romano Schmid,Werder Bremen,281,4.43,6.94,7.4,5.39,Defensive Midfielder,-1.6100000000000012,0.8999999999999995,1.3599999999999994,-0.6500000000000012
Romario Andrés Ibarra Mina,Ecuador,106,0.36,5.52,3.56,2.07,Defensive Midfielder,-2.5175,2.6424999999999996,0.6825000000000001,-0.8075000000000001
Ross Barkley,OGC Nice,235,1.62,5.73,3.2,2.07,Defensive Midfielder,-1.5350000000000001,2.575,0.04499999999999993,-1.0850000000000004
Rubén Sobrino Pozuelo,Cádiz,90,3.87,7.7,7.92,2.07,Defensive Midfielder,-1.5200000000000005,2.3099999999999996,2.5299999999999994,-3.3200000000000007
Ryder Matos Santos,Carpi,27,6.41,9.53,7.8,8.12,Defensive Midfielder,-1.5549999999999997,1.5649999999999995,-0.16500000000000004,0.15499999999999936
Rômulo Souza Orestes Caldeira,Hellas Verona,27,4.87,8.21,5.66,6.14,Defensive Midfielder,-1.3500000000000005,1.9900000000000002,-0.5600000000000005,-0.08000000000000096
Sabin Merino Zuloaga,Leganés,4,0.13,9.99,0.52,2.07,Defensive Midfielder,-3.0475000000000003,6.8125,-2.6575,-1.1075000000000004
Sabit Abdulai,Getafe,90,1.92,5.26,4.94,2.07,Defensive Midfielder,-1.6275000000000004,1.7124999999999995,1.3925,-1.4775000000000005
Sacha Delaye,Montpellier,108,0.83,4.01,1.36,2.07,Defensive Midfielder,-1.2374999999999998,1.9425,-0.7074999999999998,0.0024999999999999467
Salvador Sánchez Ponce,Cádiz,90,0.49,9.7,1.7,2.07,Defensive Midfielder,-3.0,6.209999999999999,-1.7899999999999998,-1.42
Samuel Sáiz Alonso,Getafe,4,1.62,4.39,3.71,2.07,Defensive Midfielder,-1.3274999999999997,1.4425,0.7625000000000002,-0.8775
Sandro Altunashvili,Georgia,282,2.81,6.07,4.52,2.07,Defensive Midfielder,-1.0575,2.2025,0.6524999999999994,-1.7975000000000003
Saud Abdullah Abdul Hamid,Saudi Arabia,106,1.18,6.03,4.09,2.07,Defensive Midfielder,-2.1625000000000005,2.6875,0.7474999999999996,-1.2725000000000004
Scott Parker,Charlton Athletic,44,4.14,7.44,5.93,4.54,Defensive Midfielder,-1.3724999999999996,1.927500000000001,0.4175000000000004,-0.9724999999999993
Serdar Gürler,Huesca,4,2.81,9.61,2.5,2.07,Defensive Midfielder,-1.4374999999999996,5.3625,-1.7474999999999996,-2.1774999999999998
Sergio Floccari,Bologna,27,2.25,9.28,1.48,2.07,Defensive Midfielder,-1.52,5.51,-2.29,-1.7000000000000002
Sergio Guardiola Navarro,Real Valladolid,90,0.49,7.13,0.52,2.07,Defensive Midfielder,-2.0625,4.5775,-2.0325,-0.4825000000000004
Serhii Sydorchuk,Ukraine,282,0.13,9.88,0.52,2.07,Defensive Midfielder,-3.0200000000000005,6.73,-2.6300000000000003,-1.0800000000000005
Shaun Wright-Phillips,Manchester City,44,3.82,8.3,4.33,5.47,Defensive Midfielder,-1.6600000000000006,2.8200000000000003,-1.1500000000000004,-0.010000000000000675
Silas Katompa Mvumpa,VfB Stuttgart,281,5.9,6.76,4.63,2.07,Defensive Midfielder,1.0600000000000005,1.92,-0.20999999999999996,-2.77
Silvan Widmer,Udinese,27,3.23,8.11,6.2,6.62,Defensive Midfielder,-2.81,2.0699999999999994,0.16000000000000014,0.5800000000000001
Sofiane Boufal,Morocco,106,7.53,8.26,8.97,2.07,Defensive Midfielder,0.8225000000000007,1.5525000000000002,2.262500000000001,-4.637499999999999
Sorba Thomas,Wales,106,5.9,7.94,4.54,2.07,Defensive Midfielder,0.7875000000000005,2.8275000000000006,-0.5724999999999998,-3.0425
Stan Lazaridis,Birmingham City,44,1.48,9.71,2.47,6.68,Defensive Midfielder,-3.605000000000001,4.625,-2.6150000000000007,1.5949999999999989
Steffen Tigges,FC Köln,281,2.81,7.94,4.19,2.07,Defensive Midfielder,-1.4425000000000003,3.6875,-0.0625,-2.1825000000000006
Stephane Dalmat,Tottenham Hotspur,44,1.36,5.42,7.16,2.07,Defensive Midfielder,-2.6425,1.4174999999999995,3.1574999999999998,-1.9325000000000006
Stewart Downing,Middlesbrough,44,3.6,9.27,8.73,2.07,Defensive Midfielder,-2.3175000000000003,3.352499999999999,2.8125,-3.8475000000000006
Stuart Armstrong,Scotland,282,2.09,8.41,2.58,2.07,Defensive Midfielder,-1.6975000000000002,4.6225000000000005,-1.2075,-1.7175000000000002
Takefusa Kubo,Mallorca,42,1.28,9.01,4.03,2.07,Defensive Midfielder,-2.8175,4.9125,-0.0674999999999999,-2.0275000000000003
Takuma Asano,Bochum,281,1.62,7.94,3.74,2.07,Defensive Midfielder,-2.2225,4.0975,-0.10250000000000004,-1.7725000000000004
Takumi Minamino,AS Monaco,235,0.83,9.77,4.45,2.07,Defensive Midfielder,-3.45,5.489999999999999,0.16999999999999993,-2.2100000000000004
Thomas Lemar,Atlético Madrid,4,1.55,5.1,4.01,2.07,Defensive Midfielder,-1.6325,1.9174999999999995,0.8274999999999997,-1.1125000000000003
Tiago Manuel Dias Correia,Rayo Vallecano,4,1.92,9.38,4.89,6.68,Defensive Midfielder,-3.7975000000000003,3.6625000000000005,-0.8275000000000006,0.9624999999999995
Timothy Weah,Lille,108,4.09,8.46,8.65,5.78,Defensive Midfielder,-2.655000000000001,1.7149999999999999,1.9049999999999994,-0.9650000000000007
Tomáš Chorý,Czech Republic,282,0.27,5.26,1.87,2.07,Defensive Midfielder,-2.0974999999999997,2.8925,-0.4974999999999996,-0.2974999999999999
Umar Sadiq Mesbah,AS Roma,27,0.13,8.8,0.52,2.07,Defensive Midfielder,-2.7500000000000004,5.92,-2.3600000000000003,-0.8100000000000005
Uroš Đurđević,Palermo,27,0.67,8.8,9.57,2.07,Defensive Midfielder,-4.6075,3.522500000000001,4.2925,-3.2075
Veljko Birmančević,Toulouse,235,2.81,9.61,3.04,2.07,Defensive Midfielder,-1.5725000000000002,5.227499999999999,-1.3425000000000002,-2.3125000000000004
Vincent Marchetti,AC Ajaccio,235,5.64,7.62,6.14,2.07,Defensive Midfielder,0.27249999999999996,2.2525000000000004,0.7725,-3.2975
Vincent Sierro,Switzerland,282,0.7,3.19,1.49,2.07,Defensive Midfielder,-1.1624999999999999,1.3275000000000001,-0.37249999999999983,0.20750000000000002
Víctor Campuzano Bonilla,Espanyol,42,2.81,9.97,5.38,2.07,Defensive Midfielder,-2.2475,4.9125000000000005,0.3224999999999998,-2.9875000000000003
Víctor Machín Pérez,Atlético Madrid,4,1.18,6.42,1.84,2.07,Defensive Midfielder,-1.6975,3.5425,-1.0374999999999999,-0.8075000000000001
Wahbi Khazri,Tunisia,106,0.62,5.26,4.25,2.07,Defensive Midfielder,-2.4299999999999997,2.21,1.2000000000000002,-0.98
Wallace Oliveira dos Santos,Carpi,27,3.9,9.8,8.82,8.76,Defensive Midfielder,-3.9200000000000004,1.9800000000000004,1.0,0.9399999999999995
Yahia Attiyat allah,Morocco,106,2.81,9.77,4.19,2.07,Defensive Midfielder,-1.9,5.06,-0.5199999999999996,-2.64
Yann Bodiger,Cádiz,90,2.81,9.08,9.87,2.07,Defensive Midfielder,-3.1474999999999995,3.1225000000000005,3.9124999999999996,-3.8874999999999997
Yannick Ferreira Carrasco,Belgium,282,3.63,8.41,7.79,2.07,Defensive Midfielder,-1.8449999999999998,2.9350000000000005,2.3150000000000004,-3.405
Yannik Keitel,Freiburg,281,1.62,5.26,5.25,2.07,Defensive Midfielder,-1.9299999999999997,1.71,1.7000000000000002,-1.48
Yuki Soma,Japan,106,3.87,7.7,3.32,2.07,Defensive Midfielder,-0.3700000000000001,3.46,-0.9200000000000004,-2.1700000000000004
